id,city,city_name,name,category,instructions,large_sticker,source_title,source_url,source_page,official_page_url,official_page_updated,manual_date,verified_at,eco_plaza_hint
ena-1,ena,恵那市,IHクッキングヒーター,不燃ごみ,,,恵那市ごみ百科事典（令和7年4月1日現在）,https://www.city.ena.lg.jp/material/files/group/25/gomihyakka2025.pdf,26,https://www.city.ena.lg.jp/soshikiichiran/suidokankyobu/kankyoka/1/3/2/1741.html,2026-08-07,2025-04-01,2026-08-13,False
ena-2,ena,恵那市,アイスノン類（保冷剤）,可燃ごみ,,,恵那市ごみ百科事典（令和7年4月1日現在）,https://www.city.ena.lg.jp/material/files/group/25/gomihyakka2025.pdf,26,https://www.city.ena.lg.jp/soshikiichiran/suidokankyobu/kankyoka/1/3/2/1741.html,2026-08-07,2025-04-01,2026-08-13,False
ena-3,ena,恵那市,アイロン,不燃ごみ,,,恵那市ごみ百科事典（令和7年4月1日現在）,https://www.city.ena.lg.jp/material/files/group/25/gomihyakka2025.pdf,26,https://www.city.ena.lg.jp/soshikiichiran/suidokankyobu/kankyoka/1/3/2/1741.html,2026-08-07,2025-04-01,2026-08-13,False
ena-4,ena,恵那市,アイロン台,不燃ごみ,金属のついてない物は可燃ごみ。,,恵那市ごみ百科事典（令和7年4月1日現在）,https://www.city.ena.lg.jp/material/files/group/25/gomihyakka2025.pdf,26,https://www.city.ena.lg.jp/soshikiichiran/suidokankyobu/kankyoka/1/3/2/1741.html,2026-08-07,2025-04-01,2026-08-13,False
ena-5,ena,恵那市,アクリル板,可燃ごみ,50㎝角以内に切って出す。,,恵那市ごみ百科事典（令和7年4月1日現在）,https://www.city.ena.lg.jp/material/files/group/25/gomihyakka2025.pdf,26,https://www.city.ena.lg.jp/soshikiichiran/suidokankyobu/kankyoka/1/3/2/1741.html,2026-08-07,2025-04-01,2026-08-13,False
ena-6,ena,恵那市,アコーディオンカーテン,不燃ごみ,長さ1ｍ以内にする。袋に入らない場合は指定袋（大）をつ ける。1ｍ以内にできない場合は処理施設に直接持ち込む。,,恵那市ごみ百科事典（令和7年4月1日現在）,https://www.city.ena.lg.jp/material/files/group/25/gomihyakka2025.pdf,26,https://www.city.ena.lg.jp/soshikiichiran/suidokankyobu/kankyoka/1/3/2/1741.html,2026-08-07,2025-04-01,2026-08-13,False
ena-7,ena,恵那市,アスベスト,回収不可,,,恵那市ごみ百科事典（令和7年4月1日現在）,https://www.city.ena.lg.jp/material/files/group/25/gomihyakka2025.pdf,26,https://www.city.ena.lg.jp/soshikiichiran/suidokankyobu/kankyoka/1/3/2/1741.html,2026-08-07,2025-04-01,2026-08-13,False
ena-8,ena,恵那市,畔シート（マルチ）,回収不可,販売店に問い合わせる。,,恵那市ごみ百科事典（令和7年4月1日現在）,https://www.city.ena.lg.jp/material/files/group/25/gomihyakka2025.pdf,26,https://www.city.ena.lg.jp/soshikiichiran/suidokankyobu/kankyoka/1/3/2/1741.html,2026-08-07,2025-04-01,2026-08-13,False
ena-9,ena,恵那市,畦畔（あぜなみ）,回収不可,販売店へ問い合わせる。,,恵那市ごみ百科事典（令和7年4月1日現在）,https://www.city.ena.lg.jp/material/files/group/25/gomihyakka2025.pdf,26,https://www.city.ena.lg.jp/soshikiichiran/suidokankyobu/kankyoka/1/3/2/1741.html,2026-08-07,2025-04-01,2026-08-13,False
ena-10,ena,恵那市,油（食用）,資源ごみ,,,恵那市ごみ百科事典（令和7年4月1日現在）,https://www.city.ena.lg.jp/material/files/group/25/gomihyakka2025.pdf,26,https://www.city.ena.lg.jp/soshikiichiran/suidokankyobu/kankyoka/1/3/2/1741.html,2026-08-07,2025-04-01,2026-08-13,False
ena-11,ena,恵那市,油（機械用）,回収不可,販売店に問い合わせる。,,恵那市ごみ百科事典（令和7年4月1日現在）,https://www.city.ena.lg.jp/material/files/group/25/gomihyakka2025.pdf,26,https://www.city.ena.lg.jp/soshikiichiran/suidokankyobu/kankyoka/1/3/2/1741.html,2026-08-07,2025-04-01,2026-08-13,False
ena-12,ena,恵那市,油（潤滑油）,回収不可,販売店に問い合わせる。,,恵那市ごみ百科事典（令和7年4月1日現在）,https://www.city.ena.lg.jp/material/files/group/25/gomihyakka2025.pdf,26,https://www.city.ena.lg.jp/soshikiichiran/suidokankyobu/kankyoka/1/3/2/1741.html,2026-08-07,2025-04-01,2026-08-13,False
ena-13,ena,恵那市,雨どい（プラスチック・金属製）,不燃ごみ,長さ１ｍ以内にする。袋に入らない場合は指定袋（ 大） をつ ける。１ｍ以内にできない場合は処理施設に直接持ち込む。,,恵那市ごみ百科事典（令和7年4月1日現在）,https://www.city.ena.lg.jp/material/files/group/25/gomihyakka2025.pdf,26,https://www.city.ena.lg.jp/soshikiichiran/suidokankyobu/kankyoka/1/3/2/1741.html,2026-08-07,2025-04-01,2026-08-13,False
ena-14,ena,恵那市,網戸（金属製）,不燃ごみ,木・プラスチック製品、網部分は50㎝以内に切って可燃ご み。50㎝以内にできない場合は直接処理施設に持ち込む。,,恵那市ごみ百科事典（令和7年4月1日現在）,https://www.city.ena.lg.jp/material/files/group/25/gomihyakka2025.pdf,26,https://www.city.ena.lg.jp/soshikiichiran/suidokankyobu/kankyoka/1/3/2/1741.html,2026-08-07,2025-04-01,2026-08-13,False
ena-15,ena,恵那市,アルバム,可燃ごみ,金属部分は不燃ごみ。,,恵那市ごみ百科事典（令和7年4月1日現在）,https://www.city.ena.lg.jp/material/files/group/25/gomihyakka2025.pdf,26,https://www.city.ena.lg.jp/soshikiichiran/suidokankyobu/kankyoka/1/3/2/1741.html,2026-08-07,2025-04-01,2026-08-13,False
ena-16,ena,恵那市,アルミ缶,資源ごみ,水洗いして、つぶさずに出す。,,恵那市ごみ百科事典（令和7年4月1日現在）,https://www.city.ena.lg.jp/material/files/group/25/gomihyakka2025.pdf,26,https://www.city.ena.lg.jp/soshikiichiran/suidokankyobu/kankyoka/1/3/2/1741.html,2026-08-07,2025-04-01,2026-08-13,False
ena-17,ena,恵那市,アルミ缶のキャップ,不燃ごみ,,,恵那市ごみ百科事典（令和7年4月1日現在）,https://www.city.ena.lg.jp/material/files/group/25/gomihyakka2025.pdf,26,https://www.city.ena.lg.jp/soshikiichiran/suidokankyobu/kankyoka/1/3/2/1741.html,2026-08-07,2025-04-01,2026-08-13,False
ena-18,ena,恵那市,アルミコーティング袋（レトルト食品用）,可燃ごみ,中を空にして出す。,,恵那市ごみ百科事典（令和7年4月1日現在）,https://www.city.ena.lg.jp/material/files/group/25/gomihyakka2025.pdf,26,https://www.city.ena.lg.jp/soshikiichiran/suidokankyobu/kankyoka/1/3/2/1741.html,2026-08-07,2025-04-01,2026-08-13,False
ena-19,ena,恵那市,アルミ箔の鍋(うどん等),不燃ごみ,中を空にして出す。,,恵那市ごみ百科事典（令和7年4月1日現在）,https://www.city.ena.lg.jp/material/files/group/25/gomihyakka2025.pdf,26,https://www.city.ena.lg.jp/soshikiichiran/suidokankyobu/kankyoka/1/3/2/1741.html,2026-08-07,2025-04-01,2026-08-13,False
ena-20,ena,恵那市,アルミホイル（クッキングホイル）,不燃ごみ,芯・外箱（箱）は、資源ごみ。雑がみとしてリサイクル。,,恵那市ごみ百科事典（令和7年4月1日現在）,https://www.city.ena.lg.jp/material/files/group/25/gomihyakka2025.pdf,26,https://www.city.ena.lg.jp/soshikiichiran/suidokankyobu/kankyoka/1/3/2/1741.html,2026-08-07,2025-04-01,2026-08-13,False
ena-21,ena,恵那市,安全靴,不燃ごみ,,,恵那市ごみ百科事典（令和7年4月1日現在）,https://www.city.ena.lg.jp/material/files/group/25/gomihyakka2025.pdf,26,https://www.city.ena.lg.jp/soshikiichiran/suidokankyobu/kankyoka/1/3/2/1741.html,2026-08-07,2025-04-01,2026-08-13,False
ena-22,ena,恵那市,安全ピン,不燃ごみ,,,恵那市ごみ百科事典（令和7年4月1日現在）,https://www.city.ena.lg.jp/material/files/group/25/gomihyakka2025.pdf,26,https://www.city.ena.lg.jp/soshikiichiran/suidokankyobu/kankyoka/1/3/2/1741.html,2026-08-07,2025-04-01,2026-08-13,False
ena-23,ena,恵那市,アンテナ（テレビ用）,不燃ごみ,,,恵那市ごみ百科事典（令和7年4月1日現在）,https://www.city.ena.lg.jp/material/files/group/25/gomihyakka2025.pdf,26,https://www.city.ena.lg.jp/soshikiichiran/suidokankyobu/kankyoka/1/3/2/1741.html,2026-08-07,2025-04-01,2026-08-13,False
ena-24,ena,恵那市,アンプ（ステレオなど）,不燃ごみ,,,恵那市ごみ百科事典（令和7年4月1日現在）,https://www.city.ena.lg.jp/material/files/group/25/gomihyakka2025.pdf,26,https://www.city.ena.lg.jp/soshikiichiran/suidokankyobu/kankyoka/1/3/2/1741.html,2026-08-07,2025-04-01,2026-08-13,False
ena-25,ena,恵那市,育苗箱,回収不可,販売店に問い合わせる。,,恵那市ごみ百科事典（令和7年4月1日現在）,https://www.city.ena.lg.jp/material/files/group/25/gomihyakka2025.pdf,26,https://www.city.ena.lg.jp/soshikiichiran/suidokankyobu/kankyoka/1/3/2/1741.html,2026-08-07,2025-04-01,2026-08-13,False
ena-26,ena,恵那市,石,回収不可,,,恵那市ごみ百科事典（令和7年4月1日現在）,https://www.city.ena.lg.jp/material/files/group/25/gomihyakka2025.pdf,26,https://www.city.ena.lg.jp/soshikiichiran/suidokankyobu/kankyoka/1/3/2/1741.html,2026-08-07,2025-04-01,2026-08-13,False
ena-27,ena,恵那市,衣装ケース（プラスチック製）,可燃ごみ,金属部分は不燃ごみ。,,恵那市ごみ百科事典（令和7年4月1日現在）,https://www.city.ena.lg.jp/material/files/group/25/gomihyakka2025.pdf,26,https://www.city.ena.lg.jp/soshikiichiran/suidokankyobu/kankyoka/1/3/2/1741.html,2026-08-07,2025-04-01,2026-08-13,False
ena-28,ena,恵那市,いす（金属製）,不燃ごみ,木・プラスチック製品は可燃ごみ。,,恵那市ごみ百科事典（令和7年4月1日現在）,https://www.city.ena.lg.jp/material/files/group/25/gomihyakka2025.pdf,26,https://www.city.ena.lg.jp/soshikiichiran/suidokankyobu/kankyoka/1/3/2/1741.html,2026-08-07,2025-04-01,2026-08-13,False
ena-29,ena,恵那市,板ガラス,不燃ごみ,危険のないようガムテープ等で覆って出す。,,恵那市ごみ百科事典（令和7年4月1日現在）,https://www.city.ena.lg.jp/material/files/group/25/gomihyakka2025.pdf,26,https://www.city.ena.lg.jp/soshikiichiran/suidokankyobu/kankyoka/1/3/2/1741.html,2026-08-07,2025-04-01,2026-08-13,False
ena-30,ena,恵那市,板切れ,可燃ごみ,釘等は抜いて、50㎝角以内に切って出す。50㎝角以内に できない場合は処理施設に直接持ち込む。,,恵那市ごみ百科事典（令和7年4月1日現在）,https://www.city.ena.lg.jp/material/files/group/25/gomihyakka2025.pdf,26,https://www.city.ena.lg.jp/soshikiichiran/suidokankyobu/kankyoka/1/3/2/1741.html,2026-08-07,2025-04-01,2026-08-13,False
ena-31,ena,恵那市,一輪車（運搬用・運動用）,不燃ごみ,指定袋（大）をつけて出す。又は、直接処理施設に持ち込む。,,恵那市ごみ百科事典（令和7年4月1日現在）,https://www.city.ena.lg.jp/material/files/group/25/gomihyakka2025.pdf,26,https://www.city.ena.lg.jp/soshikiichiran/suidokankyobu/kankyoka/1/3/2/1741.html,2026-08-07,2025-04-01,2026-08-13,False
ena-32,ena,恵那市,一升びん（酒など）,資源ごみ,中をよく洗って出す。できるだけ販売店へ出す。,,恵那市ごみ百科事典（令和7年4月1日現在）,https://www.city.ena.lg.jp/material/files/group/25/gomihyakka2025.pdf,26,https://www.city.ena.lg.jp/soshikiichiran/suidokankyobu/kankyoka/1/3/2/1741.html,2026-08-07,2025-04-01,2026-08-13,False
ena-33,ena,恵那市,一斗缶,不燃ごみ,汚れのないものはエコプラザ回収可。,,恵那市ごみ百科事典（令和7年4月1日現在）,https://www.city.ena.lg.jp/material/files/group/25/gomihyakka2025.pdf,26,https://www.city.ena.lg.jp/soshikiichiran/suidokankyobu/kankyoka/1/3/2/1741.html,2026-08-07,2025-04-01,2026-08-13,True
ena-34,ena,恵那市,衣類（洗濯したきれいなもの）,資源ごみ,資源回収に出すか、処理施設へ直接搬入する（エコプラザ 回収可）。資源とならないものは、金属製のボタン・ファス ナーを取り、可燃ごみ。,,恵那市ごみ百科事典（令和7年4月1日現在）,https://www.city.ena.lg.jp/material/files/group/25/gomihyakka2025.pdf,26,https://www.city.ena.lg.jp/soshikiichiran/suidokankyobu/kankyoka/1/3/2/1741.html,2026-08-07,2025-04-01,2026-08-13,True
ena-35,ena,恵那市,衣類乾燥機,家電リサイクル,詳細は11・12ページ参照。,,恵那市ごみ百科事典（令和7年4月1日現在）,https://www.city.ena.lg.jp/material/files/group/25/gomihyakka2025.pdf,26,https://www.city.ena.lg.jp/soshikiichiran/suidokankyobu/kankyoka/1/3/2/1741.html,2026-08-07,2025-04-01,2026-08-13,False
ena-36,ena,恵那市,入れ歯,不燃ごみ,,,恵那市ごみ百科事典（令和7年4月1日現在）,https://www.city.ena.lg.jp/material/files/group/25/gomihyakka2025.pdf,26,https://www.city.ena.lg.jp/soshikiichiran/suidokankyobu/kankyoka/1/3/2/1741.html,2026-08-07,2025-04-01,2026-08-13,False
ena-37,ena,恵那市,印鑑,可燃ごみ,鉱石類製品は不燃ごみ。,,恵那市ごみ百科事典（令和7年4月1日現在）,https://www.city.ena.lg.jp/material/files/group/25/gomihyakka2025.pdf,27,https://www.city.ena.lg.jp/soshikiichiran/suidokankyobu/kankyoka/1/3/2/1741.html,2026-08-07,2025-04-01,2026-08-13,False
ena-38,ena,恵那市,インクカートリッジ,不燃ごみ,できるだけ販売店のリサイクルボックスへ。エコプラザ回 収可。,,恵那市ごみ百科事典（令和7年4月1日現在）,https://www.city.ena.lg.jp/material/files/group/25/gomihyakka2025.pdf,27,https://www.city.ena.lg.jp/soshikiichiran/suidokankyobu/kankyoka/1/3/2/1741.html,2026-08-07,2025-04-01,2026-08-13,True
ena-39,ena,恵那市,インクリボン,不燃ごみ,,,恵那市ごみ百科事典（令和7年4月1日現在）,https://www.city.ena.lg.jp/material/files/group/25/gomihyakka2025.pdf,27,https://www.city.ena.lg.jp/soshikiichiran/suidokankyobu/kankyoka/1/3/2/1741.html,2026-08-07,2025-04-01,2026-08-13,False
ena-40,ena,恵那市,植木（太さが直径10ｃｍ以内）,可燃ごみ,土を取り除き、長さ80㎝以内に切って出す。80㎝以内に できない場合は直接処理施設に持ち込む。,,恵那市ごみ百科事典（令和7年4月1日現在）,https://www.city.ena.lg.jp/material/files/group/25/gomihyakka2025.pdf,27,https://www.city.ena.lg.jp/soshikiichiran/suidokankyobu/kankyoka/1/3/2/1741.html,2026-08-07,2025-04-01,2026-08-13,False
ena-41,ena,恵那市,植木鉢（プラスチック製品、ポット）,可燃ごみ,土などを取り除いて出す。,,恵那市ごみ百科事典（令和7年4月1日現在）,https://www.city.ena.lg.jp/material/files/group/25/gomihyakka2025.pdf,27,https://www.city.ena.lg.jp/soshikiichiran/suidokankyobu/kankyoka/1/3/2/1741.html,2026-08-07,2025-04-01,2026-08-13,False
ena-42,ena,恵那市,植木鉢（陶器製）,不燃ごみ,土などを取り除いて出す。,,恵那市ごみ百科事典（令和7年4月1日現在）,https://www.city.ena.lg.jp/material/files/group/25/gomihyakka2025.pdf,27,https://www.city.ena.lg.jp/soshikiichiran/suidokankyobu/kankyoka/1/3/2/1741.html,2026-08-07,2025-04-01,2026-08-13,False
ena-43,ena,恵那市,植木鉢用支柱（木・プラスチック製）,可燃ごみ,長さ80㎝以内にして出す。80㎝以内にできない場合は直 接処理施設に持ち込む。金属製は不燃ごみ。,,恵那市ごみ百科事典（令和7年4月1日現在）,https://www.city.ena.lg.jp/material/files/group/25/gomihyakka2025.pdf,27,https://www.city.ena.lg.jp/soshikiichiran/suidokankyobu/kankyoka/1/3/2/1741.html,2026-08-07,2025-04-01,2026-08-13,False
ena-44,ena,恵那市,ウォーターサーバーのペットボトル,可燃ごみ,,,恵那市ごみ百科事典（令和7年4月1日現在）,https://www.city.ena.lg.jp/material/files/group/25/gomihyakka2025.pdf,27,https://www.city.ena.lg.jp/soshikiichiran/suidokankyobu/kankyoka/1/3/2/1741.html,2026-08-07,2025-04-01,2026-08-13,False
ena-45,ena,恵那市,浮輪,不燃ごみ,空気を抜いて出す。,,恵那市ごみ百科事典（令和7年4月1日現在）,https://www.city.ena.lg.jp/material/files/group/25/gomihyakka2025.pdf,27,https://www.city.ena.lg.jp/soshikiichiran/suidokankyobu/kankyoka/1/3/2/1741.html,2026-08-07,2025-04-01,2026-08-13,False
ena-46,ena,恵那市,うす（臼）,粗大ごみ,木製のうすは処理施設へ直接搬入。石製のうすは回収不可。,,恵那市ごみ百科事典（令和7年4月1日現在）,https://www.city.ena.lg.jp/material/files/group/25/gomihyakka2025.pdf,27,https://www.city.ena.lg.jp/soshikiichiran/suidokankyobu/kankyoka/1/3/2/1741.html,2026-08-07,2025-04-01,2026-08-13,False
ena-47,ena,恵那市,腕時計,不燃ごみ,,,恵那市ごみ百科事典（令和7年4月1日現在）,https://www.city.ena.lg.jp/material/files/group/25/gomihyakka2025.pdf,27,https://www.city.ena.lg.jp/soshikiichiran/suidokankyobu/kankyoka/1/3/2/1741.html,2026-08-07,2025-04-01,2026-08-13,False
ena-48,ena,恵那市,羽毛布団,可燃ごみ,指定袋（大）に入れる。入らない場合は、布団１枚につき、 １枚指定袋（大）を付けて出す。エコプラザ回収可。,,恵那市ごみ百科事典（令和7年4月1日現在）,https://www.city.ena.lg.jp/material/files/group/25/gomihyakka2025.pdf,27,https://www.city.ena.lg.jp/soshikiichiran/suidokankyobu/kankyoka/1/3/2/1741.html,2026-08-07,2025-04-01,2026-08-13,True
ena-49,ena,恵那市,運動靴,不燃ごみ,,,恵那市ごみ百科事典（令和7年4月1日現在）,https://www.city.ena.lg.jp/material/files/group/25/gomihyakka2025.pdf,27,https://www.city.ena.lg.jp/soshikiichiran/suidokankyobu/kankyoka/1/3/2/1741.html,2026-08-07,2025-04-01,2026-08-13,False
ena-50,ena,恵那市,エアコン（クーラー）,家電リサイクル,詳細は11・12ページ参照。,,恵那市ごみ百科事典（令和7年4月1日現在）,https://www.city.ena.lg.jp/material/files/group/25/gomihyakka2025.pdf,27,https://www.city.ena.lg.jp/soshikiichiran/suidokankyobu/kankyoka/1/3/2/1741.html,2026-08-07,2025-04-01,2026-08-13,False
ena-51,ena,恵那市,ACアダプター,不燃ごみ,,,恵那市ごみ百科事典（令和7年4月1日現在）,https://www.city.ena.lg.jp/material/files/group/25/gomihyakka2025.pdf,27,https://www.city.ena.lg.jp/soshikiichiran/suidokankyobu/kankyoka/1/3/2/1741.html,2026-08-07,2025-04-01,2026-08-13,False
ena-52,ena,恵那市,液晶テレビ,家電リサイクル,詳細は11・12ページ参照。,,恵那市ごみ百科事典（令和7年4月1日現在）,https://www.city.ena.lg.jp/material/files/group/25/gomihyakka2025.pdf,27,https://www.city.ena.lg.jp/soshikiichiran/suidokankyobu/kankyoka/1/3/2/1741.html,2026-08-07,2025-04-01,2026-08-13,False
ena-53,ena,恵那市,絵の具セット,可燃ごみ,金属部分、金属製品は不燃ごみ。分別して出す。,,恵那市ごみ百科事典（令和7年4月1日現在）,https://www.city.ena.lg.jp/material/files/group/25/gomihyakka2025.pdf,27,https://www.city.ena.lg.jp/soshikiichiran/suidokankyobu/kankyoka/1/3/2/1741.html,2026-08-07,2025-04-01,2026-08-13,False
ena-54,ena,恵那市,絵の具チューブ,可燃ごみ,中身を使い切って出す。金属製は不燃ごみ。,,恵那市ごみ百科事典（令和7年4月1日現在）,https://www.city.ena.lg.jp/material/files/group/25/gomihyakka2025.pdf,27,https://www.city.ena.lg.jp/soshikiichiran/suidokankyobu/kankyoka/1/3/2/1741.html,2026-08-07,2025-04-01,2026-08-13,False
ena-55,ena,恵那市,絵本,資源ごみ,資源回収または拠点回収に出す（エコプラザ回収可）。資源 とならないものは可燃ごみ。,,恵那市ごみ百科事典（令和7年4月1日現在）,https://www.city.ena.lg.jp/material/files/group/25/gomihyakka2025.pdf,27,https://www.city.ena.lg.jp/soshikiichiran/suidokankyobu/kankyoka/1/3/2/1741.html,2026-08-07,2025-04-01,2026-08-13,True
ena-56,ena,恵那市,MD（ミニディスク）,不燃ごみ,ケースは可燃ごみ。,,恵那市ごみ百科事典（令和7年4月1日現在）,https://www.city.ena.lg.jp/material/files/group/25/gomihyakka2025.pdf,27,https://www.city.ena.lg.jp/soshikiichiran/suidokankyobu/kankyoka/1/3/2/1741.html,2026-08-07,2025-04-01,2026-08-13,False
ena-57,ena,恵那市,LED蛍光管,不燃ごみ,指定袋（大）に入れて出す。袋からはみ出ていても回収可。,,恵那市ごみ百科事典（令和7年4月1日現在）,https://www.city.ena.lg.jp/material/files/group/25/gomihyakka2025.pdf,27,https://www.city.ena.lg.jp/soshikiichiran/suidokankyobu/kankyoka/1/3/2/1741.html,2026-08-07,2025-04-01,2026-08-13,False
ena-58,ena,恵那市,LED電球,不燃ごみ,,,恵那市ごみ百科事典（令和7年4月1日現在）,https://www.city.ena.lg.jp/material/files/group/25/gomihyakka2025.pdf,27,https://www.city.ena.lg.jp/soshikiichiran/suidokankyobu/kankyoka/1/3/2/1741.html,2026-08-07,2025-04-01,2026-08-13,False
ena-59,ena,恵那市,エレクトーン,粗大ごみ,ステーションに出す場合は可燃と不燃に分け、可燃は50㎝ 以内・不燃は1ｍ以内にして出す。小さくできない場合は 直接処理施設に持ち込む。,,恵那市ごみ百科事典（令和7年4月1日現在）,https://www.city.ena.lg.jp/material/files/group/25/gomihyakka2025.pdf,27,https://www.city.ena.lg.jp/soshikiichiran/suidokankyobu/kankyoka/1/3/2/1741.html,2026-08-07,2025-04-01,2026-08-13,False
ena-60,ena,恵那市,延長コード,不燃ごみ,エコプラザ回収可。,,恵那市ごみ百科事典（令和7年4月1日現在）,https://www.city.ena.lg.jp/material/files/group/25/gomihyakka2025.pdf,27,https://www.city.ena.lg.jp/soshikiichiran/suidokankyobu/kankyoka/1/3/2/1741.html,2026-08-07,2025-04-01,2026-08-13,True
ena-61,ena,恵那市,塩ビ管（家庭用のものに限る）,不燃ごみ,1ｍ以内にして出す。袋に入らない場合は指定袋（大）をつ ける。1ｍ以内にできない場合は直接処理施設に持ち込む。,,恵那市ごみ百科事典（令和7年4月1日現在）,https://www.city.ena.lg.jp/material/files/group/25/gomihyakka2025.pdf,27,https://www.city.ena.lg.jp/soshikiichiran/suidokankyobu/kankyoka/1/3/2/1741.html,2026-08-07,2025-04-01,2026-08-13,False
ena-62,ena,恵那市,鉛筆（芯も含む）,可燃ごみ,,,恵那市ごみ百科事典（令和7年4月1日現在）,https://www.city.ena.lg.jp/material/files/group/25/gomihyakka2025.pdf,27,https://www.city.ena.lg.jp/soshikiichiran/suidokankyobu/kankyoka/1/3/2/1741.html,2026-08-07,2025-04-01,2026-08-13,False
ena-63,ena,恵那市,オイル（自動車用など）,回収不可,販売店・ガソリンスタンドに問い合わせる。,,恵那市ごみ百科事典（令和7年4月1日現在）,https://www.city.ena.lg.jp/material/files/group/25/gomihyakka2025.pdf,27,https://www.city.ena.lg.jp/soshikiichiran/suidokankyobu/kankyoka/1/3/2/1741.html,2026-08-07,2025-04-01,2026-08-13,False
ena-64,ena,恵那市,オイルヒーター,不燃ごみ,,,恵那市ごみ百科事典（令和7年4月1日現在）,https://www.city.ena.lg.jp/material/files/group/25/gomihyakka2025.pdf,27,https://www.city.ena.lg.jp/soshikiichiran/suidokankyobu/kankyoka/1/3/2/1741.html,2026-08-07,2025-04-01,2026-08-13,False
ena-65,ena,恵那市,オーディオ機器,不燃ごみ,使用可能なものはエコプラザ回収可。,,恵那市ごみ百科事典（令和7年4月1日現在）,https://www.city.ena.lg.jp/material/files/group/25/gomihyakka2025.pdf,27,https://www.city.ena.lg.jp/soshikiichiran/suidokankyobu/kankyoka/1/3/2/1741.html,2026-08-07,2025-04-01,2026-08-13,True
ena-66,ena,恵那市,オートバイ,回収不可,販売店に問い合わせる。,,恵那市ごみ百科事典（令和7年4月1日現在）,https://www.city.ena.lg.jp/material/files/group/25/gomihyakka2025.pdf,27,https://www.city.ena.lg.jp/soshikiichiran/suidokankyobu/kankyoka/1/3/2/1741.html,2026-08-07,2025-04-01,2026-08-13,False
ena-67,ena,恵那市,オーブンレンジ,不燃ごみ,中にごみを入れない。,,恵那市ごみ百科事典（令和7年4月1日現在）,https://www.city.ena.lg.jp/material/files/group/25/gomihyakka2025.pdf,27,https://www.city.ena.lg.jp/soshikiichiran/suidokankyobu/kankyoka/1/3/2/1741.html,2026-08-07,2025-04-01,2026-08-13,False
ena-68,ena,恵那市,オーブントースター,不燃ごみ,中にごみを入れない。,,恵那市ごみ百科事典（令和7年4月1日現在）,https://www.city.ena.lg.jp/material/files/group/25/gomihyakka2025.pdf,27,https://www.city.ena.lg.jp/soshikiichiran/suidokankyobu/kankyoka/1/3/2/1741.html,2026-08-07,2025-04-01,2026-08-13,False
ena-69,ena,恵那市,桶（木・プラスチック製）,可燃ごみ,金属部分は不燃ごみ。,,恵那市ごみ百科事典（令和7年4月1日現在）,https://www.city.ena.lg.jp/material/files/group/25/gomihyakka2025.pdf,27,https://www.city.ena.lg.jp/soshikiichiran/suidokankyobu/kankyoka/1/3/2/1741.html,2026-08-07,2025-04-01,2026-08-13,False
ena-70,ena,恵那市,お玉（しゃくし）,可燃ごみ,金属部分は不燃ごみ。,,恵那市ごみ百科事典（令和7年4月1日現在）,https://www.city.ena.lg.jp/material/files/group/25/gomihyakka2025.pdf,27,https://www.city.ena.lg.jp/soshikiichiran/suidokankyobu/kankyoka/1/3/2/1741.html,2026-08-07,2025-04-01,2026-08-13,False
ena-71,ena,恵那市,落ち葉,可燃ごみ,乾かして、土などを取り除いて出す。,,恵那市ごみ百科事典（令和7年4月1日現在）,https://www.city.ena.lg.jp/material/files/group/25/gomihyakka2025.pdf,27,https://www.city.ena.lg.jp/soshikiichiran/suidokankyobu/kankyoka/1/3/2/1741.html,2026-08-07,2025-04-01,2026-08-13,False
ena-72,ena,恵那市,帯,可燃ごみ,50㎝以内に切って出す。処理施設に直接搬入する場合は切 らなくてもよい。,,恵那市ごみ百科事典（令和7年4月1日現在）,https://www.city.ena.lg.jp/material/files/group/25/gomihyakka2025.pdf,27,https://www.city.ena.lg.jp/soshikiichiran/suidokankyobu/kankyoka/1/3/2/1741.html,2026-08-07,2025-04-01,2026-08-13,False
ena-73,ena,恵那市,お盆,可燃ごみ,金属・陶器製は不燃ごみ。,,恵那市ごみ百科事典（令和7年4月1日現在）,https://www.city.ena.lg.jp/material/files/group/25/gomihyakka2025.pdf,27,https://www.city.ena.lg.jp/soshikiichiran/suidokankyobu/kankyoka/1/3/2/1741.html,2026-08-07,2025-04-01,2026-08-13,False
ena-74,ena,恵那市,おまる,可燃ごみ,金属部分は不燃ごみ。,,恵那市ごみ百科事典（令和7年4月1日現在）,https://www.city.ena.lg.jp/material/files/group/25/gomihyakka2025.pdf,27,https://www.city.ena.lg.jp/soshikiichiran/suidokankyobu/kankyoka/1/3/2/1741.html,2026-08-07,2025-04-01,2026-08-13,False
ena-75,ena,恵那市,おむつ,可燃ごみ,汚物は取り除いて出す。,,恵那市ごみ百科事典（令和7年4月1日現在）,https://www.city.ena.lg.jp/material/files/group/25/gomihyakka2025.pdf,27,https://www.city.ena.lg.jp/soshikiichiran/suidokankyobu/kankyoka/1/3/2/1741.html,2026-08-07,2025-04-01,2026-08-13,False
ena-76,ena,恵那市,おもちゃ（木・プラスチック製）,可燃ごみ,金属部分は不燃ごみ。電池は処理困難ごみ。,,恵那市ごみ百科事典（令和7年4月1日現在）,https://www.city.ena.lg.jp/material/files/group/25/gomihyakka2025.pdf,27,https://www.city.ena.lg.jp/soshikiichiran/suidokankyobu/kankyoka/1/3/2/1741.html,2026-08-07,2025-04-01,2026-08-13,False
ena-77,ena,恵那市,折りたたみイス,不燃ごみ,布部分は切って可燃ごみ、分別して出す。,,恵那市ごみ百科事典（令和7年4月1日現在）,https://www.city.ena.lg.jp/material/files/group/25/gomihyakka2025.pdf,27,https://www.city.ena.lg.jp/soshikiichiran/suidokankyobu/kankyoka/1/3/2/1741.html,2026-08-07,2025-04-01,2026-08-13,False
ena-78,ena,恵那市,オルガン,粗大ごみ,ステーションに出す場合は可燃と不燃に分け、可燃は50㎝ 以内・不燃は1ｍ以内にして出す。小さくできない場合は 直接処理施設に持ち込む。,,恵那市ごみ百科事典（令和7年4月1日現在）,https://www.city.ena.lg.jp/material/files/group/25/gomihyakka2025.pdf,27,https://www.city.ena.lg.jp/soshikiichiran/suidokankyobu/kankyoka/1/3/2/1741.html,2026-08-07,2025-04-01,2026-08-13,False
ena-79,ena,恵那市,オルゴール,不燃ごみ,,,恵那市ごみ百科事典（令和7年4月1日現在）,https://www.city.ena.lg.jp/material/files/group/25/gomihyakka2025.pdf,27,https://www.city.ena.lg.jp/soshikiichiran/suidokankyobu/kankyoka/1/3/2/1741.html,2026-08-07,2025-04-01,2026-08-13,False
ena-80,ena,恵那市,お椀,可燃ごみ,,,恵那市ごみ百科事典（令和7年4月1日現在）,https://www.city.ena.lg.jp/material/files/group/25/gomihyakka2025.pdf,27,https://www.city.ena.lg.jp/soshikiichiran/suidokankyobu/kankyoka/1/3/2/1741.html,2026-08-07,2025-04-01,2026-08-13,False
ena-81,ena,恵那市,温度計,不燃ごみ,水銀温度計は処理困難ごみ。,,恵那市ごみ百科事典（令和7年4月1日現在）,https://www.city.ena.lg.jp/material/files/group/25/gomihyakka2025.pdf,27,https://www.city.ena.lg.jp/soshikiichiran/suidokankyobu/kankyoka/1/3/2/1741.html,2026-08-07,2025-04-01,2026-08-13,False
ena-82,ena,恵那市,カーステレオ,不燃ごみ,,,恵那市ごみ百科事典（令和7年4月1日現在）,https://www.city.ena.lg.jp/material/files/group/25/gomihyakka2025.pdf,27,https://www.city.ena.lg.jp/soshikiichiran/suidokankyobu/kankyoka/1/3/2/1741.html,2026-08-07,2025-04-01,2026-08-13,False
ena-83,ena,恵那市,カーテン（布製・レース）,可燃ごみ,50㎝以内に切って出す。50㎝以内にできない場合は直接 処理施設に持ち込む。金属部分は不燃ごみ。,,恵那市ごみ百科事典（令和7年4月1日現在）,https://www.city.ena.lg.jp/material/files/group/25/gomihyakka2025.pdf,28,https://www.city.ena.lg.jp/soshikiichiran/suidokankyobu/kankyoka/1/3/2/1741.html,2026-08-07,2025-04-01,2026-08-13,False
ena-84,ena,恵那市,カーテンレール,不燃ごみ,長さ１ｍ以内にする。袋に入らない場合は指定袋（大）を つける。1ｍ以内にできない場合は処理施設に直接持ち込む。,,恵那市ごみ百科事典（令和7年4月1日現在）,https://www.city.ena.lg.jp/material/files/group/25/gomihyakka2025.pdf,28,https://www.city.ena.lg.jp/soshikiichiran/suidokankyobu/kankyoka/1/3/2/1741.html,2026-08-07,2025-04-01,2026-08-13,False
ena-85,ena,恵那市,カード（キャッシュカード等）,可燃ごみ,,,恵那市ごみ百科事典（令和7年4月1日現在）,https://www.city.ena.lg.jp/material/files/group/25/gomihyakka2025.pdf,28,https://www.city.ena.lg.jp/soshikiichiran/suidokankyobu/kankyoka/1/3/2/1741.html,2026-08-07,2025-04-01,2026-08-13,False
ena-86,ena,恵那市,カーナビ,不燃ごみ,,,恵那市ごみ百科事典（令和7年4月1日現在）,https://www.city.ena.lg.jp/material/files/group/25/gomihyakka2025.pdf,28,https://www.city.ena.lg.jp/soshikiichiran/suidokankyobu/kankyoka/1/3/2/1741.html,2026-08-07,2025-04-01,2026-08-13,False
ena-87,ena,恵那市,カーボン紙,可燃ごみ,,,恵那市ごみ百科事典（令和7年4月1日現在）,https://www.city.ena.lg.jp/material/files/group/25/gomihyakka2025.pdf,28,https://www.city.ena.lg.jp/soshikiichiran/suidokankyobu/kankyoka/1/3/2/1741.html,2026-08-07,2025-04-01,2026-08-13,False
ena-88,ena,恵那市,カーマット（車用フロアマット）,可燃ごみ,金属部分は不燃ごみ。,,恵那市ごみ百科事典（令和7年4月1日現在）,https://www.city.ena.lg.jp/material/files/group/25/gomihyakka2025.pdf,28,https://www.city.ena.lg.jp/soshikiichiran/suidokankyobu/kankyoka/1/3/2/1741.html,2026-08-07,2025-04-01,2026-08-13,False
ena-89,ena,恵那市,貝殻,可燃ごみ,,,恵那市ごみ百科事典（令和7年4月1日現在）,https://www.city.ena.lg.jp/material/files/group/25/gomihyakka2025.pdf,28,https://www.city.ena.lg.jp/soshikiichiran/suidokankyobu/kankyoka/1/3/2/1741.html,2026-08-07,2025-04-01,2026-08-13,False
ena-90,ena,恵那市,懐中電灯,不燃ごみ,電池は処理困難ごみ。,,恵那市ごみ百科事典（令和7年4月1日現在）,https://www.city.ena.lg.jp/material/files/group/25/gomihyakka2025.pdf,28,https://www.city.ena.lg.jp/soshikiichiran/suidokankyobu/kankyoka/1/3/2/1741.html,2026-08-07,2025-04-01,2026-08-13,False
ena-91,ena,恵那市,買い物かご,可燃ごみ,金属部分は不燃ごみ。,,恵那市ごみ百科事典（令和7年4月1日現在）,https://www.city.ena.lg.jp/material/files/group/25/gomihyakka2025.pdf,28,https://www.city.ena.lg.jp/soshikiichiran/suidokankyobu/kankyoka/1/3/2/1741.html,2026-08-07,2025-04-01,2026-08-13,False
ena-92,ena,恵那市,カイロ（使い捨て・金属製）,不燃ごみ,未使用のものは回収不可。,,恵那市ごみ百科事典（令和7年4月1日現在）,https://www.city.ena.lg.jp/material/files/group/25/gomihyakka2025.pdf,28,https://www.city.ena.lg.jp/soshikiichiran/suidokankyobu/kankyoka/1/3/2/1741.html,2026-08-07,2025-04-01,2026-08-13,False
ena-93,ena,恵那市,鏡,不燃ごみ,割れた鏡は危険のないように包んで出す。,,恵那市ごみ百科事典（令和7年4月1日現在）,https://www.city.ena.lg.jp/material/files/group/25/gomihyakka2025.pdf,28,https://www.city.ena.lg.jp/soshikiichiran/suidokankyobu/kankyoka/1/3/2/1741.html,2026-08-07,2025-04-01,2026-08-13,False
ena-94,ena,恵那市,額縁（木・プラスチック製）,可燃ごみ,金属・ガラス部分は不燃ごみ。※木・プラスチック・金属 の分別（解体）が難しい場合不燃ごみ。,,恵那市ごみ百科事典（令和7年4月1日現在）,https://www.city.ena.lg.jp/material/files/group/25/gomihyakka2025.pdf,28,https://www.city.ena.lg.jp/soshikiichiran/suidokankyobu/kankyoka/1/3/2/1741.html,2026-08-07,2025-04-01,2026-08-13,False
ena-95,ena,恵那市,角材（太さ10センチ以内まで）,粗大ごみ,可燃ごみとして出す場合は、長さ80㎝以内にして釘等を抜 く。80㎝以内にできない場合は直接処理施設に持ち込む。,,恵那市ごみ百科事典（令和7年4月1日現在）,https://www.city.ena.lg.jp/material/files/group/25/gomihyakka2025.pdf,28,https://www.city.ena.lg.jp/soshikiichiran/suidokankyobu/kankyoka/1/3/2/1741.html,2026-08-07,2025-04-01,2026-08-13,False
ena-96,ena,恵那市,家具類（木・プラスチック製）,粗大ごみ,ステーションに出す場合は可燃と不燃に分け、可燃は50㎝ 以内・不燃は1ｍ以内にして出す。小さくできない場合は 直接処理施設に持ち込む。,,恵那市ごみ百科事典（令和7年4月1日現在）,https://www.city.ena.lg.jp/material/files/group/25/gomihyakka2025.pdf,28,https://www.city.ena.lg.jp/soshikiichiran/suidokankyobu/kankyoka/1/3/2/1741.html,2026-08-07,2025-04-01,2026-08-13,False
ena-97,ena,恵那市,傘,不燃ごみ,分解する必要はない。,,恵那市ごみ百科事典（令和7年4月1日現在）,https://www.city.ena.lg.jp/material/files/group/25/gomihyakka2025.pdf,28,https://www.city.ena.lg.jp/soshikiichiran/suidokankyobu/kankyoka/1/3/2/1741.html,2026-08-07,2025-04-01,2026-08-13,False
ena-98,ena,恵那市,傘立て,不燃ごみ,木・プラスチック製品は可燃ごみ。金属・木・プラスチッ ク混合製品は不燃ごみ。,,恵那市ごみ百科事典（令和7年4月1日現在）,https://www.city.ena.lg.jp/material/files/group/25/gomihyakka2025.pdf,28,https://www.city.ena.lg.jp/soshikiichiran/suidokankyobu/kankyoka/1/3/2/1741.html,2026-08-07,2025-04-01,2026-08-13,False
ena-99,ena,恵那市,加湿器,不燃ごみ,,,恵那市ごみ百科事典（令和7年4月1日現在）,https://www.city.ena.lg.jp/material/files/group/25/gomihyakka2025.pdf,28,https://www.city.ena.lg.jp/soshikiichiran/suidokankyobu/kankyoka/1/3/2/1741.html,2026-08-07,2025-04-01,2026-08-13,False
ena-100,ena,恵那市,ガスオーブンレンジ,不燃ごみ,中にごみを入れない。,,恵那市ごみ百科事典（令和7年4月1日現在）,https://www.city.ena.lg.jp/material/files/group/25/gomihyakka2025.pdf,28,https://www.city.ena.lg.jp/soshikiichiran/suidokankyobu/kankyoka/1/3/2/1741.html,2026-08-07,2025-04-01,2026-08-13,False
ena-101,ena,恵那市,ガスコンロ,不燃ごみ,電池は処理困難ごみ。,,恵那市ごみ百科事典（令和7年4月1日現在）,https://www.city.ena.lg.jp/material/files/group/25/gomihyakka2025.pdf,28,https://www.city.ena.lg.jp/soshikiichiran/suidokankyobu/kankyoka/1/3/2/1741.html,2026-08-07,2025-04-01,2026-08-13,False
ena-102,ena,恵那市,ガスボンベ（LPガス）,回収不可,販売店に問い合わせる。,,恵那市ごみ百科事典（令和7年4月1日現在）,https://www.city.ena.lg.jp/material/files/group/25/gomihyakka2025.pdf,28,https://www.city.ena.lg.jp/soshikiichiran/suidokankyobu/kankyoka/1/3/2/1741.html,2026-08-07,2025-04-01,2026-08-13,False
ena-103,ena,恵那市,ガス湯沸器,不燃ごみ,電池は処理困難ごみ。,,恵那市ごみ百科事典（令和7年4月1日現在）,https://www.city.ena.lg.jp/material/files/group/25/gomihyakka2025.pdf,28,https://www.city.ena.lg.jp/soshikiichiran/suidokankyobu/kankyoka/1/3/2/1741.html,2026-08-07,2025-04-01,2026-08-13,False
ena-104,ena,恵那市,カセットガスボンベ,不燃ごみ,中身を使い切って、穴を開ける。キャップは可燃ごみ。,,恵那市ごみ百科事典（令和7年4月1日現在）,https://www.city.ena.lg.jp/material/files/group/25/gomihyakka2025.pdf,28,https://www.city.ena.lg.jp/soshikiichiran/suidokankyobu/kankyoka/1/3/2/1741.html,2026-08-07,2025-04-01,2026-08-13,False
ena-105,ena,恵那市,カセットコンロ,不燃ごみ,,,恵那市ごみ百科事典（令和7年4月1日現在）,https://www.city.ena.lg.jp/material/files/group/25/gomihyakka2025.pdf,28,https://www.city.ena.lg.jp/soshikiichiran/suidokankyobu/kankyoka/1/3/2/1741.html,2026-08-07,2025-04-01,2026-08-13,False
ena-106,ena,恵那市,カセットテープ,不燃ごみ,ケースは可燃ごみ。,,恵那市ごみ百科事典（令和7年4月1日現在）,https://www.city.ena.lg.jp/material/files/group/25/gomihyakka2025.pdf,28,https://www.city.ena.lg.jp/soshikiichiran/suidokankyobu/kankyoka/1/3/2/1741.html,2026-08-07,2025-04-01,2026-08-13,False
ena-107,ena,恵那市,カセットデッキ,不燃ごみ,電池は処理困難ごみ。,,恵那市ごみ百科事典（令和7年4月1日現在）,https://www.city.ena.lg.jp/material/files/group/25/gomihyakka2025.pdf,28,https://www.city.ena.lg.jp/soshikiichiran/suidokankyobu/kankyoka/1/3/2/1741.html,2026-08-07,2025-04-01,2026-08-13,False
ena-108,ena,恵那市,ガソリン缶,不燃ごみ,中身を空にして出す。,,恵那市ごみ百科事典（令和7年4月1日現在）,https://www.city.ena.lg.jp/material/files/group/25/gomihyakka2025.pdf,28,https://www.city.ena.lg.jp/soshikiichiran/suidokankyobu/kankyoka/1/3/2/1741.html,2026-08-07,2025-04-01,2026-08-13,False
ena-109,ena,恵那市,カッターナイフ,不燃ごみ,刃が出ているものは、ガムテープ等で覆って出す。,,恵那市ごみ百科事典（令和7年4月1日現在）,https://www.city.ena.lg.jp/material/files/group/25/gomihyakka2025.pdf,28,https://www.city.ena.lg.jp/soshikiichiran/suidokankyobu/kankyoka/1/3/2/1741.html,2026-08-07,2025-04-01,2026-08-13,False
ena-110,ena,恵那市,カッパ,不燃ごみ,,,恵那市ごみ百科事典（令和7年4月1日現在）,https://www.city.ena.lg.jp/material/files/group/25/gomihyakka2025.pdf,28,https://www.city.ena.lg.jp/soshikiichiran/suidokankyobu/kankyoka/1/3/2/1741.html,2026-08-07,2025-04-01,2026-08-13,False
ena-111,ena,恵那市,かつら,可燃ごみ,金属部分は不燃ごみ。,,恵那市ごみ百科事典（令和7年4月1日現在）,https://www.city.ena.lg.jp/material/files/group/25/gomihyakka2025.pdf,28,https://www.city.ena.lg.jp/soshikiichiran/suidokankyobu/kankyoka/1/3/2/1741.html,2026-08-07,2025-04-01,2026-08-13,False
ena-112,ena,恵那市,金網,不燃ごみ,長さ１ｍ以内にする。袋に入らない場合は指定袋（大）を つける。1ｍ以内にできない場合は処理施設に直接持ち込む。,,恵那市ごみ百科事典（令和7年4月1日現在）,https://www.city.ena.lg.jp/material/files/group/25/gomihyakka2025.pdf,28,https://www.city.ena.lg.jp/soshikiichiran/suidokankyobu/kankyoka/1/3/2/1741.html,2026-08-07,2025-04-01,2026-08-13,False
ena-113,ena,恵那市,かなづち,不燃ごみ,※分別できる場合：木・プラスチック製の柄は可燃ごみ。,,恵那市ごみ百科事典（令和7年4月1日現在）,https://www.city.ena.lg.jp/material/files/group/25/gomihyakka2025.pdf,28,https://www.city.ena.lg.jp/soshikiichiran/suidokankyobu/kankyoka/1/3/2/1741.html,2026-08-07,2025-04-01,2026-08-13,False
ena-114,ena,恵那市,かばん,不燃ごみ,,,恵那市ごみ百科事典（令和7年4月1日現在）,https://www.city.ena.lg.jp/material/files/group/25/gomihyakka2025.pdf,28,https://www.city.ena.lg.jp/soshikiichiran/suidokankyobu/kankyoka/1/3/2/1741.html,2026-08-07,2025-04-01,2026-08-13,False
ena-115,ena,恵那市,画びょう（押しピン）,不燃ごみ,ガムテープ等で覆って出す。,,恵那市ごみ百科事典（令和7年4月1日現在）,https://www.city.ena.lg.jp/material/files/group/25/gomihyakka2025.pdf,28,https://www.city.ena.lg.jp/soshikiichiran/suidokankyobu/kankyoka/1/3/2/1741.html,2026-08-07,2025-04-01,2026-08-13,False
ena-116,ena,恵那市,花びん,不燃ごみ,プラスチック製品は可燃ごみ。,,恵那市ごみ百科事典（令和7年4月1日現在）,https://www.city.ena.lg.jp/material/files/group/25/gomihyakka2025.pdf,28,https://www.city.ena.lg.jp/soshikiichiran/suidokankyobu/kankyoka/1/3/2/1741.html,2026-08-07,2025-04-01,2026-08-13,False
ena-117,ena,恵那市,壁紙（クロス）,可燃ごみ,50㎝以内に切って出す。50㎝以内にできない場合は直接 処理施設に持ち込む。,,恵那市ごみ百科事典（令和7年4月1日現在）,https://www.city.ena.lg.jp/material/files/group/25/gomihyakka2025.pdf,28,https://www.city.ena.lg.jp/soshikiichiran/suidokankyobu/kankyoka/1/3/2/1741.html,2026-08-07,2025-04-01,2026-08-13,False
ena-118,ena,恵那市,鎌,不燃ごみ,刃をガムテープ等で覆って出す。※分別できる場合：木・ プラスチック製の柄は可燃ごみ。,,恵那市ごみ百科事典（令和7年4月1日現在）,https://www.city.ena.lg.jp/material/files/group/25/gomihyakka2025.pdf,28,https://www.city.ena.lg.jp/soshikiichiran/suidokankyobu/kankyoka/1/3/2/1741.html,2026-08-07,2025-04-01,2026-08-13,False
ena-119,ena,恵那市,紙おむつ,可燃ごみ,汚物は取り除いて出す。,,恵那市ごみ百科事典（令和7年4月1日現在）,https://www.city.ena.lg.jp/material/files/group/25/gomihyakka2025.pdf,28,https://www.city.ena.lg.jp/soshikiichiran/suidokankyobu/kankyoka/1/3/2/1741.html,2026-08-07,2025-04-01,2026-08-13,False
ena-120,ena,恵那市,紙コップ,可燃ごみ,できるだけ使い捨ては避けましょう。,,恵那市ごみ百科事典（令和7年4月1日現在）,https://www.city.ena.lg.jp/material/files/group/25/gomihyakka2025.pdf,28,https://www.city.ena.lg.jp/soshikiichiran/suidokankyobu/kankyoka/1/3/2/1741.html,2026-08-07,2025-04-01,2026-08-13,False
ena-121,ena,恵那市,紙皿,可燃ごみ,できるだけ使い捨て商品は避けましょう。,,恵那市ごみ百科事典（令和7年4月1日現在）,https://www.city.ena.lg.jp/material/files/group/25/gomihyakka2025.pdf,28,https://www.city.ena.lg.jp/soshikiichiran/suidokankyobu/kankyoka/1/3/2/1741.html,2026-08-07,2025-04-01,2026-08-13,False
ena-122,ena,恵那市,かみそり,不燃ごみ,刃の部分はガムテープ等で覆って出す。,,恵那市ごみ百科事典（令和7年4月1日現在）,https://www.city.ena.lg.jp/material/files/group/25/gomihyakka2025.pdf,28,https://www.city.ena.lg.jp/soshikiichiran/suidokankyobu/kankyoka/1/3/2/1741.html,2026-08-07,2025-04-01,2026-08-13,False
ena-123,ena,恵那市,紙パック（飲料用）,資源ごみ,中をよく洗い、開いて乾かしてから資源回収またはスーパー 等の回収所に出す（エコプラザ可）。資源回収に出せないも のは可燃ごみ。,,恵那市ごみ百科事典（令和7年4月1日現在）,https://www.city.ena.lg.jp/material/files/group/25/gomihyakka2025.pdf,28,https://www.city.ena.lg.jp/soshikiichiran/suidokankyobu/kankyoka/1/3/2/1741.html,2026-08-07,2025-04-01,2026-08-13,True
ena-124,ena,恵那市,カメラ,不燃ごみ,電池は処理困難ごみ。,,恵那市ごみ百科事典（令和7年4月1日現在）,https://www.city.ena.lg.jp/material/files/group/25/gomihyakka2025.pdf,28,https://www.city.ena.lg.jp/soshikiichiran/suidokankyobu/kankyoka/1/3/2/1741.html,2026-08-07,2025-04-01,2026-08-13,False
ena-125,ena,恵那市,カメラのケース,可燃ごみ,金属部分は不燃ごみ。,,恵那市ごみ百科事典（令和7年4月1日現在）,https://www.city.ena.lg.jp/material/files/group/25/gomihyakka2025.pdf,28,https://www.city.ena.lg.jp/soshikiichiran/suidokankyobu/kankyoka/1/3/2/1741.html,2026-08-07,2025-04-01,2026-08-13,False
ena-126,ena,恵那市,蚊帳,可燃ごみ,50㎝以内に切って出す。50㎝以内にできない場合は直接 処理施設に持ち込む。金属部分は不燃ごみ。,,恵那市ごみ百科事典（令和7年4月1日現在）,https://www.city.ena.lg.jp/material/files/group/25/gomihyakka2025.pdf,28,https://www.city.ena.lg.jp/soshikiichiran/suidokankyobu/kankyoka/1/3/2/1741.html,2026-08-07,2025-04-01,2026-08-13,False
ena-127,ena,恵那市,火薬,回収不可,販売店へ問い合わせる。,,恵那市ごみ百科事典（令和7年4月1日現在）,https://www.city.ena.lg.jp/material/files/group/25/gomihyakka2025.pdf,28,https://www.city.ena.lg.jp/soshikiichiran/suidokankyobu/kankyoka/1/3/2/1741.html,2026-08-07,2025-04-01,2026-08-13,False
ena-128,ena,恵那市,カラーボックス（木・プラスチック製）,可燃ごみ,50㎝以内に切って出す。50㎝以内にできない場合は直接 処理施設に持ち込む。金属部分は不燃ごみ。,,恵那市ごみ百科事典（令和7年4月1日現在）,https://www.city.ena.lg.jp/material/files/group/25/gomihyakka2025.pdf,29,https://www.city.ena.lg.jp/soshikiichiran/suidokankyobu/kankyoka/1/3/2/1741.html,2026-08-07,2025-04-01,2026-08-13,False
ena-129,ena,恵那市,カラオケセット,不燃ごみ,,,恵那市ごみ百科事典（令和7年4月1日現在）,https://www.city.ena.lg.jp/material/files/group/25/gomihyakka2025.pdf,29,https://www.city.ena.lg.jp/soshikiichiran/suidokankyobu/kankyoka/1/3/2/1741.html,2026-08-07,2025-04-01,2026-08-13,False
ena-130,ena,恵那市,ガラスくず,不燃ごみ,危険のないように包んで出す。,,恵那市ごみ百科事典（令和7年4月1日現在）,https://www.city.ena.lg.jp/material/files/group/25/gomihyakka2025.pdf,29,https://www.city.ena.lg.jp/soshikiichiran/suidokankyobu/kankyoka/1/3/2/1741.html,2026-08-07,2025-04-01,2026-08-13,False
ena-131,ena,恵那市,ガラス食器,不燃ごみ,,,恵那市ごみ百科事典（令和7年4月1日現在）,https://www.city.ena.lg.jp/material/files/group/25/gomihyakka2025.pdf,29,https://www.city.ena.lg.jp/soshikiichiran/suidokankyobu/kankyoka/1/3/2/1741.html,2026-08-07,2025-04-01,2026-08-13,False
ena-132,ena,恵那市,ガラス戸,粗大ごみ,ステーションに出す場合は可燃と不燃に分け、可燃は50㎝ 以内・不燃は1ｍ以内にして出す。小さくできない場合は 直接処理施設に持ち込む。,,恵那市ごみ百科事典（令和7年4月1日現在）,https://www.city.ena.lg.jp/material/files/group/25/gomihyakka2025.pdf,29,https://www.city.ena.lg.jp/soshikiichiran/suidokankyobu/kankyoka/1/3/2/1741.html,2026-08-07,2025-04-01,2026-08-13,False
ena-133,ena,恵那市,カレンダー,資源ごみ,資源回収または拠点回収に出す（エコプラザ回収可）。資源 とならないものは可燃ごみ。金属部分は不燃ごみ。,,恵那市ごみ百科事典（令和7年4月1日現在）,https://www.city.ena.lg.jp/material/files/group/25/gomihyakka2025.pdf,29,https://www.city.ena.lg.jp/soshikiichiran/suidokankyobu/kankyoka/1/3/2/1741.html,2026-08-07,2025-04-01,2026-08-13,True
ena-134,ena,恵那市,革靴,不燃ごみ,,,恵那市ごみ百科事典（令和7年4月1日現在）,https://www.city.ena.lg.jp/material/files/group/25/gomihyakka2025.pdf,29,https://www.city.ena.lg.jp/soshikiichiran/suidokankyobu/kankyoka/1/3/2/1741.html,2026-08-07,2025-04-01,2026-08-13,False
ena-135,ena,恵那市,革ジャンパー,可燃ごみ,金属部分は不燃ごみ。,,恵那市ごみ百科事典（令和7年4月1日現在）,https://www.city.ena.lg.jp/material/files/group/25/gomihyakka2025.pdf,29,https://www.city.ena.lg.jp/soshikiichiran/suidokankyobu/kankyoka/1/3/2/1741.html,2026-08-07,2025-04-01,2026-08-13,False
ena-136,ena,恵那市,瓦,粗大ごみ,1回の持込は軽トラック1台分まで。個人作業で出たものに 限る。,,恵那市ごみ百科事典（令和7年4月1日現在）,https://www.city.ena.lg.jp/material/files/group/25/gomihyakka2025.pdf,29,https://www.city.ena.lg.jp/soshikiichiran/suidokankyobu/kankyoka/1/3/2/1741.html,2026-08-07,2025-04-01,2026-08-13,False
ena-137,ena,恵那市,缶(コーヒー･缶詰･菓子･のり･ミルク),不燃ごみ,中をよく洗って出す。飲料用アルミ缶は資源ごみ。,,恵那市ごみ百科事典（令和7年4月1日現在）,https://www.city.ena.lg.jp/material/files/group/25/gomihyakka2025.pdf,29,https://www.city.ena.lg.jp/soshikiichiran/suidokankyobu/kankyoka/1/3/2/1741.html,2026-08-07,2025-04-01,2026-08-13,False
ena-138,ena,恵那市,缶(スプレー),不燃ごみ,中身を使い切って、穴を開ける。キャップは可燃ごみ。,,恵那市ごみ百科事典（令和7年4月1日現在）,https://www.city.ena.lg.jp/material/files/group/25/gomihyakka2025.pdf,29,https://www.city.ena.lg.jp/soshikiichiran/suidokankyobu/kankyoka/1/3/2/1741.html,2026-08-07,2025-04-01,2026-08-13,False
ena-139,ena,恵那市,缶(ワックス･ペンキ),不燃ごみ,中を使い切って出す。,,恵那市ごみ百科事典（令和7年4月1日現在）,https://www.city.ena.lg.jp/material/files/group/25/gomihyakka2025.pdf,29,https://www.city.ena.lg.jp/soshikiichiran/suidokankyobu/kankyoka/1/3/2/1741.html,2026-08-07,2025-04-01,2026-08-13,False
ena-140,ena,恵那市,換気扇,不燃ごみ,,,恵那市ごみ百科事典（令和7年4月1日現在）,https://www.city.ena.lg.jp/material/files/group/25/gomihyakka2025.pdf,29,https://www.city.ena.lg.jp/soshikiichiran/suidokankyobu/kankyoka/1/3/2/1741.html,2026-08-07,2025-04-01,2026-08-13,False
ena-141,ena,恵那市,缶切り,不燃ごみ,危険のないようにして出す。,,恵那市ごみ百科事典（令和7年4月1日現在）,https://www.city.ena.lg.jp/material/files/group/25/gomihyakka2025.pdf,29,https://www.city.ena.lg.jp/soshikiichiran/suidokankyobu/kankyoka/1/3/2/1741.html,2026-08-07,2025-04-01,2026-08-13,False
ena-142,ena,恵那市,乾燥機（衣類用）,家電リサイクル,詳細は11・12ページ参照。,,恵那市ごみ百科事典（令和7年4月1日現在）,https://www.city.ena.lg.jp/material/files/group/25/gomihyakka2025.pdf,29,https://www.city.ena.lg.jp/soshikiichiran/suidokankyobu/kankyoka/1/3/2/1741.html,2026-08-07,2025-04-01,2026-08-13,False
ena-143,ena,恵那市,乾燥剤（生石灰）,不燃ごみ,消石灰は可燃ごみ。,,恵那市ごみ百科事典（令和7年4月1日現在）,https://www.city.ena.lg.jp/material/files/group/25/gomihyakka2025.pdf,29,https://www.city.ena.lg.jp/soshikiichiran/suidokankyobu/kankyoka/1/3/2/1741.html,2026-08-07,2025-04-01,2026-08-13,False
ena-144,ena,恵那市,乾燥機（ふとん）,不燃ごみ,,,恵那市ごみ百科事典（令和7年4月1日現在）,https://www.city.ena.lg.jp/material/files/group/25/gomihyakka2025.pdf,29,https://www.city.ena.lg.jp/soshikiichiran/suidokankyobu/kankyoka/1/3/2/1741.html,2026-08-07,2025-04-01,2026-08-13,False
ena-145,ena,恵那市,乾電池･ボタン電池,処理困難ごみ,詳細は24ページ参照。,,恵那市ごみ百科事典（令和7年4月1日現在）,https://www.city.ena.lg.jp/material/files/group/25/gomihyakka2025.pdf,29,https://www.city.ena.lg.jp/soshikiichiran/suidokankyobu/kankyoka/1/3/2/1741.html,2026-08-07,2025-04-01,2026-08-13,False
ena-146,ena,恵那市,感熱紙,可燃ごみ,資源ごみには出さない。,,恵那市ごみ百科事典（令和7年4月1日現在）,https://www.city.ena.lg.jp/material/files/group/25/gomihyakka2025.pdf,29,https://www.city.ena.lg.jp/soshikiichiran/suidokankyobu/kankyoka/1/3/2/1741.html,2026-08-07,2025-04-01,2026-08-13,False
ena-147,ena,恵那市,キーホルダー,不燃ごみ,プラスチック製品は可燃ごみ。,,恵那市ごみ百科事典（令和7年4月1日現在）,https://www.city.ena.lg.jp/material/files/group/25/gomihyakka2025.pdf,29,https://www.city.ena.lg.jp/soshikiichiran/suidokankyobu/kankyoka/1/3/2/1741.html,2026-08-07,2025-04-01,2026-08-13,False
ena-148,ena,恵那市,キーボード(楽器),不燃ごみ,,,恵那市ごみ百科事典（令和7年4月1日現在）,https://www.city.ena.lg.jp/material/files/group/25/gomihyakka2025.pdf,29,https://www.city.ena.lg.jp/soshikiichiran/suidokankyobu/kankyoka/1/3/2/1741.html,2026-08-07,2025-04-01,2026-08-13,False
ena-149,ena,恵那市,キーボード(パソコン用),不燃ごみ,,,恵那市ごみ百科事典（令和7年4月1日現在）,https://www.city.ena.lg.jp/material/files/group/25/gomihyakka2025.pdf,29,https://www.city.ena.lg.jp/soshikiichiran/suidokankyobu/kankyoka/1/3/2/1741.html,2026-08-07,2025-04-01,2026-08-13,False
ena-150,ena,恵那市,ギター,不燃ごみ,,,恵那市ごみ百科事典（令和7年4月1日現在）,https://www.city.ena.lg.jp/material/files/group/25/gomihyakka2025.pdf,29,https://www.city.ena.lg.jp/soshikiichiran/suidokankyobu/kankyoka/1/3/2/1741.html,2026-08-07,2025-04-01,2026-08-13,False
ena-151,ena,恵那市,木づち,可燃ごみ,,,恵那市ごみ百科事典（令和7年4月1日現在）,https://www.city.ena.lg.jp/material/files/group/25/gomihyakka2025.pdf,29,https://www.city.ena.lg.jp/soshikiichiran/suidokankyobu/kankyoka/1/3/2/1741.html,2026-08-07,2025-04-01,2026-08-13,False
ena-152,ena,恵那市,キッチンワゴン,不燃ごみ,長さ1m以内にして出す。袋に入らない場合は指定袋（大） をつける。木製品は可燃ごみ。1ｍ以内にできない場合は 直接処理施設に持ち込む。,,恵那市ごみ百科事典（令和7年4月1日現在）,https://www.city.ena.lg.jp/material/files/group/25/gomihyakka2025.pdf,29,https://www.city.ena.lg.jp/soshikiichiran/suidokankyobu/kankyoka/1/3/2/1741.html,2026-08-07,2025-04-01,2026-08-13,False
ena-153,ena,恵那市,杵（きね）,粗大ごみ,可燃ごみに出す場合は直径10㎝以内、長さ80㎝以内にす る。小さくできない場合は直接処理施設に持ち込む。,,恵那市ごみ百科事典（令和7年4月1日現在）,https://www.city.ena.lg.jp/material/files/group/25/gomihyakka2025.pdf,29,https://www.city.ena.lg.jp/soshikiichiran/suidokankyobu/kankyoka/1/3/2/1741.html,2026-08-07,2025-04-01,2026-08-13,False
ena-154,ena,恵那市,ギプス,回収不可,医療機関へ問い合せる。,,恵那市ごみ百科事典（令和7年4月1日現在）,https://www.city.ena.lg.jp/material/files/group/25/gomihyakka2025.pdf,29,https://www.city.ena.lg.jp/soshikiichiran/suidokankyobu/kankyoka/1/3/2/1741.html,2026-08-07,2025-04-01,2026-08-13,False
ena-155,ena,恵那市,着物,資源ごみ,資源回収に出すか、処理施設へ直接搬入する（エコプラザ 回収可）。資源とならないものは可燃ごみ。,,恵那市ごみ百科事典（令和7年4月1日現在）,https://www.city.ena.lg.jp/material/files/group/25/gomihyakka2025.pdf,29,https://www.city.ena.lg.jp/soshikiichiran/suidokankyobu/kankyoka/1/3/2/1741.html,2026-08-07,2025-04-01,2026-08-13,True
ena-156,ena,恵那市,脚立,粗大ごみ,不燃ごみに出す場合は長さ1m以内にする。1m以内にでき ない場合は直接処理施設に持ち込む。,,恵那市ごみ百科事典（令和7年4月1日現在）,https://www.city.ena.lg.jp/material/files/group/25/gomihyakka2025.pdf,29,https://www.city.ena.lg.jp/soshikiichiran/suidokankyobu/kankyoka/1/3/2/1741.html,2026-08-07,2025-04-01,2026-08-13,False
ena-157,ena,恵那市,キャップ（ふた）,可燃ごみ,金属部分は不燃ごみ。,,恵那市ごみ百科事典（令和7年4月1日現在）,https://www.city.ena.lg.jp/material/files/group/25/gomihyakka2025.pdf,29,https://www.city.ena.lg.jp/soshikiichiran/suidokankyobu/kankyoka/1/3/2/1741.html,2026-08-07,2025-04-01,2026-08-13,False
ena-158,ena,恵那市,急須（陶磁器類),不燃ごみ,プラスチック製品は可燃ごみ。,,恵那市ごみ百科事典（令和7年4月1日現在）,https://www.city.ena.lg.jp/material/files/group/25/gomihyakka2025.pdf,29,https://www.city.ena.lg.jp/soshikiichiran/suidokankyobu/kankyoka/1/3/2/1741.html,2026-08-07,2025-04-01,2026-08-13,False
ena-159,ena,恵那市,牛乳びん,資源ごみ,中をよく洗って、できるだけ販売店に出す。,,恵那市ごみ百科事典（令和7年4月1日現在）,https://www.city.ena.lg.jp/material/files/group/25/gomihyakka2025.pdf,29,https://www.city.ena.lg.jp/soshikiichiran/suidokankyobu/kankyoka/1/3/2/1741.html,2026-08-07,2025-04-01,2026-08-13,False
ena-160,ena,恵那市,給油ポンプ（電動）,不燃ごみ,電池は処理困難ごみ。,,恵那市ごみ百科事典（令和7年4月1日現在）,https://www.city.ena.lg.jp/material/files/group/25/gomihyakka2025.pdf,29,https://www.city.ena.lg.jp/soshikiichiran/suidokankyobu/kankyoka/1/3/2/1741.html,2026-08-07,2025-04-01,2026-08-13,False
ena-161,ena,恵那市,給油ポンプ（手動ポンプ）,可燃ごみ,,,恵那市ごみ百科事典（令和7年4月1日現在）,https://www.city.ena.lg.jp/material/files/group/25/gomihyakka2025.pdf,29,https://www.city.ena.lg.jp/soshikiichiran/suidokankyobu/kankyoka/1/3/2/1741.html,2026-08-07,2025-04-01,2026-08-13,False
ena-162,ena,恵那市,鏡台,粗大ごみ,ステーションに出す場合は可燃と不燃に分け、可燃は50㎝ 以内・不燃は1ｍ以内にして出す。小さくできない場合は 直接処理施設に持ち込む。,,恵那市ごみ百科事典（令和7年4月1日現在）,https://www.city.ena.lg.jp/material/files/group/25/gomihyakka2025.pdf,29,https://www.city.ena.lg.jp/soshikiichiran/suidokankyobu/kankyoka/1/3/2/1741.html,2026-08-07,2025-04-01,2026-08-13,False
ena-163,ena,恵那市,金庫(耐火),回収不可,販売店へ問い合わせる。,,恵那市ごみ百科事典（令和7年4月1日現在）,https://www.city.ena.lg.jp/material/files/group/25/gomihyakka2025.pdf,29,https://www.city.ena.lg.jp/soshikiichiran/suidokankyobu/kankyoka/1/3/2/1741.html,2026-08-07,2025-04-01,2026-08-13,False
ena-164,ena,恵那市,金庫(手提げ）,不燃ごみ,,,恵那市ごみ百科事典（令和7年4月1日現在）,https://www.city.ena.lg.jp/material/files/group/25/gomihyakka2025.pdf,29,https://www.city.ena.lg.jp/soshikiichiran/suidokankyobu/kankyoka/1/3/2/1741.html,2026-08-07,2025-04-01,2026-08-13,False
ena-165,ena,恵那市,空気清浄機,不燃ごみ,,,恵那市ごみ百科事典（令和7年4月1日現在）,https://www.city.ena.lg.jp/material/files/group/25/gomihyakka2025.pdf,29,https://www.city.ena.lg.jp/soshikiichiran/suidokankyobu/kankyoka/1/3/2/1741.html,2026-08-07,2025-04-01,2026-08-13,False
ena-166,ena,恵那市,空気入れ,不燃ごみ,プラスチック製品は可燃ごみ。,,恵那市ごみ百科事典（令和7年4月1日現在）,https://www.city.ena.lg.jp/material/files/group/25/gomihyakka2025.pdf,29,https://www.city.ena.lg.jp/soshikiichiran/suidokankyobu/kankyoka/1/3/2/1741.html,2026-08-07,2025-04-01,2026-08-13,False
ena-167,ena,恵那市,クーラー（エアコン）,家電リサイクル,詳細は11・12ページ参照。,,恵那市ごみ百科事典（令和7年4月1日現在）,https://www.city.ena.lg.jp/material/files/group/25/gomihyakka2025.pdf,29,https://www.city.ena.lg.jp/soshikiichiran/suidokankyobu/kankyoka/1/3/2/1741.html,2026-08-07,2025-04-01,2026-08-13,False
ena-168,ena,恵那市,クーラーボックス,可燃ごみ,金属部分は不燃ごみ。,,恵那市ごみ百科事典（令和7年4月1日現在）,https://www.city.ena.lg.jp/material/files/group/25/gomihyakka2025.pdf,29,https://www.city.ena.lg.jp/soshikiichiran/suidokankyobu/kankyoka/1/3/2/1741.html,2026-08-07,2025-04-01,2026-08-13,False
ena-169,ena,恵那市,釘（くぎ）,不燃ごみ,プラスチック製の袋、容器、箱は可燃ごみ。,,恵那市ごみ百科事典（令和7年4月1日現在）,https://www.city.ena.lg.jp/material/files/group/25/gomihyakka2025.pdf,29,https://www.city.ena.lg.jp/soshikiichiran/suidokankyobu/kankyoka/1/3/2/1741.html,2026-08-07,2025-04-01,2026-08-13,False
ena-170,ena,恵那市,草刈機,不燃ごみ,刃をはずして、指定袋（大）をつけて出す。,,恵那市ごみ百科事典（令和7年4月1日現在）,https://www.city.ena.lg.jp/material/files/group/25/gomihyakka2025.pdf,29,https://www.city.ena.lg.jp/soshikiichiran/suidokankyobu/kankyoka/1/3/2/1741.html,2026-08-07,2025-04-01,2026-08-13,False
ena-171,ena,恵那市,草刈機の刃,不燃ごみ,刃をガムテープ等で覆い、危険のないように出す。,,恵那市ごみ百科事典（令和7年4月1日現在）,https://www.city.ena.lg.jp/material/files/group/25/gomihyakka2025.pdf,29,https://www.city.ena.lg.jp/soshikiichiran/suidokankyobu/kankyoka/1/3/2/1741.html,2026-08-07,2025-04-01,2026-08-13,False
ena-172,ena,恵那市,草花,可燃ごみ,乾燥させ、土などを取り除いたものを出す。,,恵那市ごみ百科事典（令和7年4月1日現在）,https://www.city.ena.lg.jp/material/files/group/25/gomihyakka2025.pdf,29,https://www.city.ena.lg.jp/soshikiichiran/suidokankyobu/kankyoka/1/3/2/1741.html,2026-08-07,2025-04-01,2026-08-13,False
ena-173,ena,恵那市,薬(医薬品の錠剤、カプセルなど),可燃ごみ,ＰＶＣ表記は不燃ごみ。,,恵那市ごみ百科事典（令和7年4月1日現在）,https://www.city.ena.lg.jp/material/files/group/25/gomihyakka2025.pdf,30,https://www.city.ena.lg.jp/soshikiichiran/suidokankyobu/kankyoka/1/3/2/1741.html,2026-08-07,2025-04-01,2026-08-13,False
ena-174,ena,恵那市,薬(錠剤、カプセルなど)の包装シート,可燃ごみ,ＰＶＣ表記は不燃ごみ。,,恵那市ごみ百科事典（令和7年4月1日現在）,https://www.city.ena.lg.jp/material/files/group/25/gomihyakka2025.pdf,30,https://www.city.ena.lg.jp/soshikiichiran/suidokankyobu/kankyoka/1/3/2/1741.html,2026-08-07,2025-04-01,2026-08-13,False
ena-175,ena,恵那市,薬のびん(飲み薬),資源ごみ,中を空にして出す。,,恵那市ごみ百科事典（令和7年4月1日現在）,https://www.city.ena.lg.jp/material/files/group/25/gomihyakka2025.pdf,30,https://www.city.ena.lg.jp/soshikiichiran/suidokankyobu/kankyoka/1/3/2/1741.html,2026-08-07,2025-04-01,2026-08-13,False
ena-176,ena,恵那市,靴,不燃ごみ,,,恵那市ごみ百科事典（令和7年4月1日現在）,https://www.city.ena.lg.jp/material/files/group/25/gomihyakka2025.pdf,30,https://www.city.ena.lg.jp/soshikiichiran/suidokankyobu/kankyoka/1/3/2/1741.html,2026-08-07,2025-04-01,2026-08-13,False
ena-177,ena,恵那市,靴下,可燃ごみ,,,恵那市ごみ百科事典（令和7年4月1日現在）,https://www.city.ena.lg.jp/material/files/group/25/gomihyakka2025.pdf,30,https://www.city.ena.lg.jp/soshikiichiran/suidokankyobu/kankyoka/1/3/2/1741.html,2026-08-07,2025-04-01,2026-08-13,False
ena-178,ena,恵那市,クッション,可燃ごみ,金属部分は不燃ごみ。,,恵那市ごみ百科事典（令和7年4月1日現在）,https://www.city.ena.lg.jp/material/files/group/25/gomihyakka2025.pdf,30,https://www.city.ena.lg.jp/soshikiichiran/suidokankyobu/kankyoka/1/3/2/1741.html,2026-08-07,2025-04-01,2026-08-13,False
ena-179,ena,恵那市,靴ブラシ,可燃ごみ,金属部分は不燃ごみ。,,恵那市ごみ百科事典（令和7年4月1日現在）,https://www.city.ena.lg.jp/material/files/group/25/gomihyakka2025.pdf,30,https://www.city.ena.lg.jp/soshikiichiran/suidokankyobu/kankyoka/1/3/2/1741.html,2026-08-07,2025-04-01,2026-08-13,False
ena-180,ena,恵那市,熊手,不燃ごみ,1ｍ以内にして出す。竹製のものは50㎝以内にして可燃ご み。袋に入らない場合は指定袋（大）をつける。小さくで きない場合は直接処理施設に持ち込む。,,恵那市ごみ百科事典（令和7年4月1日現在）,https://www.city.ena.lg.jp/material/files/group/25/gomihyakka2025.pdf,30,https://www.city.ena.lg.jp/soshikiichiran/suidokankyobu/kankyoka/1/3/2/1741.html,2026-08-07,2025-04-01,2026-08-13,False
ena-181,ena,恵那市,グラスウール,不燃ごみ,,,恵那市ごみ百科事典（令和7年4月1日現在）,https://www.city.ena.lg.jp/material/files/group/25/gomihyakka2025.pdf,30,https://www.city.ena.lg.jp/soshikiichiran/suidokankyobu/kankyoka/1/3/2/1741.html,2026-08-07,2025-04-01,2026-08-13,False
ena-182,ena,恵那市,クリアファイル,可燃ごみ,金属部分は不燃ごみ。,,恵那市ごみ百科事典（令和7年4月1日現在）,https://www.city.ena.lg.jp/material/files/group/25/gomihyakka2025.pdf,30,https://www.city.ena.lg.jp/soshikiichiran/suidokankyobu/kankyoka/1/3/2/1741.html,2026-08-07,2025-04-01,2026-08-13,False
ena-183,ena,恵那市,クリスタルガラス,不燃ごみ,危険な部分はガムテープ等で覆う。,,恵那市ごみ百科事典（令和7年4月1日現在）,https://www.city.ena.lg.jp/material/files/group/25/gomihyakka2025.pdf,30,https://www.city.ena.lg.jp/soshikiichiran/suidokankyobu/kankyoka/1/3/2/1741.html,2026-08-07,2025-04-01,2026-08-13,False
ena-184,ena,恵那市,クリスマスツリー,不燃ごみ,,,恵那市ごみ百科事典（令和7年4月1日現在）,https://www.city.ena.lg.jp/material/files/group/25/gomihyakka2025.pdf,30,https://www.city.ena.lg.jp/soshikiichiran/suidokankyobu/kankyoka/1/3/2/1741.html,2026-08-07,2025-04-01,2026-08-13,False
ena-185,ena,恵那市,クリップ,不燃ごみ,,,恵那市ごみ百科事典（令和7年4月1日現在）,https://www.city.ena.lg.jp/material/files/group/25/gomihyakka2025.pdf,30,https://www.city.ena.lg.jp/soshikiichiran/suidokankyobu/kankyoka/1/3/2/1741.html,2026-08-07,2025-04-01,2026-08-13,False
ena-186,ena,恵那市,車椅子,不燃ごみ,指定袋（大）をつけて出す。,,恵那市ごみ百科事典（令和7年4月1日現在）,https://www.city.ena.lg.jp/material/files/group/25/gomihyakka2025.pdf,30,https://www.city.ena.lg.jp/soshikiichiran/suidokankyobu/kankyoka/1/3/2/1741.html,2026-08-07,2025-04-01,2026-08-13,False
ena-187,ena,恵那市,クレヨン,可燃ごみ,金属部分は不燃ごみ。,,恵那市ごみ百科事典（令和7年4月1日現在）,https://www.city.ena.lg.jp/material/files/group/25/gomihyakka2025.pdf,30,https://www.city.ena.lg.jp/soshikiichiran/suidokankyobu/kankyoka/1/3/2/1741.html,2026-08-07,2025-04-01,2026-08-13,False
ena-188,ena,恵那市,グローブ(野球用）,可燃ごみ,金属部分は不燃ごみ。,,恵那市ごみ百科事典（令和7年4月1日現在）,https://www.city.ena.lg.jp/material/files/group/25/gomihyakka2025.pdf,30,https://www.city.ena.lg.jp/soshikiichiran/suidokankyobu/kankyoka/1/3/2/1741.html,2026-08-07,2025-04-01,2026-08-13,False
ena-189,ena,恵那市,グローランプ,不燃ごみ,,,恵那市ごみ百科事典（令和7年4月1日現在）,https://www.city.ena.lg.jp/material/files/group/25/gomihyakka2025.pdf,30,https://www.city.ena.lg.jp/soshikiichiran/suidokankyobu/kankyoka/1/3/2/1741.html,2026-08-07,2025-04-01,2026-08-13,False
ena-190,ena,恵那市,鍬（くわ）,不燃ごみ,木製の柄は可燃ごみ。,,恵那市ごみ百科事典（令和7年4月1日現在）,https://www.city.ena.lg.jp/material/files/group/25/gomihyakka2025.pdf,30,https://www.city.ena.lg.jp/soshikiichiran/suidokankyobu/kankyoka/1/3/2/1741.html,2026-08-07,2025-04-01,2026-08-13,False
ena-191,ena,恵那市,くん煙式殺虫剤,不燃ごみ,未使用の場合は使い切ってから出す。そと部分がプラスチッ クでも中に金属があるため不燃物。,,恵那市ごみ百科事典（令和7年4月1日現在）,https://www.city.ena.lg.jp/material/files/group/25/gomihyakka2025.pdf,30,https://www.city.ena.lg.jp/soshikiichiran/suidokankyobu/kankyoka/1/3/2/1741.html,2026-08-07,2025-04-01,2026-08-13,False
ena-192,ena,恵那市,軍手,可燃ごみ,,,恵那市ごみ百科事典（令和7年4月1日現在）,https://www.city.ena.lg.jp/material/files/group/25/gomihyakka2025.pdf,30,https://www.city.ena.lg.jp/soshikiichiran/suidokankyobu/kankyoka/1/3/2/1741.html,2026-08-07,2025-04-01,2026-08-13,False
ena-193,ena,恵那市,蛍光管･蛍光球,処理困難ごみ,詳細は24ページ参照。,,恵那市ごみ百科事典（令和7年4月1日現在）,https://www.city.ena.lg.jp/material/files/group/25/gomihyakka2025.pdf,30,https://www.city.ena.lg.jp/soshikiichiran/suidokankyobu/kankyoka/1/3/2/1741.html,2026-08-07,2025-04-01,2026-08-13,False
ena-194,ena,恵那市,蛍光灯機械部分,不燃ごみ,1ｍ以内にして出す（袋に入らない場合は１台につき１枚 袋をつける）。1ｍ以内にできない場合は直接処理施設に持 ち込む。,,恵那市ごみ百科事典（令和7年4月1日現在）,https://www.city.ena.lg.jp/material/files/group/25/gomihyakka2025.pdf,30,https://www.city.ena.lg.jp/soshikiichiran/suidokankyobu/kankyoka/1/3/2/1741.html,2026-08-07,2025-04-01,2026-08-13,False
ena-195,ena,恵那市,計算機,不燃ごみ,,,恵那市ごみ百科事典（令和7年4月1日現在）,https://www.city.ena.lg.jp/material/files/group/25/gomihyakka2025.pdf,30,https://www.city.ena.lg.jp/soshikiichiran/suidokankyobu/kankyoka/1/3/2/1741.html,2026-08-07,2025-04-01,2026-08-13,False
ena-196,ena,恵那市,珪藻土マット,不燃ごみ,袋に入れてステーションに出す。,,恵那市ごみ百科事典（令和7年4月1日現在）,https://www.city.ena.lg.jp/material/files/group/25/gomihyakka2025.pdf,30,https://www.city.ena.lg.jp/soshikiichiran/suidokankyobu/kankyoka/1/3/2/1741.html,2026-08-07,2025-04-01,2026-08-13,False
ena-197,ena,恵那市,携帯音楽プレイヤー,不燃ごみ,バッテリー内蔵のものは処理困難ごみ。,,恵那市ごみ百科事典（令和7年4月1日現在）,https://www.city.ena.lg.jp/material/files/group/25/gomihyakka2025.pdf,30,https://www.city.ena.lg.jp/soshikiichiran/suidokankyobu/kankyoka/1/3/2/1741.html,2026-08-07,2025-04-01,2026-08-13,False
ena-198,ena,恵那市,携帯電話（フィーチャーフォン・ガラケー）,不燃ごみ,できるだけ販売店に出す。エコプラザでも回収可能。,,恵那市ごみ百科事典（令和7年4月1日現在）,https://www.city.ena.lg.jp/material/files/group/25/gomihyakka2025.pdf,30,https://www.city.ena.lg.jp/soshikiichiran/suidokankyobu/kankyoka/1/3/2/1741.html,2026-08-07,2025-04-01,2026-08-13,True
ena-199,ena,恵那市,毛糸,可燃ごみ,50㎝以内に切って出す。,,恵那市ごみ百科事典（令和7年4月1日現在）,https://www.city.ena.lg.jp/material/files/group/25/gomihyakka2025.pdf,30,https://www.city.ena.lg.jp/soshikiichiran/suidokankyobu/kankyoka/1/3/2/1741.html,2026-08-07,2025-04-01,2026-08-13,False
ena-200,ena,恵那市,ケーブル,不燃ごみ,,,恵那市ごみ百科事典（令和7年4月1日現在）,https://www.city.ena.lg.jp/material/files/group/25/gomihyakka2025.pdf,30,https://www.city.ena.lg.jp/soshikiichiran/suidokankyobu/kankyoka/1/3/2/1741.html,2026-08-07,2025-04-01,2026-08-13,False
ena-201,ena,恵那市,ゲーム機,不燃ごみ,電池は処理困難ごみ。,,恵那市ごみ百科事典（令和7年4月1日現在）,https://www.city.ena.lg.jp/material/files/group/25/gomihyakka2025.pdf,30,https://www.city.ena.lg.jp/soshikiichiran/suidokankyobu/kankyoka/1/3/2/1741.html,2026-08-07,2025-04-01,2026-08-13,False
ena-202,ena,恵那市,ゲームソフト類,不燃ごみ,外装（箱）は可燃ごみ。,,恵那市ごみ百科事典（令和7年4月1日現在）,https://www.city.ena.lg.jp/material/files/group/25/gomihyakka2025.pdf,30,https://www.city.ena.lg.jp/soshikiichiran/suidokankyobu/kankyoka/1/3/2/1741.html,2026-08-07,2025-04-01,2026-08-13,False
ena-203,ena,恵那市,消しゴム,不燃ごみ,,,恵那市ごみ百科事典（令和7年4月1日現在）,https://www.city.ena.lg.jp/material/files/group/25/gomihyakka2025.pdf,30,https://www.city.ena.lg.jp/soshikiichiran/suidokankyobu/kankyoka/1/3/2/1741.html,2026-08-07,2025-04-01,2026-08-13,False
ena-204,ena,恵那市,化粧品のびん,資源ごみ,中を空にして洗って出す。陶器製の化粧びんは不燃ごみ。 ポンプ部分は不燃ごみ。,,恵那市ごみ百科事典（令和7年4月1日現在）,https://www.city.ena.lg.jp/material/files/group/25/gomihyakka2025.pdf,30,https://www.city.ena.lg.jp/soshikiichiran/suidokankyobu/kankyoka/1/3/2/1741.html,2026-08-07,2025-04-01,2026-08-13,False
ena-205,ena,恵那市,げた,可燃ごみ,,,恵那市ごみ百科事典（令和7年4月1日現在）,https://www.city.ena.lg.jp/material/files/group/25/gomihyakka2025.pdf,30,https://www.city.ena.lg.jp/soshikiichiran/suidokankyobu/kankyoka/1/3/2/1741.html,2026-08-07,2025-04-01,2026-08-13,False
ena-206,ena,恵那市,げた箱(木製),粗大ごみ,ステーションに出す場合は可燃と不燃に分け、可燃は50㎝ 以内・不燃は1ｍ以内にして出す。小さくできない場合は 直接処理施設に持ち込む。,,恵那市ごみ百科事典（令和7年4月1日現在）,https://www.city.ena.lg.jp/material/files/group/25/gomihyakka2025.pdf,30,https://www.city.ena.lg.jp/soshikiichiran/suidokankyobu/kankyoka/1/3/2/1741.html,2026-08-07,2025-04-01,2026-08-13,False
ena-207,ena,恵那市,血圧計,不燃ごみ,電池は処理困難ごみ。水銀使用の場合は処理困難ごみ。,,恵那市ごみ百科事典（令和7年4月1日現在）,https://www.city.ena.lg.jp/material/files/group/25/gomihyakka2025.pdf,30,https://www.city.ena.lg.jp/soshikiichiran/suidokankyobu/kankyoka/1/3/2/1741.html,2026-08-07,2025-04-01,2026-08-13,False
ena-208,ena,恵那市,玄関マット(布･ナイロン製),可燃ごみ,50㎝以内に切って出す。50㎝以内にできない場合は直接 処理施設に持ち込む。金属製品は不燃ごみ。,,恵那市ごみ百科事典（令和7年4月1日現在）,https://www.city.ena.lg.jp/material/files/group/25/gomihyakka2025.pdf,30,https://www.city.ena.lg.jp/soshikiichiran/suidokankyobu/kankyoka/1/3/2/1741.html,2026-08-07,2025-04-01,2026-08-13,False
ena-209,ena,恵那市,剣山,不燃ごみ,危険のないようにガムテープ等で覆って出す。,,恵那市ごみ百科事典（令和7年4月1日現在）,https://www.city.ena.lg.jp/material/files/group/25/gomihyakka2025.pdf,30,https://www.city.ena.lg.jp/soshikiichiran/suidokankyobu/kankyoka/1/3/2/1741.html,2026-08-07,2025-04-01,2026-08-13,False
ena-210,ena,恵那市,剣道の道具,可燃ごみ,50㎝を超える場合は粗大ごみ。面は不燃ごみ。,,恵那市ごみ百科事典（令和7年4月1日現在）,https://www.city.ena.lg.jp/material/files/group/25/gomihyakka2025.pdf,30,https://www.city.ena.lg.jp/soshikiichiran/suidokankyobu/kankyoka/1/3/2/1741.html,2026-08-07,2025-04-01,2026-08-13,False
ena-211,ena,恵那市,原動機付自転車（原付バイク）,回収不可,販売店へ問い合わせる。,,恵那市ごみ百科事典（令和7年4月1日現在）,https://www.city.ena.lg.jp/material/files/group/25/gomihyakka2025.pdf,30,https://www.city.ena.lg.jp/soshikiichiran/suidokankyobu/kankyoka/1/3/2/1741.html,2026-08-07,2025-04-01,2026-08-13,False
ena-212,ena,恵那市,碁石,不燃ごみ,木、プラスチック製、容器は可燃ごみ。,,恵那市ごみ百科事典（令和7年4月1日現在）,https://www.city.ena.lg.jp/material/files/group/25/gomihyakka2025.pdf,30,https://www.city.ena.lg.jp/soshikiichiran/suidokankyobu/kankyoka/1/3/2/1741.html,2026-08-07,2025-04-01,2026-08-13,False
ena-213,ena,恵那市,こいのぼり,可燃ごみ,50㎝以内に切って出す。,,恵那市ごみ百科事典（令和7年4月1日現在）,https://www.city.ena.lg.jp/material/files/group/25/gomihyakka2025.pdf,30,https://www.city.ena.lg.jp/soshikiichiran/suidokankyobu/kankyoka/1/3/2/1741.html,2026-08-07,2025-04-01,2026-08-13,False
ena-214,ena,恵那市,こいのぼりポール,粗大ごみ,不燃ごみに出す場合は長さ1m以内にする。竹製品は80㎝ 以内に切り、可燃ごみ。小さくできない場合は直接処理施 設に持ち込む。,,恵那市ごみ百科事典（令和7年4月1日現在）,https://www.city.ena.lg.jp/material/files/group/25/gomihyakka2025.pdf,30,https://www.city.ena.lg.jp/soshikiichiran/suidokankyobu/kankyoka/1/3/2/1741.html,2026-08-07,2025-04-01,2026-08-13,False
ena-215,ena,恵那市,高圧洗浄機（家庭用）,不燃ごみ,,,恵那市ごみ百科事典（令和7年4月1日現在）,https://www.city.ena.lg.jp/material/files/group/25/gomihyakka2025.pdf,30,https://www.city.ena.lg.jp/soshikiichiran/suidokankyobu/kankyoka/1/3/2/1741.html,2026-08-07,2025-04-01,2026-08-13,False
ena-216,ena,恵那市,工具箱,可燃ごみ,プラスチック製のものは金属類をはずして出す。金属製は 不燃ごみ。中に他のごみを入れない。分別して出す。,,恵那市ごみ百科事典（令和7年4月1日現在）,https://www.city.ena.lg.jp/material/files/group/25/gomihyakka2025.pdf,30,https://www.city.ena.lg.jp/soshikiichiran/suidokankyobu/kankyoka/1/3/2/1741.html,2026-08-07,2025-04-01,2026-08-13,False
ena-217,ena,恵那市,紅茶のティーバッグ,可燃ごみ,水分をよく切ってから出す。,,恵那市ごみ百科事典（令和7年4月1日現在）,https://www.city.ena.lg.jp/material/files/group/25/gomihyakka2025.pdf,30,https://www.city.ena.lg.jp/soshikiichiran/suidokankyobu/kankyoka/1/3/2/1741.html,2026-08-07,2025-04-01,2026-08-13,False
ena-218,ena,恵那市,ゴーグル,可燃ごみ,金属部分やガラス部分は不燃ごみ。,,恵那市ごみ百科事典（令和7年4月1日現在）,https://www.city.ena.lg.jp/material/files/group/25/gomihyakka2025.pdf,31,https://www.city.ena.lg.jp/soshikiichiran/suidokankyobu/kankyoka/1/3/2/1741.html,2026-08-07,2025-04-01,2026-08-13,False
ena-219,ena,恵那市,コード(電気),不燃ごみ,エコプラザ回収可。,,恵那市ごみ百科事典（令和7年4月1日現在）,https://www.city.ena.lg.jp/material/files/group/25/gomihyakka2025.pdf,31,https://www.city.ena.lg.jp/soshikiichiran/suidokankyobu/kankyoka/1/3/2/1741.html,2026-08-07,2025-04-01,2026-08-13,True
ena-220,ena,恵那市,コードリール,不燃ごみ,エコプラザ回収可。,,恵那市ごみ百科事典（令和7年4月1日現在）,https://www.city.ena.lg.jp/material/files/group/25/gomihyakka2025.pdf,31,https://www.city.ena.lg.jp/soshikiichiran/suidokankyobu/kankyoka/1/3/2/1741.html,2026-08-07,2025-04-01,2026-08-13,True
ena-221,ena,恵那市,コーヒーメーカー,不燃ごみ,,,恵那市ごみ百科事典（令和7年4月1日現在）,https://www.city.ena.lg.jp/material/files/group/25/gomihyakka2025.pdf,31,https://www.city.ena.lg.jp/soshikiichiran/suidokankyobu/kankyoka/1/3/2/1741.html,2026-08-07,2025-04-01,2026-08-13,False
ena-222,ena,恵那市,小型電気製品,不燃ごみ,エコプラザ回収可。,,恵那市ごみ百科事典（令和7年4月1日現在）,https://www.city.ena.lg.jp/material/files/group/25/gomihyakka2025.pdf,31,https://www.city.ena.lg.jp/soshikiichiran/suidokankyobu/kankyoka/1/3/2/1741.html,2026-08-07,2025-04-01,2026-08-13,True
ena-223,ena,恵那市,ござ,可燃ごみ,指定袋（大）に入れる。入らない場合は1枚指定袋（大）を 付けて出す。,,恵那市ごみ百科事典（令和7年4月1日現在）,https://www.city.ena.lg.jp/material/files/group/25/gomihyakka2025.pdf,31,https://www.city.ena.lg.jp/soshikiichiran/suidokankyobu/kankyoka/1/3/2/1741.html,2026-08-07,2025-04-01,2026-08-13,False
ena-224,ena,恵那市,こたつ,粗大ごみ,ステーションに出す場合は可燃と不燃に分け、可燃は50㎝ 以内・不燃は1ｍ以内にして出す。小さくできない場合は 直接処理施設に持ち込む。,,恵那市ごみ百科事典（令和7年4月1日現在）,https://www.city.ena.lg.jp/material/files/group/25/gomihyakka2025.pdf,31,https://www.city.ena.lg.jp/soshikiichiran/suidokankyobu/kankyoka/1/3/2/1741.html,2026-08-07,2025-04-01,2026-08-13,False
ena-225,ena,恵那市,こたつ板,粗大ごみ,可燃ごみに出す場合は50㎝以内にする。金属部分は不燃ご み。50㎝以内にできない場合は直接処理施設に持ち込む。,,恵那市ごみ百科事典（令和7年4月1日現在）,https://www.city.ena.lg.jp/material/files/group/25/gomihyakka2025.pdf,31,https://www.city.ena.lg.jp/soshikiichiran/suidokankyobu/kankyoka/1/3/2/1741.html,2026-08-07,2025-04-01,2026-08-13,False
ena-226,ena,恵那市,コップ(ガラス製),不燃ごみ,資源（びん）に出さない。紙・プラスチック製品は可燃ごみ。,,恵那市ごみ百科事典（令和7年4月1日現在）,https://www.city.ena.lg.jp/material/files/group/25/gomihyakka2025.pdf,31,https://www.city.ena.lg.jp/soshikiichiran/suidokankyobu/kankyoka/1/3/2/1741.html,2026-08-07,2025-04-01,2026-08-13,False
ena-227,ena,恵那市,コピー機,不燃ごみ,トナー、インクカートリッジは、販売店のリサイクルボッ クスへ。紙は取り除いて出す。,,恵那市ごみ百科事典（令和7年4月1日現在）,https://www.city.ena.lg.jp/material/files/group/25/gomihyakka2025.pdf,31,https://www.city.ena.lg.jp/soshikiichiran/suidokankyobu/kankyoka/1/3/2/1741.html,2026-08-07,2025-04-01,2026-08-13,False
ena-228,ena,恵那市,ゴム手袋,可燃ごみ,,,恵那市ごみ百科事典（令和7年4月1日現在）,https://www.city.ena.lg.jp/material/files/group/25/gomihyakka2025.pdf,31,https://www.city.ena.lg.jp/soshikiichiran/suidokankyobu/kankyoka/1/3/2/1741.html,2026-08-07,2025-04-01,2026-08-13,False
ena-229,ena,恵那市,ゴム長靴,不燃ごみ,,,恵那市ごみ百科事典（令和7年4月1日現在）,https://www.city.ena.lg.jp/material/files/group/25/gomihyakka2025.pdf,31,https://www.city.ena.lg.jp/soshikiichiran/suidokankyobu/kankyoka/1/3/2/1741.html,2026-08-07,2025-04-01,2026-08-13,False
ena-230,ena,恵那市,ゴムホース,可燃ごみ,50㎝以内に切って出す。,,恵那市ごみ百科事典（令和7年4月1日現在）,https://www.city.ena.lg.jp/material/files/group/25/gomihyakka2025.pdf,31,https://www.city.ena.lg.jp/soshikiichiran/suidokankyobu/kankyoka/1/3/2/1741.html,2026-08-07,2025-04-01,2026-08-13,False
ena-231,ena,恵那市,ゴムマット,可燃ごみ,50㎝以内に切って出す。,,恵那市ごみ百科事典（令和7年4月1日現在）,https://www.city.ena.lg.jp/material/files/group/25/gomihyakka2025.pdf,31,https://www.city.ena.lg.jp/soshikiichiran/suidokankyobu/kankyoka/1/3/2/1741.html,2026-08-07,2025-04-01,2026-08-13,False
ena-232,ena,恵那市,米びつ(プラスチック製),可燃ごみ,金属部分は不燃ごみ。,,恵那市ごみ百科事典（令和7年4月1日現在）,https://www.city.ena.lg.jp/material/files/group/25/gomihyakka2025.pdf,31,https://www.city.ena.lg.jp/soshikiichiran/suidokankyobu/kankyoka/1/3/2/1741.html,2026-08-07,2025-04-01,2026-08-13,False
ena-233,ena,恵那市,米袋,可燃ごみ,エコプラザ回収可,,恵那市ごみ百科事典（令和7年4月1日現在）,https://www.city.ena.lg.jp/material/files/group/25/gomihyakka2025.pdf,31,https://www.city.ena.lg.jp/soshikiichiran/suidokankyobu/kankyoka/1/3/2/1741.html,2026-08-07,2025-04-01,2026-08-13,True
ena-234,ena,恵那市,コルク栓,可燃ごみ,,,恵那市ごみ百科事典（令和7年4月1日現在）,https://www.city.ena.lg.jp/material/files/group/25/gomihyakka2025.pdf,31,https://www.city.ena.lg.jp/soshikiichiran/suidokankyobu/kankyoka/1/3/2/1741.html,2026-08-07,2025-04-01,2026-08-13,False
ena-235,ena,恵那市,コルセット,不燃ごみ,,,恵那市ごみ百科事典（令和7年4月1日現在）,https://www.city.ena.lg.jp/material/files/group/25/gomihyakka2025.pdf,31,https://www.city.ena.lg.jp/soshikiichiran/suidokankyobu/kankyoka/1/3/2/1741.html,2026-08-07,2025-04-01,2026-08-13,False
ena-236,ena,恵那市,ゴルフクラブ,不燃ごみ,,,恵那市ごみ百科事典（令和7年4月1日現在）,https://www.city.ena.lg.jp/material/files/group/25/gomihyakka2025.pdf,31,https://www.city.ena.lg.jp/soshikiichiran/suidokankyobu/kankyoka/1/3/2/1741.html,2026-08-07,2025-04-01,2026-08-13,False
ena-237,ena,恵那市,ゴルフセット,不燃ごみ,クラブは入っていてもよい。不燃ごみ大の袋を付けて出す。,,恵那市ごみ百科事典（令和7年4月1日現在）,https://www.city.ena.lg.jp/material/files/group/25/gomihyakka2025.pdf,31,https://www.city.ena.lg.jp/soshikiichiran/suidokankyobu/kankyoka/1/3/2/1741.html,2026-08-07,2025-04-01,2026-08-13,False
ena-238,ena,恵那市,ゴルフバッグ,不燃ごみ,,,恵那市ごみ百科事典（令和7年4月1日現在）,https://www.city.ena.lg.jp/material/files/group/25/gomihyakka2025.pdf,31,https://www.city.ena.lg.jp/soshikiichiran/suidokankyobu/kankyoka/1/3/2/1741.html,2026-08-07,2025-04-01,2026-08-13,False
ena-239,ena,恵那市,ゴルフボール,可燃ごみ,,,恵那市ごみ百科事典（令和7年4月1日現在）,https://www.city.ena.lg.jp/material/files/group/25/gomihyakka2025.pdf,31,https://www.city.ena.lg.jp/soshikiichiran/suidokankyobu/kankyoka/1/3/2/1741.html,2026-08-07,2025-04-01,2026-08-13,False
ena-240,ena,恵那市,ゴルフマット,可燃ごみ,50㎝以内に切って出す。,,恵那市ごみ百科事典（令和7年4月1日現在）,https://www.city.ena.lg.jp/material/files/group/25/gomihyakka2025.pdf,31,https://www.city.ena.lg.jp/soshikiichiran/suidokankyobu/kankyoka/1/3/2/1741.html,2026-08-07,2025-04-01,2026-08-13,False
ena-241,ena,恵那市,コンクリート(ブロックも含む),粗大ごみ,1回の持込は軽トラック1台分まで。個人作業で出たものに 限る。,,恵那市ごみ百科事典（令和7年4月1日現在）,https://www.city.ena.lg.jp/material/files/group/25/gomihyakka2025.pdf,31,https://www.city.ena.lg.jp/soshikiichiran/suidokankyobu/kankyoka/1/3/2/1741.html,2026-08-07,2025-04-01,2026-08-13,False
ena-242,ena,恵那市,コンタクトレンズ,可燃ごみ,使い捨てのプラスチックケースはエコプラザ回収可。,,恵那市ごみ百科事典（令和7年4月1日現在）,https://www.city.ena.lg.jp/material/files/group/25/gomihyakka2025.pdf,31,https://www.city.ena.lg.jp/soshikiichiran/suidokankyobu/kankyoka/1/3/2/1741.html,2026-08-07,2025-04-01,2026-08-13,True
ena-243,ena,恵那市,コンパネ,可燃ごみ,50㎝角以内に切って出す。,,恵那市ごみ百科事典（令和7年4月1日現在）,https://www.city.ena.lg.jp/material/files/group/25/gomihyakka2025.pdf,31,https://www.city.ena.lg.jp/soshikiichiran/suidokankyobu/kankyoka/1/3/2/1741.html,2026-08-07,2025-04-01,2026-08-13,False
ena-244,ena,恵那市,コンプレッサー,不燃ごみ,,,恵那市ごみ百科事典（令和7年4月1日現在）,https://www.city.ena.lg.jp/material/files/group/25/gomihyakka2025.pdf,31,https://www.city.ena.lg.jp/soshikiichiran/suidokankyobu/kankyoka/1/3/2/1741.html,2026-08-07,2025-04-01,2026-08-13,False
ena-245,ena,恵那市,コンベックス（メジャー）,不燃ごみ,,,恵那市ごみ百科事典（令和7年4月1日現在）,https://www.city.ena.lg.jp/material/files/group/25/gomihyakka2025.pdf,31,https://www.city.ena.lg.jp/soshikiichiran/suidokankyobu/kankyoka/1/3/2/1741.html,2026-08-07,2025-04-01,2026-08-13,False
ena-246,ena,恵那市,コンポスト,粗大ごみ,可燃ごみに出す場合は50㎝以内に切る。50㎝以内にでき ない場合は直接処理施設に持ち込む。,,恵那市ごみ百科事典（令和7年4月1日現在）,https://www.city.ena.lg.jp/material/files/group/25/gomihyakka2025.pdf,31,https://www.city.ena.lg.jp/soshikiichiran/suidokankyobu/kankyoka/1/3/2/1741.html,2026-08-07,2025-04-01,2026-08-13,False
ena-247,ena,恵那市,コンロ,不燃ごみ,,,恵那市ごみ百科事典（令和7年4月1日現在）,https://www.city.ena.lg.jp/material/files/group/25/gomihyakka2025.pdf,31,https://www.city.ena.lg.jp/soshikiichiran/suidokankyobu/kankyoka/1/3/2/1741.html,2026-08-07,2025-04-01,2026-08-13,False
ena-248,ena,恵那市,サーフボード,粗大ごみ,不燃ごみに出す場合は1m以内にする。1m以内にできない 場合直接処理施設に持ち込む。,,恵那市ごみ百科事典（令和7年4月1日現在）,https://www.city.ena.lg.jp/material/files/group/25/gomihyakka2025.pdf,31,https://www.city.ena.lg.jp/soshikiichiran/suidokankyobu/kankyoka/1/3/2/1741.html,2026-08-07,2025-04-01,2026-08-13,False
ena-249,ena,恵那市,座いす(木製),可燃ごみ,金属部分は不燃ごみ。,,恵那市ごみ百科事典（令和7年4月1日現在）,https://www.city.ena.lg.jp/material/files/group/25/gomihyakka2025.pdf,31,https://www.city.ena.lg.jp/soshikiichiran/suidokankyobu/kankyoka/1/3/2/1741.html,2026-08-07,2025-04-01,2026-08-13,False
ena-250,ena,恵那市,財布,不燃ごみ,布製品は金属部分を取り可燃ごみ。,,恵那市ごみ百科事典（令和7年4月1日現在）,https://www.city.ena.lg.jp/material/files/group/25/gomihyakka2025.pdf,31,https://www.city.ena.lg.jp/soshikiichiran/suidokankyobu/kankyoka/1/3/2/1741.html,2026-08-07,2025-04-01,2026-08-13,False
ena-251,ena,恵那市,裁縫セット,可燃ごみ,金属部分は不燃ごみ。,,恵那市ごみ百科事典（令和7年4月1日現在）,https://www.city.ena.lg.jp/material/files/group/25/gomihyakka2025.pdf,31,https://www.city.ena.lg.jp/soshikiichiran/suidokankyobu/kankyoka/1/3/2/1741.html,2026-08-07,2025-04-01,2026-08-13,False
ena-252,ena,恵那市,さお(物干し用・金属製),粗大ごみ,不燃ごみに出す場合は長さ1m以内にする。1m以内にでき ない場合は直接処理施設に持ち込む。,,恵那市ごみ百科事典（令和7年4月1日現在）,https://www.city.ena.lg.jp/material/files/group/25/gomihyakka2025.pdf,31,https://www.city.ena.lg.jp/soshikiichiran/suidokankyobu/kankyoka/1/3/2/1741.html,2026-08-07,2025-04-01,2026-08-13,False
ena-253,ena,恵那市,座布団,可燃ごみ,,,恵那市ごみ百科事典（令和7年4月1日現在）,https://www.city.ena.lg.jp/material/files/group/25/gomihyakka2025.pdf,31,https://www.city.ena.lg.jp/soshikiichiran/suidokankyobu/kankyoka/1/3/2/1741.html,2026-08-07,2025-04-01,2026-08-13,False
ena-254,ena,恵那市,皿(ガラス・陶磁器製),不燃ごみ,木・プラスチック製品は可燃ごみ。紙・新聞紙で包まない。,,恵那市ごみ百科事典（令和7年4月1日現在）,https://www.city.ena.lg.jp/material/files/group/25/gomihyakka2025.pdf,31,https://www.city.ena.lg.jp/soshikiichiran/suidokankyobu/kankyoka/1/3/2/1741.html,2026-08-07,2025-04-01,2026-08-13,False
ena-255,ena,恵那市,三脚,不燃ごみ,,,恵那市ごみ百科事典（令和7年4月1日現在）,https://www.city.ena.lg.jp/material/files/group/25/gomihyakka2025.pdf,31,https://www.city.ena.lg.jp/soshikiichiran/suidokankyobu/kankyoka/1/3/2/1741.html,2026-08-07,2025-04-01,2026-08-13,False
ena-256,ena,恵那市,サングラス,不燃ごみ,プラスチック製品は可燃ごみ。,,恵那市ごみ百科事典（令和7年4月1日現在）,https://www.city.ena.lg.jp/material/files/group/25/gomihyakka2025.pdf,31,https://www.city.ena.lg.jp/soshikiichiran/suidokankyobu/kankyoka/1/3/2/1741.html,2026-08-07,2025-04-01,2026-08-13,False
ena-257,ena,恵那市,サンダル,不燃ごみ,,,恵那市ごみ百科事典（令和7年4月1日現在）,https://www.city.ena.lg.jp/material/files/group/25/gomihyakka2025.pdf,31,https://www.city.ena.lg.jp/soshikiichiran/suidokankyobu/kankyoka/1/3/2/1741.html,2026-08-07,2025-04-01,2026-08-13,False
ena-258,ena,恵那市,残飯,可燃ごみ,十分に水切りをして出す。,,恵那市ごみ百科事典（令和7年4月1日現在）,https://www.city.ena.lg.jp/material/files/group/25/gomihyakka2025.pdf,31,https://www.city.ena.lg.jp/soshikiichiran/suidokankyobu/kankyoka/1/3/2/1741.html,2026-08-07,2025-04-01,2026-08-13,False
ena-259,ena,恵那市,三輪車,不燃ごみ,指定袋（大）をつけて出す。,,恵那市ごみ百科事典（令和7年4月1日現在）,https://www.city.ena.lg.jp/material/files/group/25/gomihyakka2025.pdf,31,https://www.city.ena.lg.jp/soshikiichiran/suidokankyobu/kankyoka/1/3/2/1741.html,2026-08-07,2025-04-01,2026-08-13,False
ena-260,ena,恵那市,シーツ,可燃ごみ,ファスナー等の金属部分を取り、50㎝角以内に切って出す。 処理施設へ直接搬入する場合はそのまま。,,恵那市ごみ百科事典（令和7年4月1日現在）,https://www.city.ena.lg.jp/material/files/group/25/gomihyakka2025.pdf,31,https://www.city.ena.lg.jp/soshikiichiran/suidokankyobu/kankyoka/1/3/2/1741.html,2026-08-07,2025-04-01,2026-08-13,False
ena-261,ena,恵那市,CD(コンパクトディスク),可燃ごみ,エコプラザ回収可。,,恵那市ごみ百科事典（令和7年4月1日現在）,https://www.city.ena.lg.jp/material/files/group/25/gomihyakka2025.pdf,31,https://www.city.ena.lg.jp/soshikiichiran/suidokankyobu/kankyoka/1/3/2/1741.html,2026-08-07,2025-04-01,2026-08-13,True
ena-262,ena,恵那市,CDラジカセ,不燃ごみ,電池は処理困難ごみ。使用できるものはエコプラザ回収可。,,恵那市ごみ百科事典（令和7年4月1日現在）,https://www.city.ena.lg.jp/material/files/group/25/gomihyakka2025.pdf,31,https://www.city.ena.lg.jp/soshikiichiran/suidokankyobu/kankyoka/1/3/2/1741.html,2026-08-07,2025-04-01,2026-08-13,True
ena-263,ena,恵那市,シート（ブルーシート）,可燃ごみ,50㎝以内に切って出す。金属部分は不燃ごみ。,,恵那市ごみ百科事典（令和7年4月1日現在）,https://www.city.ena.lg.jp/material/files/group/25/gomihyakka2025.pdf,31,https://www.city.ena.lg.jp/soshikiichiran/suidokankyobu/kankyoka/1/3/2/1741.html,2026-08-07,2025-04-01,2026-08-13,False
ena-264,ena,恵那市,磁気カード,可燃ごみ,,,恵那市ごみ百科事典（令和7年4月1日現在）,https://www.city.ena.lg.jp/material/files/group/25/gomihyakka2025.pdf,32,https://www.city.ena.lg.jp/soshikiichiran/suidokankyobu/kankyoka/1/3/2/1741.html,2026-08-07,2025-04-01,2026-08-13,False
ena-265,ena,恵那市,磁気マットレス,粗大ごみ,不燃ごみで出す場合は1m以内にする。1m以内にできない 場合は直接処理施設に持ち込む。,,恵那市ごみ百科事典（令和7年4月1日現在）,https://www.city.ena.lg.jp/material/files/group/25/gomihyakka2025.pdf,32,https://www.city.ena.lg.jp/soshikiichiran/suidokankyobu/kankyoka/1/3/2/1741.html,2026-08-07,2025-04-01,2026-08-13,False
ena-266,ena,恵那市,磁石,不燃ごみ,,,恵那市ごみ百科事典（令和7年4月1日現在）,https://www.city.ena.lg.jp/material/files/group/25/gomihyakka2025.pdf,32,https://www.city.ena.lg.jp/soshikiichiran/suidokankyobu/kankyoka/1/3/2/1741.html,2026-08-07,2025-04-01,2026-08-13,False
ena-267,ena,恵那市,辞書･辞典,資源ごみ,資源回収に出すか、処理施設へ直接搬入する（エコプラザ 回収可）。資源とならないものは可燃ごみ。,,恵那市ごみ百科事典（令和7年4月1日現在）,https://www.city.ena.lg.jp/material/files/group/25/gomihyakka2025.pdf,32,https://www.city.ena.lg.jp/soshikiichiran/suidokankyobu/kankyoka/1/3/2/1741.html,2026-08-07,2025-04-01,2026-08-13,True
ena-268,ena,恵那市,下着類,可燃ごみ,金属部分は不燃ごみ。,,恵那市ごみ百科事典（令和7年4月1日現在）,https://www.city.ena.lg.jp/material/files/group/25/gomihyakka2025.pdf,32,https://www.city.ena.lg.jp/soshikiichiran/suidokankyobu/kankyoka/1/3/2/1741.html,2026-08-07,2025-04-01,2026-08-13,False
ena-269,ena,恵那市,七輪,不燃ごみ,,,恵那市ごみ百科事典（令和7年4月1日現在）,https://www.city.ena.lg.jp/material/files/group/25/gomihyakka2025.pdf,32,https://www.city.ena.lg.jp/soshikiichiran/suidokankyobu/kankyoka/1/3/2/1741.html,2026-08-07,2025-04-01,2026-08-13,False
ena-270,ena,恵那市,湿布剤,可燃ごみ,,,恵那市ごみ百科事典（令和7年4月1日現在）,https://www.city.ena.lg.jp/material/files/group/25/gomihyakka2025.pdf,32,https://www.city.ena.lg.jp/soshikiichiran/suidokankyobu/kankyoka/1/3/2/1741.html,2026-08-07,2025-04-01,2026-08-13,False
ena-271,ena,恵那市,自転車,不燃ごみ,指定袋（大）をつけて出す。電動自転車はバッテリーは外す。 バッテリーは販売店へ。,,恵那市ごみ百科事典（令和7年4月1日現在）,https://www.city.ena.lg.jp/material/files/group/25/gomihyakka2025.pdf,32,https://www.city.ena.lg.jp/soshikiichiran/suidokankyobu/kankyoka/1/3/2/1741.html,2026-08-07,2025-04-01,2026-08-13,False
ena-272,ena,恵那市,自転車用空気入れ,不燃ごみ,,,恵那市ごみ百科事典（令和7年4月1日現在）,https://www.city.ena.lg.jp/material/files/group/25/gomihyakka2025.pdf,32,https://www.city.ena.lg.jp/soshikiichiran/suidokankyobu/kankyoka/1/3/2/1741.html,2026-08-07,2025-04-01,2026-08-13,False
ena-273,ena,恵那市,竹刀,可燃ごみ,80㎝以内に切って出す。,,恵那市ごみ百科事典（令和7年4月1日現在）,https://www.city.ena.lg.jp/material/files/group/25/gomihyakka2025.pdf,32,https://www.city.ena.lg.jp/soshikiichiran/suidokankyobu/kankyoka/1/3/2/1741.html,2026-08-07,2025-04-01,2026-08-13,False
ena-274,ena,恵那市,シニアカー,回収不可,販売店へ問い合わせる。,,恵那市ごみ百科事典（令和7年4月1日現在）,https://www.city.ena.lg.jp/material/files/group/25/gomihyakka2025.pdf,32,https://www.city.ena.lg.jp/soshikiichiran/suidokankyobu/kankyoka/1/3/2/1741.html,2026-08-07,2025-04-01,2026-08-13,False
ena-275,ena,恵那市,シャープペンシル,不燃ごみ,,,恵那市ごみ百科事典（令和7年4月1日現在）,https://www.city.ena.lg.jp/material/files/group/25/gomihyakka2025.pdf,32,https://www.city.ena.lg.jp/soshikiichiran/suidokankyobu/kankyoka/1/3/2/1741.html,2026-08-07,2025-04-01,2026-08-13,False
ena-276,ena,恵那市,シャンプーボトル･詰め替え容器,可燃ごみ,ポンプの部分は不燃ごみ。,,恵那市ごみ百科事典（令和7年4月1日現在）,https://www.city.ena.lg.jp/material/files/group/25/gomihyakka2025.pdf,32,https://www.city.ena.lg.jp/soshikiichiran/suidokankyobu/kankyoka/1/3/2/1741.html,2026-08-07,2025-04-01,2026-08-13,False
ena-277,ena,恵那市,写真,可燃ごみ,,,恵那市ごみ百科事典（令和7年4月1日現在）,https://www.city.ena.lg.jp/material/files/group/25/gomihyakka2025.pdf,32,https://www.city.ena.lg.jp/soshikiichiran/suidokankyobu/kankyoka/1/3/2/1741.html,2026-08-07,2025-04-01,2026-08-13,False
ena-278,ena,恵那市,ジューサー(ミキサー),不燃ごみ,,,恵那市ごみ百科事典（令和7年4月1日現在）,https://www.city.ena.lg.jp/material/files/group/25/gomihyakka2025.pdf,32,https://www.city.ena.lg.jp/soshikiichiran/suidokankyobu/kankyoka/1/3/2/1741.html,2026-08-07,2025-04-01,2026-08-13,False
ena-279,ena,恵那市,じゅうたん(カーペット）,可燃ごみ,６畳までは、たたんで指定袋（大）をつけてだす。６畳を こえるものは直接搬入する。,,恵那市ごみ百科事典（令和7年4月1日現在）,https://www.city.ena.lg.jp/material/files/group/25/gomihyakka2025.pdf,32,https://www.city.ena.lg.jp/soshikiichiran/suidokankyobu/kankyoka/1/3/2/1741.html,2026-08-07,2025-04-01,2026-08-13,False
ena-280,ena,恵那市,充電器,不燃ごみ,,,恵那市ごみ百科事典（令和7年4月1日現在）,https://www.city.ena.lg.jp/material/files/group/25/gomihyakka2025.pdf,32,https://www.city.ena.lg.jp/soshikiichiran/suidokankyobu/kankyoka/1/3/2/1741.html,2026-08-07,2025-04-01,2026-08-13,False
ena-281,ena,恵那市,充電式電池,処理困難ごみ,協力店のリサイクルボックスへ。協力店については、一般 社団法人ＪＢＲＣへ問い合せる。エコプラザ回収可。,,恵那市ごみ百科事典（令和7年4月1日現在）,https://www.city.ena.lg.jp/material/files/group/25/gomihyakka2025.pdf,32,https://www.city.ena.lg.jp/soshikiichiran/suidokankyobu/kankyoka/1/3/2/1741.html,2026-08-07,2025-04-01,2026-08-13,True
ena-282,ena,恵那市,重箱（木・プラスチック製）,可燃ごみ,金属部分は不燃ごみ。,,恵那市ごみ百科事典（令和7年4月1日現在）,https://www.city.ena.lg.jp/material/files/group/25/gomihyakka2025.pdf,32,https://www.city.ena.lg.jp/soshikiichiran/suidokankyobu/kankyoka/1/3/2/1741.html,2026-08-07,2025-04-01,2026-08-13,False
ena-283,ena,恵那市,ジュニアシート,可燃ごみ,金属部分は不燃ごみ。,,恵那市ごみ百科事典（令和7年4月1日現在）,https://www.city.ena.lg.jp/material/files/group/25/gomihyakka2025.pdf,32,https://www.city.ena.lg.jp/soshikiichiran/suidokankyobu/kankyoka/1/3/2/1741.html,2026-08-07,2025-04-01,2026-08-13,False
ena-284,ena,恵那市,シュレッダーごみ,可燃ごみ,雑がみには入れない。,,恵那市ごみ百科事典（令和7年4月1日現在）,https://www.city.ena.lg.jp/material/files/group/25/gomihyakka2025.pdf,32,https://www.city.ena.lg.jp/soshikiichiran/suidokankyobu/kankyoka/1/3/2/1741.html,2026-08-07,2025-04-01,2026-08-13,False
ena-285,ena,恵那市,消火器,回収不可,販売店へ問い合わせる。,,恵那市ごみ百科事典（令和7年4月1日現在）,https://www.city.ena.lg.jp/material/files/group/25/gomihyakka2025.pdf,32,https://www.city.ena.lg.jp/soshikiichiran/suidokankyobu/kankyoka/1/3/2/1741.html,2026-08-07,2025-04-01,2026-08-13,False
ena-286,ena,恵那市,浄水器,不燃ごみ,,,恵那市ごみ百科事典（令和7年4月1日現在）,https://www.city.ena.lg.jp/material/files/group/25/gomihyakka2025.pdf,32,https://www.city.ena.lg.jp/soshikiichiran/suidokankyobu/kankyoka/1/3/2/1741.html,2026-08-07,2025-04-01,2026-08-13,False
ena-287,ena,恵那市,消石灰（ライン引き）,不燃ごみ,,,恵那市ごみ百科事典（令和7年4月1日現在）,https://www.city.ena.lg.jp/material/files/group/25/gomihyakka2025.pdf,32,https://www.city.ena.lg.jp/soshikiichiran/suidokankyobu/kankyoka/1/3/2/1741.html,2026-08-07,2025-04-01,2026-08-13,False
ena-288,ena,恵那市,照明器具,不燃ごみ,蛍光管は処理困難ごみ。,,恵那市ごみ百科事典（令和7年4月1日現在）,https://www.city.ena.lg.jp/material/files/group/25/gomihyakka2025.pdf,32,https://www.city.ena.lg.jp/soshikiichiran/suidokankyobu/kankyoka/1/3/2/1741.html,2026-08-07,2025-04-01,2026-08-13,False
ena-289,ena,恵那市,じょうろ（プラスチック製）,可燃ごみ,金属部分は不燃ごみ。,,恵那市ごみ百科事典（令和7年4月1日現在）,https://www.city.ena.lg.jp/material/files/group/25/gomihyakka2025.pdf,32,https://www.city.ena.lg.jp/soshikiichiran/suidokankyobu/kankyoka/1/3/2/1741.html,2026-08-07,2025-04-01,2026-08-13,False
ena-290,ena,恵那市,食用油のびん,資源ごみ,中身を使い切り、よく洗って出す。プラスチック製のフタ は可燃ごみ。,,恵那市ごみ百科事典（令和7年4月1日現在）,https://www.city.ena.lg.jp/material/files/group/25/gomihyakka2025.pdf,32,https://www.city.ena.lg.jp/soshikiichiran/suidokankyobu/kankyoka/1/3/2/1741.html,2026-08-07,2025-04-01,2026-08-13,False
ena-291,ena,恵那市,食用油のプラスチックボトル･ペットボトル,可燃ごみ,中身を使い切りよく洗って出す。金属製のフタは不燃ごみ。,,恵那市ごみ百科事典（令和7年4月1日現在）,https://www.city.ena.lg.jp/material/files/group/25/gomihyakka2025.pdf,32,https://www.city.ena.lg.jp/soshikiichiran/suidokankyobu/kankyoka/1/3/2/1741.html,2026-08-07,2025-04-01,2026-08-13,False
ena-292,ena,恵那市,除湿機,不燃ごみ,,,恵那市ごみ百科事典（令和7年4月1日現在）,https://www.city.ena.lg.jp/material/files/group/25/gomihyakka2025.pdf,32,https://www.city.ena.lg.jp/soshikiichiran/suidokankyobu/kankyoka/1/3/2/1741.html,2026-08-07,2025-04-01,2026-08-13,False
ena-293,ena,恵那市,除湿剤,可燃ごみ,液体が溜まるものは、液体を捨て容器は可燃ごみへ。,,恵那市ごみ百科事典（令和7年4月1日現在）,https://www.city.ena.lg.jp/material/files/group/25/gomihyakka2025.pdf,32,https://www.city.ena.lg.jp/soshikiichiran/suidokankyobu/kankyoka/1/3/2/1741.html,2026-08-07,2025-04-01,2026-08-13,False
ena-294,ena,恵那市,書籍、雑誌,資源ごみ,資源回収または拠点回収に出す。資源とならないものは可 燃ごみ。,,恵那市ごみ百科事典（令和7年4月1日現在）,https://www.city.ena.lg.jp/material/files/group/25/gomihyakka2025.pdf,32,https://www.city.ena.lg.jp/soshikiichiran/suidokankyobu/kankyoka/1/3/2/1741.html,2026-08-07,2025-04-01,2026-08-13,False
ena-295,ena,恵那市,食器洗い乾燥機,不燃ごみ,中に他のごみを入れない。,,恵那市ごみ百科事典（令和7年4月1日現在）,https://www.city.ena.lg.jp/material/files/group/25/gomihyakka2025.pdf,32,https://www.city.ena.lg.jp/soshikiichiran/suidokankyobu/kankyoka/1/3/2/1741.html,2026-08-07,2025-04-01,2026-08-13,False
ena-296,ena,恵那市,食器棚(木製),粗大ごみ,ステーションに出す場合は、可燃と不燃に分け、可燃は50 ㎝以内、不燃は1m以内にして出す。,,恵那市ごみ百科事典（令和7年4月1日現在）,https://www.city.ena.lg.jp/material/files/group/25/gomihyakka2025.pdf,32,https://www.city.ena.lg.jp/soshikiichiran/suidokankyobu/kankyoka/1/3/2/1741.html,2026-08-07,2025-04-01,2026-08-13,False
ena-297,ena,恵那市,書道セット,可燃ごみ,金属部分・金属製品は不燃ごみ。石製の硯などは不燃。,,恵那市ごみ百科事典（令和7年4月1日現在）,https://www.city.ena.lg.jp/material/files/group/25/gomihyakka2025.pdf,32,https://www.city.ena.lg.jp/soshikiichiran/suidokankyobu/kankyoka/1/3/2/1741.html,2026-08-07,2025-04-01,2026-08-13,False
ena-298,ena,恵那市,シリカゲル(乾燥剤),不燃ごみ,,,恵那市ごみ百科事典（令和7年4月1日現在）,https://www.city.ena.lg.jp/material/files/group/25/gomihyakka2025.pdf,32,https://www.city.ena.lg.jp/soshikiichiran/suidokankyobu/kankyoka/1/3/2/1741.html,2026-08-07,2025-04-01,2026-08-13,False
ena-299,ena,恵那市,シリコン製品,可燃ごみ,,,恵那市ごみ百科事典（令和7年4月1日現在）,https://www.city.ena.lg.jp/material/files/group/25/gomihyakka2025.pdf,32,https://www.city.ena.lg.jp/soshikiichiran/suidokankyobu/kankyoka/1/3/2/1741.html,2026-08-07,2025-04-01,2026-08-13,False
ena-300,ena,恵那市,シルバーカー（手押し車）,不燃ごみ,指定袋（大）をつけて出す。,,恵那市ごみ百科事典（令和7年4月1日現在）,https://www.city.ena.lg.jp/material/files/group/25/gomihyakka2025.pdf,32,https://www.city.ena.lg.jp/soshikiichiran/suidokankyobu/kankyoka/1/3/2/1741.html,2026-08-07,2025-04-01,2026-08-13,False
ena-301,ena,恵那市,人工芝,可燃ごみ,50㎝以内に切って出す。,,恵那市ごみ百科事典（令和7年4月1日現在）,https://www.city.ena.lg.jp/material/files/group/25/gomihyakka2025.pdf,32,https://www.city.ena.lg.jp/soshikiichiran/suidokankyobu/kankyoka/1/3/2/1741.html,2026-08-07,2025-04-01,2026-08-13,False
ena-302,ena,恵那市,シンナー,回収不可,販売店に問い合わせてください。,,恵那市ごみ百科事典（令和7年4月1日現在）,https://www.city.ena.lg.jp/material/files/group/25/gomihyakka2025.pdf,32,https://www.city.ena.lg.jp/soshikiichiran/suidokankyobu/kankyoka/1/3/2/1741.html,2026-08-07,2025-04-01,2026-08-13,False
ena-303,ena,恵那市,新聞紙,資源ごみ,資源回収または拠点回収に出す。資源とならないものは可 燃ごみ。,,恵那市ごみ百科事典（令和7年4月1日現在）,https://www.city.ena.lg.jp/material/files/group/25/gomihyakka2025.pdf,32,https://www.city.ena.lg.jp/soshikiichiran/suidokankyobu/kankyoka/1/3/2/1741.html,2026-08-07,2025-04-01,2026-08-13,False
ena-304,ena,恵那市,水銀電池,処理困難ごみ,詳細は24ページ参照。,,恵那市ごみ百科事典（令和7年4月1日現在）,https://www.city.ena.lg.jp/material/files/group/25/gomihyakka2025.pdf,32,https://www.city.ena.lg.jp/soshikiichiran/suidokankyobu/kankyoka/1/3/2/1741.html,2026-08-07,2025-04-01,2026-08-13,False
ena-305,ena,恵那市,水銀灯,処理困難ごみ,一般から出るものは回収可能。詳細24ページ参照。,,恵那市ごみ百科事典（令和7年4月1日現在）,https://www.city.ena.lg.jp/material/files/group/25/gomihyakka2025.pdf,32,https://www.city.ena.lg.jp/soshikiichiran/suidokankyobu/kankyoka/1/3/2/1741.html,2026-08-07,2025-04-01,2026-08-13,False
ena-306,ena,恵那市,水槽(ガラス製),不燃ごみ,プラスチック製品は可燃ごみ。,,恵那市ごみ百科事典（令和7年4月1日現在）,https://www.city.ena.lg.jp/material/files/group/25/gomihyakka2025.pdf,32,https://www.city.ena.lg.jp/soshikiichiran/suidokankyobu/kankyoka/1/3/2/1741.html,2026-08-07,2025-04-01,2026-08-13,False
ena-307,ena,恵那市,水中ポンプ,不燃ごみ,家庭用の物に限る。,,恵那市ごみ百科事典（令和7年4月1日現在）,https://www.city.ena.lg.jp/material/files/group/25/gomihyakka2025.pdf,32,https://www.city.ena.lg.jp/soshikiichiran/suidokankyobu/kankyoka/1/3/2/1741.html,2026-08-07,2025-04-01,2026-08-13,False
ena-308,ena,恵那市,水中メガネ,可燃ごみ,金属・ガラス部分は不燃ごみ。,,恵那市ごみ百科事典（令和7年4月1日現在）,https://www.city.ena.lg.jp/material/files/group/25/gomihyakka2025.pdf,33,https://www.city.ena.lg.jp/soshikiichiran/suidokankyobu/kankyoka/1/3/2/1741.html,2026-08-07,2025-04-01,2026-08-13,False
ena-309,ena,恵那市,水筒(金属製),不燃ごみ,プラスチック製品は可燃ごみ。,,恵那市ごみ百科事典（令和7年4月1日現在）,https://www.city.ena.lg.jp/material/files/group/25/gomihyakka2025.pdf,33,https://www.city.ena.lg.jp/soshikiichiran/suidokankyobu/kankyoka/1/3/2/1741.html,2026-08-07,2025-04-01,2026-08-13,False
ena-310,ena,恵那市,炊飯器,不燃ごみ,中に他のごみを入れない。,,恵那市ごみ百科事典（令和7年4月1日現在）,https://www.city.ena.lg.jp/material/files/group/25/gomihyakka2025.pdf,33,https://www.city.ena.lg.jp/soshikiichiran/suidokankyobu/kankyoka/1/3/2/1741.html,2026-08-07,2025-04-01,2026-08-13,False
ena-311,ena,恵那市,スーツケース（旅行用）,不燃ごみ,指定袋（大）をつけて出す。,,恵那市ごみ百科事典（令和7年4月1日現在）,https://www.city.ena.lg.jp/material/files/group/25/gomihyakka2025.pdf,33,https://www.city.ena.lg.jp/soshikiichiran/suidokankyobu/kankyoka/1/3/2/1741.html,2026-08-07,2025-04-01,2026-08-13,False
ena-312,ena,恵那市,スキー板,不燃ごみ,指定袋（大）をつけて出す。,,恵那市ごみ百科事典（令和7年4月1日現在）,https://www.city.ena.lg.jp/material/files/group/25/gomihyakka2025.pdf,33,https://www.city.ena.lg.jp/soshikiichiran/suidokankyobu/kankyoka/1/3/2/1741.html,2026-08-07,2025-04-01,2026-08-13,False
ena-313,ena,恵那市,スキーウェア,可燃ごみ,ボタン・ファスナーなど金属部分は不燃ごみ。,,恵那市ごみ百科事典（令和7年4月1日現在）,https://www.city.ena.lg.jp/material/files/group/25/gomihyakka2025.pdf,33,https://www.city.ena.lg.jp/soshikiichiran/suidokankyobu/kankyoka/1/3/2/1741.html,2026-08-07,2025-04-01,2026-08-13,False
ena-314,ena,恵那市,スキー用具,不燃ごみ,,,恵那市ごみ百科事典（令和7年4月1日現在）,https://www.city.ena.lg.jp/material/files/group/25/gomihyakka2025.pdf,33,https://www.city.ena.lg.jp/soshikiichiran/suidokankyobu/kankyoka/1/3/2/1741.html,2026-08-07,2025-04-01,2026-08-13,False
ena-315,ena,恵那市,スクーター,回収不可,販売店へ問い合わせる。,,恵那市ごみ百科事典（令和7年4月1日現在）,https://www.city.ena.lg.jp/material/files/group/25/gomihyakka2025.pdf,33,https://www.city.ena.lg.jp/soshikiichiran/suidokankyobu/kankyoka/1/3/2/1741.html,2026-08-07,2025-04-01,2026-08-13,False
ena-316,ena,恵那市,スケート靴,不燃ごみ,,,恵那市ごみ百科事典（令和7年4月1日現在）,https://www.city.ena.lg.jp/material/files/group/25/gomihyakka2025.pdf,33,https://www.city.ena.lg.jp/soshikiichiran/suidokankyobu/kankyoka/1/3/2/1741.html,2026-08-07,2025-04-01,2026-08-13,False
ena-317,ena,恵那市,スケートボード,不燃ごみ,,,恵那市ごみ百科事典（令和7年4月1日現在）,https://www.city.ena.lg.jp/material/files/group/25/gomihyakka2025.pdf,33,https://www.city.ena.lg.jp/soshikiichiran/suidokankyobu/kankyoka/1/3/2/1741.html,2026-08-07,2025-04-01,2026-08-13,False
ena-318,ena,恵那市,スコップ,不燃ごみ,プラスチック製品は可燃ごみ。,,恵那市ごみ百科事典（令和7年4月1日現在）,https://www.city.ena.lg.jp/material/files/group/25/gomihyakka2025.pdf,33,https://www.city.ena.lg.jp/soshikiichiran/suidokankyobu/kankyoka/1/3/2/1741.html,2026-08-07,2025-04-01,2026-08-13,False
ena-319,ena,恵那市,硯(すずり),不燃ごみ,,,恵那市ごみ百科事典（令和7年4月1日現在）,https://www.city.ena.lg.jp/material/files/group/25/gomihyakka2025.pdf,33,https://www.city.ena.lg.jp/soshikiichiran/suidokankyobu/kankyoka/1/3/2/1741.html,2026-08-07,2025-04-01,2026-08-13,False
ena-320,ena,恵那市,すだれ,可燃ごみ,50㎝以内に切って出す。,,恵那市ごみ百科事典（令和7年4月1日現在）,https://www.city.ena.lg.jp/material/files/group/25/gomihyakka2025.pdf,33,https://www.city.ena.lg.jp/soshikiichiran/suidokankyobu/kankyoka/1/3/2/1741.html,2026-08-07,2025-04-01,2026-08-13,False
ena-321,ena,恵那市,スタンプ台(プラスチック製),可燃ごみ,金属部分は不燃ごみ。,,恵那市ごみ百科事典（令和7年4月1日現在）,https://www.city.ena.lg.jp/material/files/group/25/gomihyakka2025.pdf,33,https://www.city.ena.lg.jp/soshikiichiran/suidokankyobu/kankyoka/1/3/2/1741.html,2026-08-07,2025-04-01,2026-08-13,False
ena-322,ena,恵那市,スチール家具,粗大ごみ,不燃ごみに出す場合は1m以内にする。1m以内にできない 場合直接処理施設に持ち込む。,,恵那市ごみ百科事典（令和7年4月1日現在）,https://www.city.ena.lg.jp/material/files/group/25/gomihyakka2025.pdf,33,https://www.city.ena.lg.jp/soshikiichiran/suidokankyobu/kankyoka/1/3/2/1741.html,2026-08-07,2025-04-01,2026-08-13,False
ena-323,ena,恵那市,スチール缶,不燃ごみ,中をよく洗って出す。汚れのないものはエコプラザ回収可。,,恵那市ごみ百科事典（令和7年4月1日現在）,https://www.city.ena.lg.jp/material/files/group/25/gomihyakka2025.pdf,33,https://www.city.ena.lg.jp/soshikiichiran/suidokankyobu/kankyoka/1/3/2/1741.html,2026-08-07,2025-04-01,2026-08-13,True
ena-324,ena,恵那市,ステッカー（シール）,可燃ごみ,金属ステッカーは不燃ごみ。,,恵那市ごみ百科事典（令和7年4月1日現在）,https://www.city.ena.lg.jp/material/files/group/25/gomihyakka2025.pdf,33,https://www.city.ena.lg.jp/soshikiichiran/suidokankyobu/kankyoka/1/3/2/1741.html,2026-08-07,2025-04-01,2026-08-13,False
ena-325,ena,恵那市,ステレオ,不燃ごみ,,,恵那市ごみ百科事典（令和7年4月1日現在）,https://www.city.ena.lg.jp/material/files/group/25/gomihyakka2025.pdf,33,https://www.city.ena.lg.jp/soshikiichiran/suidokankyobu/kankyoka/1/3/2/1741.html,2026-08-07,2025-04-01,2026-08-13,False
ena-326,ena,恵那市,ストーブ（石油・電気）,不燃ごみ,燃料を抜いて出す。電池は処理困難ごみ。指定袋に入らな い場合は指定袋（大）をつけて出す。,,恵那市ごみ百科事典（令和7年4月1日現在）,https://www.city.ena.lg.jp/material/files/group/25/gomihyakka2025.pdf,33,https://www.city.ena.lg.jp/soshikiichiran/suidokankyobu/kankyoka/1/3/2/1741.html,2026-08-07,2025-04-01,2026-08-13,False
ena-327,ena,恵那市,ストッキング,可燃ごみ,,,恵那市ごみ百科事典（令和7年4月1日現在）,https://www.city.ena.lg.jp/material/files/group/25/gomihyakka2025.pdf,33,https://www.city.ena.lg.jp/soshikiichiran/suidokankyobu/kankyoka/1/3/2/1741.html,2026-08-07,2025-04-01,2026-08-13,False
ena-328,ena,恵那市,砂・土砂,回収不可,,,恵那市ごみ百科事典（令和7年4月1日現在）,https://www.city.ena.lg.jp/material/files/group/25/gomihyakka2025.pdf,33,https://www.city.ena.lg.jp/soshikiichiran/suidokankyobu/kankyoka/1/3/2/1741.html,2026-08-07,2025-04-01,2026-08-13,False
ena-329,ena,恵那市,スニーカー,不燃ごみ,,,恵那市ごみ百科事典（令和7年4月1日現在）,https://www.city.ena.lg.jp/material/files/group/25/gomihyakka2025.pdf,33,https://www.city.ena.lg.jp/soshikiichiran/suidokankyobu/kankyoka/1/3/2/1741.html,2026-08-07,2025-04-01,2026-08-13,False
ena-330,ena,恵那市,スノーボード板,不燃ごみ,指定袋（大）をつけて出す。,,恵那市ごみ百科事典（令和7年4月1日現在）,https://www.city.ena.lg.jp/material/files/group/25/gomihyakka2025.pdf,33,https://www.city.ena.lg.jp/soshikiichiran/suidokankyobu/kankyoka/1/3/2/1741.html,2026-08-07,2025-04-01,2026-08-13,False
ena-331,ena,恵那市,すのこ,不燃ごみ,,,恵那市ごみ百科事典（令和7年4月1日現在）,https://www.city.ena.lg.jp/material/files/group/25/gomihyakka2025.pdf,33,https://www.city.ena.lg.jp/soshikiichiran/suidokankyobu/kankyoka/1/3/2/1741.html,2026-08-07,2025-04-01,2026-08-13,False
ena-332,ena,恵那市,スパイクシューズ,不燃ごみ,,,恵那市ごみ百科事典（令和7年4月1日現在）,https://www.city.ena.lg.jp/material/files/group/25/gomihyakka2025.pdf,33,https://www.city.ena.lg.jp/soshikiichiran/suidokankyobu/kankyoka/1/3/2/1741.html,2026-08-07,2025-04-01,2026-08-13,False
ena-333,ena,恵那市,スパナ,不燃ごみ,エコプラザ回収可。,,恵那市ごみ百科事典（令和7年4月1日現在）,https://www.city.ena.lg.jp/material/files/group/25/gomihyakka2025.pdf,33,https://www.city.ena.lg.jp/soshikiichiran/suidokankyobu/kankyoka/1/3/2/1741.html,2026-08-07,2025-04-01,2026-08-13,True
ena-334,ena,恵那市,スピーカー,不燃ごみ,,,恵那市ごみ百科事典（令和7年4月1日現在）,https://www.city.ena.lg.jp/material/files/group/25/gomihyakka2025.pdf,33,https://www.city.ena.lg.jp/soshikiichiran/suidokankyobu/kankyoka/1/3/2/1741.html,2026-08-07,2025-04-01,2026-08-13,False
ena-335,ena,恵那市,スプリングベッド,粗大ごみ,処理施設へ直接搬入。,,恵那市ごみ百科事典（令和7年4月1日現在）,https://www.city.ena.lg.jp/material/files/group/25/gomihyakka2025.pdf,33,https://www.city.ena.lg.jp/soshikiichiran/suidokankyobu/kankyoka/1/3/2/1741.html,2026-08-07,2025-04-01,2026-08-13,False
ena-336,ena,恵那市,スプレー缶,不燃ごみ,中身を使い切り穴を開ける。キャップは可燃ごみ。エコプ ラザ回収可。,,恵那市ごみ百科事典（令和7年4月1日現在）,https://www.city.ena.lg.jp/material/files/group/25/gomihyakka2025.pdf,33,https://www.city.ena.lg.jp/soshikiichiran/suidokankyobu/kankyoka/1/3/2/1741.html,2026-08-07,2025-04-01,2026-08-13,False
ena-337,ena,恵那市,スポンジ,可燃ごみ,50㎝以内に切って出す。キッチンスポンジはエコプラザ回 収可。,,恵那市ごみ百科事典（令和7年4月1日現在）,https://www.city.ena.lg.jp/material/files/group/25/gomihyakka2025.pdf,33,https://www.city.ena.lg.jp/soshikiichiran/suidokankyobu/kankyoka/1/3/2/1741.html,2026-08-07,2025-04-01,2026-08-13,True
ena-338,ena,恵那市,スマートフォン,処理困難ごみ,出来るだけ販売店やエコプラザ、回収ボックスへ出す。,,恵那市ごみ百科事典（令和7年4月1日現在）,https://www.city.ena.lg.jp/material/files/group/25/gomihyakka2025.pdf,33,https://www.city.ena.lg.jp/soshikiichiran/suidokankyobu/kankyoka/1/3/2/1741.html,2026-08-07,2025-04-01,2026-08-13,True
ena-339,ena,恵那市,スマートフォンケース,可燃ごみ,金属部分は不燃ごみ。,,恵那市ごみ百科事典（令和7年4月1日現在）,https://www.city.ena.lg.jp/material/files/group/25/gomihyakka2025.pdf,33,https://www.city.ena.lg.jp/soshikiichiran/suidokankyobu/kankyoka/1/3/2/1741.html,2026-08-07,2025-04-01,2026-08-13,False
ena-340,ena,恵那市,炭,不燃ごみ,但し、任意の袋（紙袋・ビニール袋等）に入れ、木炭と明 記してください。明記した文字が収集担当者に分かるよう に指定の不燃ごみ袋に入れて出してください。,,恵那市ごみ百科事典（令和7年4月1日現在）,https://www.city.ena.lg.jp/material/files/group/25/gomihyakka2025.pdf,33,https://www.city.ena.lg.jp/soshikiichiran/suidokankyobu/kankyoka/1/3/2/1741.html,2026-08-07,2025-04-01,2026-08-13,False
ena-341,ena,恵那市,スリッパ,不燃ごみ,布製品は可燃ごみ。,,恵那市ごみ百科事典（令和7年4月1日現在）,https://www.city.ena.lg.jp/material/files/group/25/gomihyakka2025.pdf,33,https://www.city.ena.lg.jp/soshikiichiran/suidokankyobu/kankyoka/1/3/2/1741.html,2026-08-07,2025-04-01,2026-08-13,False
ena-342,ena,恵那市,スレート,回収不可,建設・建築業者へ問い合わせる。,,恵那市ごみ百科事典（令和7年4月1日現在）,https://www.city.ena.lg.jp/material/files/group/25/gomihyakka2025.pdf,33,https://www.city.ena.lg.jp/soshikiichiran/suidokankyobu/kankyoka/1/3/2/1741.html,2026-08-07,2025-04-01,2026-08-13,False
ena-343,ena,恵那市,生花,可燃ごみ,乾かしてから出す。,,恵那市ごみ百科事典（令和7年4月1日現在）,https://www.city.ena.lg.jp/material/files/group/25/gomihyakka2025.pdf,33,https://www.city.ena.lg.jp/soshikiichiran/suidokankyobu/kankyoka/1/3/2/1741.html,2026-08-07,2025-04-01,2026-08-13,False
ena-344,ena,恵那市,精米機,粗大ごみ,,,恵那市ごみ百科事典（令和7年4月1日現在）,https://www.city.ena.lg.jp/material/files/group/25/gomihyakka2025.pdf,33,https://www.city.ena.lg.jp/soshikiichiran/suidokankyobu/kankyoka/1/3/2/1741.html,2026-08-07,2025-04-01,2026-08-13,False
ena-345,ena,恵那市,生理用品,可燃ごみ,,,恵那市ごみ百科事典（令和7年4月1日現在）,https://www.city.ena.lg.jp/material/files/group/25/gomihyakka2025.pdf,33,https://www.city.ena.lg.jp/soshikiichiran/suidokankyobu/kankyoka/1/3/2/1741.html,2026-08-07,2025-04-01,2026-08-13,False
ena-346,ena,恵那市,石油ポンプ(電池駆動式),不燃ごみ,電池は処理困難ごみ。プラスチック製の石油ポンプは可燃 ごみ。,,恵那市ごみ百科事典（令和7年4月1日現在）,https://www.city.ena.lg.jp/material/files/group/25/gomihyakka2025.pdf,33,https://www.city.ena.lg.jp/soshikiichiran/suidokankyobu/kankyoka/1/3/2/1741.html,2026-08-07,2025-04-01,2026-08-13,False
ena-347,ena,恵那市,石鹸,可燃ごみ,,,恵那市ごみ百科事典（令和7年4月1日現在）,https://www.city.ena.lg.jp/material/files/group/25/gomihyakka2025.pdf,33,https://www.city.ena.lg.jp/soshikiichiran/suidokankyobu/kankyoka/1/3/2/1741.html,2026-08-07,2025-04-01,2026-08-13,False
ena-348,ena,恵那市,石膏・石膏ボード,回収不可,取扱店へ問合せる。,,恵那市ごみ百科事典（令和7年4月1日現在）,https://www.city.ena.lg.jp/material/files/group/25/gomihyakka2025.pdf,33,https://www.city.ena.lg.jp/soshikiichiran/suidokankyobu/kankyoka/1/3/2/1741.html,2026-08-07,2025-04-01,2026-08-13,False
ena-349,ena,恵那市,接着剤のチューブ,可燃ごみ,中身を使い切って出す。金属製品は不燃ごみ。,,恵那市ごみ百科事典（令和7年4月1日現在）,https://www.city.ena.lg.jp/material/files/group/25/gomihyakka2025.pdf,33,https://www.city.ena.lg.jp/soshikiichiran/suidokankyobu/kankyoka/1/3/2/1741.html,2026-08-07,2025-04-01,2026-08-13,False
ena-350,ena,恵那市,洗剤の紙箱,可燃ごみ,空にして出す。匂いが強い為、資源には出さない。,,恵那市ごみ百科事典（令和7年4月1日現在）,https://www.city.ena.lg.jp/material/files/group/25/gomihyakka2025.pdf,33,https://www.city.ena.lg.jp/soshikiichiran/suidokankyobu/kankyoka/1/3/2/1741.html,2026-08-07,2025-04-01,2026-08-13,False
ena-351,ena,恵那市,洗濯機,家電リサイクル,詳細は11・12ページ参照。,,恵那市ごみ百科事典（令和7年4月1日現在）,https://www.city.ena.lg.jp/material/files/group/25/gomihyakka2025.pdf,33,https://www.city.ena.lg.jp/soshikiichiran/suidokankyobu/kankyoka/1/3/2/1741.html,2026-08-07,2025-04-01,2026-08-13,False
ena-352,ena,恵那市,洗濯バサミ,不燃ごみ,,,恵那市ごみ百科事典（令和7年4月1日現在）,https://www.city.ena.lg.jp/material/files/group/25/gomihyakka2025.pdf,33,https://www.city.ena.lg.jp/soshikiichiran/suidokankyobu/kankyoka/1/3/2/1741.html,2026-08-07,2025-04-01,2026-08-13,False
ena-353,ena,恵那市,剪定ばさみ,不燃ごみ,刃をガムテープ等で覆って出す。,,恵那市ごみ百科事典（令和7年4月1日現在）,https://www.city.ena.lg.jp/material/files/group/25/gomihyakka2025.pdf,33,https://www.city.ena.lg.jp/soshikiichiran/suidokankyobu/kankyoka/1/3/2/1741.html,2026-08-07,2025-04-01,2026-08-13,False
ena-354,ena,恵那市,栓抜き,不燃ごみ,,,恵那市ごみ百科事典（令和7年4月1日現在）,https://www.city.ena.lg.jp/material/files/group/25/gomihyakka2025.pdf,33,https://www.city.ena.lg.jp/soshikiichiran/suidokankyobu/kankyoka/1/3/2/1741.html,2026-08-07,2025-04-01,2026-08-13,False
ena-355,ena,恵那市,扇風機,不燃ごみ,,,恵那市ごみ百科事典（令和7年4月1日現在）,https://www.city.ena.lg.jp/material/files/group/25/gomihyakka2025.pdf,33,https://www.city.ena.lg.jp/soshikiichiran/suidokankyobu/kankyoka/1/3/2/1741.html,2026-08-07,2025-04-01,2026-08-13,False
ena-356,ena,恵那市,洗面台,粗大ごみ,不燃ごみで出す場合は1m以内にする。1m以内にできない 場合は直接処理施設に持ち込む。,,恵那市ごみ百科事典（令和7年4月1日現在）,https://www.city.ena.lg.jp/material/files/group/25/gomihyakka2025.pdf,34,https://www.city.ena.lg.jp/soshikiichiran/suidokankyobu/kankyoka/1/3/2/1741.html,2026-08-07,2025-04-01,2026-08-13,False
ena-357,ena,恵那市,造花,可燃ごみ,金属部分は不燃ごみ。,,恵那市ごみ百科事典（令和7年4月1日現在）,https://www.city.ena.lg.jp/material/files/group/25/gomihyakka2025.pdf,34,https://www.city.ena.lg.jp/soshikiichiran/suidokankyobu/kankyoka/1/3/2/1741.html,2026-08-07,2025-04-01,2026-08-13,False
ena-358,ena,恵那市,双眼鏡,不燃ごみ,プラスチック製は可燃ごみ。,,恵那市ごみ百科事典（令和7年4月1日現在）,https://www.city.ena.lg.jp/material/files/group/25/gomihyakka2025.pdf,34,https://www.city.ena.lg.jp/soshikiichiran/suidokankyobu/kankyoka/1/3/2/1741.html,2026-08-07,2025-04-01,2026-08-13,False
ena-359,ena,恵那市,掃除機,不燃ごみ,紙パック、ごみを取り出し空にして出す。,,恵那市ごみ百科事典（令和7年4月1日現在）,https://www.city.ena.lg.jp/material/files/group/25/gomihyakka2025.pdf,34,https://www.city.ena.lg.jp/soshikiichiran/suidokankyobu/kankyoka/1/3/2/1741.html,2026-08-07,2025-04-01,2026-08-13,False
ena-360,ena,恵那市,ぞうり,不燃ごみ,布製品は可燃ごみ。,,恵那市ごみ百科事典（令和7年4月1日現在）,https://www.city.ena.lg.jp/material/files/group/25/gomihyakka2025.pdf,34,https://www.city.ena.lg.jp/soshikiichiran/suidokankyobu/kankyoka/1/3/2/1741.html,2026-08-07,2025-04-01,2026-08-13,False
ena-361,ena,恵那市,ソリ(雪ソリ),可燃ごみ,金属部分は不燃ごみ。,,恵那市ごみ百科事典（令和7年4月1日現在）,https://www.city.ena.lg.jp/material/files/group/25/gomihyakka2025.pdf,34,https://www.city.ena.lg.jp/soshikiichiran/suidokankyobu/kankyoka/1/3/2/1741.html,2026-08-07,2025-04-01,2026-08-13,False
ena-362,ena,恵那市,体温計,処理困難ごみ,詳細は24ページ参照。エコプラザ回収可。,,恵那市ごみ百科事典（令和7年4月1日現在）,https://www.city.ena.lg.jp/material/files/group/25/gomihyakka2025.pdf,34,https://www.city.ena.lg.jp/soshikiichiran/suidokankyobu/kankyoka/1/3/2/1741.html,2026-08-07,2025-04-01,2026-08-13,True
ena-363,ena,恵那市,体重計（ヘルスメーター）,不燃ごみ,電池は処理困難ごみ。,,恵那市ごみ百科事典（令和7年4月1日現在）,https://www.city.ena.lg.jp/material/files/group/25/gomihyakka2025.pdf,34,https://www.city.ena.lg.jp/soshikiichiran/suidokankyobu/kankyoka/1/3/2/1741.html,2026-08-07,2025-04-01,2026-08-13,False
ena-364,ena,恵那市,タイヤ（車・バイク用）,回収不可,販売店・ガソリンスタンドに問い合わせる。,,恵那市ごみ百科事典（令和7年4月1日現在）,https://www.city.ena.lg.jp/material/files/group/25/gomihyakka2025.pdf,34,https://www.city.ena.lg.jp/soshikiichiran/suidokankyobu/kankyoka/1/3/2/1741.html,2026-08-07,2025-04-01,2026-08-13,False
ena-365,ena,恵那市,タイヤ（自転車・作業用一輪車）,不燃ごみ,,,恵那市ごみ百科事典（令和7年4月1日現在）,https://www.city.ena.lg.jp/material/files/group/25/gomihyakka2025.pdf,34,https://www.city.ena.lg.jp/soshikiichiran/suidokankyobu/kankyoka/1/3/2/1741.html,2026-08-07,2025-04-01,2026-08-13,False
ena-366,ena,恵那市,タイヤチェーン,不燃ごみ,プラスチック製の容器は可燃ごみ。鎖のものはエコプラザ 回収可。,,恵那市ごみ百科事典（令和7年4月1日現在）,https://www.city.ena.lg.jp/material/files/group/25/gomihyakka2025.pdf,34,https://www.city.ena.lg.jp/soshikiichiran/suidokankyobu/kankyoka/1/3/2/1741.html,2026-08-07,2025-04-01,2026-08-13,True
ena-367,ena,恵那市,タイヤホイール,不燃ごみ,指定袋（大）に入れるか入らない時は１本につき１枚指定 袋（大）をつけて出す。エコプラザ回収可。,,恵那市ごみ百科事典（令和7年4月1日現在）,https://www.city.ena.lg.jp/material/files/group/25/gomihyakka2025.pdf,34,https://www.city.ena.lg.jp/soshikiichiran/suidokankyobu/kankyoka/1/3/2/1741.html,2026-08-07,2025-04-01,2026-08-13,True
ena-368,ena,恵那市,タイル,粗大ごみ,1回の持込みは軽トラック1台分まで。個人作業で出たもの に限る。,,恵那市ごみ百科事典（令和7年4月1日現在）,https://www.city.ena.lg.jp/material/files/group/25/gomihyakka2025.pdf,34,https://www.city.ena.lg.jp/soshikiichiran/suidokankyobu/kankyoka/1/3/2/1741.html,2026-08-07,2025-04-01,2026-08-13,False
ena-369,ena,恵那市,タオルケット,可燃ごみ,50㎝以内に切って出す。処理施設に直接搬入する場合は切 らなくてもよい。,,恵那市ごみ百科事典（令和7年4月1日現在）,https://www.city.ena.lg.jp/material/files/group/25/gomihyakka2025.pdf,34,https://www.city.ena.lg.jp/soshikiichiran/suidokankyobu/kankyoka/1/3/2/1741.html,2026-08-07,2025-04-01,2026-08-13,False
ena-370,ena,恵那市,竹,可燃ごみ,80㎝以内に切って出す。,,恵那市ごみ百科事典（令和7年4月1日現在）,https://www.city.ena.lg.jp/material/files/group/25/gomihyakka2025.pdf,34,https://www.city.ena.lg.jp/soshikiichiran/suidokankyobu/kankyoka/1/3/2/1741.html,2026-08-07,2025-04-01,2026-08-13,False
ena-371,ena,恵那市,畳,粗大ごみ,処理施設へ直接搬入。,,恵那市ごみ百科事典（令和7年4月1日現在）,https://www.city.ena.lg.jp/material/files/group/25/gomihyakka2025.pdf,34,https://www.city.ena.lg.jp/soshikiichiran/suidokankyobu/kankyoka/1/3/2/1741.html,2026-08-07,2025-04-01,2026-08-13,False
ena-372,ena,恵那市,脱酸素剤（鉄粉）,不燃ごみ,,,恵那市ごみ百科事典（令和7年4月1日現在）,https://www.city.ena.lg.jp/material/files/group/25/gomihyakka2025.pdf,34,https://www.city.ena.lg.jp/soshikiichiran/suidokankyobu/kankyoka/1/3/2/1741.html,2026-08-07,2025-04-01,2026-08-13,False
ena-373,ena,恵那市,脱臭剤,可燃ごみ,,,恵那市ごみ百科事典（令和7年4月1日現在）,https://www.city.ena.lg.jp/material/files/group/25/gomihyakka2025.pdf,34,https://www.city.ena.lg.jp/soshikiichiran/suidokankyobu/kankyoka/1/3/2/1741.html,2026-08-07,2025-04-01,2026-08-13,False
ena-374,ena,恵那市,タブレット,不燃ごみ,エコプラザ回収可。,,恵那市ごみ百科事典（令和7年4月1日現在）,https://www.city.ena.lg.jp/material/files/group/25/gomihyakka2025.pdf,34,https://www.city.ena.lg.jp/soshikiichiran/suidokankyobu/kankyoka/1/3/2/1741.html,2026-08-07,2025-04-01,2026-08-13,True
ena-375,ena,恵那市,卵の殻,可燃ごみ,,,恵那市ごみ百科事典（令和7年4月1日現在）,https://www.city.ena.lg.jp/material/files/group/25/gomihyakka2025.pdf,34,https://www.city.ena.lg.jp/soshikiichiran/suidokankyobu/kankyoka/1/3/2/1741.html,2026-08-07,2025-04-01,2026-08-13,False
ena-376,ena,恵那市,たも網,可燃ごみ,金属部分は不燃ごみ。,,恵那市ごみ百科事典（令和7年4月1日現在）,https://www.city.ena.lg.jp/material/files/group/25/gomihyakka2025.pdf,34,https://www.city.ena.lg.jp/soshikiichiran/suidokankyobu/kankyoka/1/3/2/1741.html,2026-08-07,2025-04-01,2026-08-13,False
ena-377,ena,恵那市,(cid:7738)(木･プラスチック製),可燃ごみ,金属部分は不燃ごみ。,,恵那市ごみ百科事典（令和7年4月1日現在）,https://www.city.ena.lg.jp/material/files/group/25/gomihyakka2025.pdf,34,https://www.city.ena.lg.jp/soshikiichiran/suidokankyobu/kankyoka/1/3/2/1741.html,2026-08-07,2025-04-01,2026-08-13,False
ena-378,ena,恵那市,たわし,不燃ごみ,スポンジ・プラスチック製品は可燃ごみ。,,恵那市ごみ百科事典（令和7年4月1日現在）,https://www.city.ena.lg.jp/material/files/group/25/gomihyakka2025.pdf,34,https://www.city.ena.lg.jp/soshikiichiran/suidokankyobu/kankyoka/1/3/2/1741.html,2026-08-07,2025-04-01,2026-08-13,False
ena-379,ena,恵那市,単車（バイク）,回収不可,販売店へ問い合わせる。,,恵那市ごみ百科事典（令和7年4月1日現在）,https://www.city.ena.lg.jp/material/files/group/25/gomihyakka2025.pdf,34,https://www.city.ena.lg.jp/soshikiichiran/suidokankyobu/kankyoka/1/3/2/1741.html,2026-08-07,2025-04-01,2026-08-13,False
ena-380,ena,恵那市,たんす(木製),粗大ごみ,可燃ごみで出す場合は50㎝以内にする。50㎝以内にでき ない場合は直接処理施設に持ち込む。,,恵那市ごみ百科事典（令和7年4月1日現在）,https://www.city.ena.lg.jp/material/files/group/25/gomihyakka2025.pdf,34,https://www.city.ena.lg.jp/soshikiichiran/suidokankyobu/kankyoka/1/3/2/1741.html,2026-08-07,2025-04-01,2026-08-13,False
ena-381,ena,恵那市,断熱材（グラスウール）,粗大ごみ,1回の持込みは軽トラック1台分まで。個人作業で出たもの に限る。,,恵那市ごみ百科事典（令和7年4月1日現在）,https://www.city.ena.lg.jp/material/files/group/25/gomihyakka2025.pdf,34,https://www.city.ena.lg.jp/soshikiichiran/suidokankyobu/kankyoka/1/3/2/1741.html,2026-08-07,2025-04-01,2026-08-13,False
ena-382,ena,恵那市,ダンベル（バーベル）,不燃ごみ,1ｍを超えるものは直接処理施設に持ち込む。金属製はエ コプラザ回収可。,,恵那市ごみ百科事典（令和7年4月1日現在）,https://www.city.ena.lg.jp/material/files/group/25/gomihyakka2025.pdf,34,https://www.city.ena.lg.jp/soshikiichiran/suidokankyobu/kankyoka/1/3/2/1741.html,2026-08-07,2025-04-01,2026-08-13,False
ena-383,ena,恵那市,段ボール,資源ごみ,資源回収または拠点回収に出す。資源とならないものは可 燃ごみ。,,恵那市ごみ百科事典（令和7年4月1日現在）,https://www.city.ena.lg.jp/material/files/group/25/gomihyakka2025.pdf,34,https://www.city.ena.lg.jp/soshikiichiran/suidokankyobu/kankyoka/1/3/2/1741.html,2026-08-07,2025-04-01,2026-08-13,False
ena-384,ena,恵那市,チェーンソー,不燃ごみ,燃料を抜いて出す。刃も不燃ごみ。,,恵那市ごみ百科事典（令和7年4月1日現在）,https://www.city.ena.lg.jp/material/files/group/25/gomihyakka2025.pdf,34,https://www.city.ena.lg.jp/soshikiichiran/suidokankyobu/kankyoka/1/3/2/1741.html,2026-08-07,2025-04-01,2026-08-13,False
ena-385,ena,恵那市,チャイルドシート,不燃ごみ,布部分は可燃ごみ。分別して出す。,,恵那市ごみ百科事典（令和7年4月1日現在）,https://www.city.ena.lg.jp/material/files/group/25/gomihyakka2025.pdf,34,https://www.city.ena.lg.jp/soshikiichiran/suidokankyobu/kankyoka/1/3/2/1741.html,2026-08-07,2025-04-01,2026-08-13,False
ena-386,ena,恵那市,茶がら,可燃ごみ,十分に水切りをして出す。,,恵那市ごみ百科事典（令和7年4月1日現在）,https://www.city.ena.lg.jp/material/files/group/25/gomihyakka2025.pdf,34,https://www.city.ena.lg.jp/soshikiichiran/suidokankyobu/kankyoka/1/3/2/1741.html,2026-08-07,2025-04-01,2026-08-13,False
ena-387,ena,恵那市,茶わん,不燃ごみ,木･プラスチック製品は可燃ごみ。,,恵那市ごみ百科事典（令和7年4月1日現在）,https://www.city.ena.lg.jp/material/files/group/25/gomihyakka2025.pdf,34,https://www.city.ena.lg.jp/soshikiichiran/suidokankyobu/kankyoka/1/3/2/1741.html,2026-08-07,2025-04-01,2026-08-13,False
ena-388,ena,恵那市,注射器,回収不可,調剤薬局または医療機関にお問い合わせください。,,恵那市ごみ百科事典（令和7年4月1日現在）,https://www.city.ena.lg.jp/material/files/group/25/gomihyakka2025.pdf,34,https://www.city.ena.lg.jp/soshikiichiran/suidokankyobu/kankyoka/1/3/2/1741.html,2026-08-07,2025-04-01,2026-08-13,False
ena-389,ena,恵那市,注射針,回収不可,調剤薬局または医療機関にお問い合わせください。,,恵那市ごみ百科事典（令和7年4月1日現在）,https://www.city.ena.lg.jp/material/files/group/25/gomihyakka2025.pdf,34,https://www.city.ena.lg.jp/soshikiichiran/suidokankyobu/kankyoka/1/3/2/1741.html,2026-08-07,2025-04-01,2026-08-13,False
ena-390,ena,恵那市,チューナーレステレビ,不燃ごみ,テレビチューナーを内蔵していないものは家電リサイクル 対象外です。,,恵那市ごみ百科事典（令和7年4月1日現在）,https://www.city.ena.lg.jp/material/files/group/25/gomihyakka2025.pdf,34,https://www.city.ena.lg.jp/soshikiichiran/suidokankyobu/kankyoka/1/3/2/1741.html,2026-08-07,2025-04-01,2026-08-13,False
ena-391,ena,恵那市,チューブ,可燃ごみ,金属部分は不燃ごみ。,,恵那市ごみ百科事典（令和7年4月1日現在）,https://www.city.ena.lg.jp/material/files/group/25/gomihyakka2025.pdf,34,https://www.city.ena.lg.jp/soshikiichiran/suidokankyobu/kankyoka/1/3/2/1741.html,2026-08-07,2025-04-01,2026-08-13,False
ena-392,ena,恵那市,ちょうちん,可燃ごみ,金属部分は不燃ごみ。,,恵那市ごみ百科事典（令和7年4月1日現在）,https://www.city.ena.lg.jp/material/files/group/25/gomihyakka2025.pdf,34,https://www.city.ena.lg.jp/soshikiichiran/suidokankyobu/kankyoka/1/3/2/1741.html,2026-08-07,2025-04-01,2026-08-13,False
ena-393,ena,恵那市,チョーク,可燃ごみ,,,恵那市ごみ百科事典（令和7年4月1日現在）,https://www.city.ena.lg.jp/material/files/group/25/gomihyakka2025.pdf,34,https://www.city.ena.lg.jp/soshikiichiran/suidokankyobu/kankyoka/1/3/2/1741.html,2026-08-07,2025-04-01,2026-08-13,False
ena-394,ena,恵那市,チラシ(新聞折り込み),資源ごみ,資源回収または拠点回収に出す。資源とならないものは可 燃ごみ。新聞紙と分別必要。,,恵那市ごみ百科事典（令和7年4月1日現在）,https://www.city.ena.lg.jp/material/files/group/25/gomihyakka2025.pdf,34,https://www.city.ena.lg.jp/soshikiichiran/suidokankyobu/kankyoka/1/3/2/1741.html,2026-08-07,2025-04-01,2026-08-13,False
ena-395,ena,恵那市,ちりとり,可燃ごみ,金属部分は不燃ごみ。,,恵那市ごみ百科事典（令和7年4月1日現在）,https://www.city.ena.lg.jp/material/files/group/25/gomihyakka2025.pdf,34,https://www.city.ena.lg.jp/soshikiichiran/suidokankyobu/kankyoka/1/3/2/1741.html,2026-08-07,2025-04-01,2026-08-13,False
ena-396,ena,恵那市,使い捨てカメラ（レンズ付きフィルム）,不燃ごみ,電池は処理困難ごみ。,,恵那市ごみ百科事典（令和7年4月1日現在）,https://www.city.ena.lg.jp/material/files/group/25/gomihyakka2025.pdf,34,https://www.city.ena.lg.jp/soshikiichiran/suidokankyobu/kankyoka/1/3/2/1741.html,2026-08-07,2025-04-01,2026-08-13,False
ena-397,ena,恵那市,机(木製),粗大ごみ,ステーションに出す場合は可燃と不燃に分け、可燃は50㎝ 以内・不燃は1ｍ以内にして出す。小さくできない場合は 直接処理施設に持ち込む。,,恵那市ごみ百科事典（令和7年4月1日現在）,https://www.city.ena.lg.jp/material/files/group/25/gomihyakka2025.pdf,34,https://www.city.ena.lg.jp/soshikiichiran/suidokankyobu/kankyoka/1/3/2/1741.html,2026-08-07,2025-04-01,2026-08-13,False
ena-398,ena,恵那市,漬け物石,回収不可,コンクリート製品は直接処理施設に持ち込む。,,恵那市ごみ百科事典（令和7年4月1日現在）,https://www.city.ena.lg.jp/material/files/group/25/gomihyakka2025.pdf,34,https://www.city.ena.lg.jp/soshikiichiran/suidokankyobu/kankyoka/1/3/2/1741.html,2026-08-07,2025-04-01,2026-08-13,False
ena-399,ena,恵那市,壷（つぼ）,不燃ごみ,木・プラスチック製品は可燃ごみ。,,恵那市ごみ百科事典（令和7年4月1日現在）,https://www.city.ena.lg.jp/material/files/group/25/gomihyakka2025.pdf,34,https://www.city.ena.lg.jp/soshikiichiran/suidokankyobu/kankyoka/1/3/2/1741.html,2026-08-07,2025-04-01,2026-08-13,False
ena-400,ena,恵那市,積み木,可燃ごみ,金属部分は不燃ごみ。,,恵那市ごみ百科事典（令和7年4月1日現在）,https://www.city.ena.lg.jp/material/files/group/25/gomihyakka2025.pdf,34,https://www.city.ena.lg.jp/soshikiichiran/suidokankyobu/kankyoka/1/3/2/1741.html,2026-08-07,2025-04-01,2026-08-13,False
ena-401,ena,恵那市,つめ切り,不燃ごみ,,,恵那市ごみ百科事典（令和7年4月1日現在）,https://www.city.ena.lg.jp/material/files/group/25/gomihyakka2025.pdf,35,https://www.city.ena.lg.jp/soshikiichiran/suidokankyobu/kankyoka/1/3/2/1741.html,2026-08-07,2025-04-01,2026-08-13,False
ena-402,ena,恵那市,釣り糸,可燃ごみ,50㎝以内に切って出す。,,恵那市ごみ百科事典（令和7年4月1日現在）,https://www.city.ena.lg.jp/material/files/group/25/gomihyakka2025.pdf,35,https://www.city.ena.lg.jp/soshikiichiran/suidokankyobu/kankyoka/1/3/2/1741.html,2026-08-07,2025-04-01,2026-08-13,False
ena-403,ena,恵那市,釣りざお(グラスファイバー製),不燃ごみ,竹製のさおは80㎝以内に切って可燃ごみ。袋に入らない場 合は指定袋（大）をつける。80㎝以内にできない場合は直 接処理施設に持ち込む。,,恵那市ごみ百科事典（令和7年4月1日現在）,https://www.city.ena.lg.jp/material/files/group/25/gomihyakka2025.pdf,35,https://www.city.ena.lg.jp/soshikiichiran/suidokankyobu/kankyoka/1/3/2/1741.html,2026-08-07,2025-04-01,2026-08-13,False
ena-404,ena,恵那市,釣り針,不燃ごみ,ガムテープ等で覆い「針」と明記する。,,恵那市ごみ百科事典（令和7年4月1日現在）,https://www.city.ena.lg.jp/material/files/group/25/gomihyakka2025.pdf,35,https://www.city.ena.lg.jp/soshikiichiran/suidokankyobu/kankyoka/1/3/2/1741.html,2026-08-07,2025-04-01,2026-08-13,False
ena-405,ena,恵那市,釣り用リール,不燃ごみ,糸は50㎝以内に切って可燃ごみ。,,恵那市ごみ百科事典（令和7年4月1日現在）,https://www.city.ena.lg.jp/material/files/group/25/gomihyakka2025.pdf,35,https://www.city.ena.lg.jp/soshikiichiran/suidokankyobu/kankyoka/1/3/2/1741.html,2026-08-07,2025-04-01,2026-08-13,False
ena-406,ena,恵那市,ティッシュペーパーの箱,資源ごみ,資源回収または拠点回収に出す（エコプラザ回収可）。資源 とならないものは（ビニール部分）可燃ごみ。,,恵那市ごみ百科事典（令和7年4月1日現在）,https://www.city.ena.lg.jp/material/files/group/25/gomihyakka2025.pdf,35,https://www.city.ena.lg.jp/soshikiichiran/suidokankyobu/kankyoka/1/3/2/1741.html,2026-08-07,2025-04-01,2026-08-13,True
ena-407,ena,恵那市,ＤＶＤ,可燃ごみ,エコプラザ回収可。,,恵那市ごみ百科事典（令和7年4月1日現在）,https://www.city.ena.lg.jp/material/files/group/25/gomihyakka2025.pdf,35,https://www.city.ena.lg.jp/soshikiichiran/suidokankyobu/kankyoka/1/3/2/1741.html,2026-08-07,2025-04-01,2026-08-13,True
ena-408,ena,恵那市,ＤＶＤプレーヤー・レコーダー,不燃ごみ,,,恵那市ごみ百科事典（令和7年4月1日現在）,https://www.city.ena.lg.jp/material/files/group/25/gomihyakka2025.pdf,35,https://www.city.ena.lg.jp/soshikiichiran/suidokankyobu/kankyoka/1/3/2/1741.html,2026-08-07,2025-04-01,2026-08-13,False
ena-409,ena,恵那市,テーブルクロス,可燃ごみ,50㎝以内に切って出す。処理施設に直接搬入する場合は切 らなくてもよい。,,恵那市ごみ百科事典（令和7年4月1日現在）,https://www.city.ena.lg.jp/material/files/group/25/gomihyakka2025.pdf,35,https://www.city.ena.lg.jp/soshikiichiran/suidokankyobu/kankyoka/1/3/2/1741.html,2026-08-07,2025-04-01,2026-08-13,False
ena-410,ena,恵那市,デスクマット,可燃ごみ,50㎝以内に切って出す。,,恵那市ごみ百科事典（令和7年4月1日現在）,https://www.city.ena.lg.jp/material/files/group/25/gomihyakka2025.pdf,35,https://www.city.ena.lg.jp/soshikiichiran/suidokankyobu/kankyoka/1/3/2/1741.html,2026-08-07,2025-04-01,2026-08-13,False
ena-411,ena,恵那市,鉄アレイ,不燃ごみ,エコプラザ回収可。,,恵那市ごみ百科事典（令和7年4月1日現在）,https://www.city.ena.lg.jp/material/files/group/25/gomihyakka2025.pdf,35,https://www.city.ena.lg.jp/soshikiichiran/suidokankyobu/kankyoka/1/3/2/1741.html,2026-08-07,2025-04-01,2026-08-13,True
ena-412,ena,恵那市,テニスボール,可燃ごみ,,,恵那市ごみ百科事典（令和7年4月1日現在）,https://www.city.ena.lg.jp/material/files/group/25/gomihyakka2025.pdf,35,https://www.city.ena.lg.jp/soshikiichiran/suidokankyobu/kankyoka/1/3/2/1741.html,2026-08-07,2025-04-01,2026-08-13,False
ena-413,ena,恵那市,テニスラケット(木･プラスチック製),可燃ごみ,金属部分は不燃ごみ。,,恵那市ごみ百科事典（令和7年4月1日現在）,https://www.city.ena.lg.jp/material/files/group/25/gomihyakka2025.pdf,35,https://www.city.ena.lg.jp/soshikiichiran/suidokankyobu/kankyoka/1/3/2/1741.html,2026-08-07,2025-04-01,2026-08-13,False
ena-414,ena,恵那市,テレビ,家電リサイクル,詳細は11・12ページ参照。,,恵那市ごみ百科事典（令和7年4月1日現在）,https://www.city.ena.lg.jp/material/files/group/25/gomihyakka2025.pdf,35,https://www.city.ena.lg.jp/soshikiichiran/suidokankyobu/kankyoka/1/3/2/1741.html,2026-08-07,2025-04-01,2026-08-13,False
ena-415,ena,恵那市,テレビ台,粗大ごみ,ステーションに出す場合は可燃と不燃に分け、可燃は50㎝ 以内・不燃は1ｍ以内にして出す。小さくできない場合は 直接処理施設に持ち込む。,,恵那市ごみ百科事典（令和7年4月1日現在）,https://www.city.ena.lg.jp/material/files/group/25/gomihyakka2025.pdf,35,https://www.city.ena.lg.jp/soshikiichiran/suidokankyobu/kankyoka/1/3/2/1741.html,2026-08-07,2025-04-01,2026-08-13,False
ena-416,ena,恵那市,テレホンカード,可燃ごみ,,,恵那市ごみ百科事典（令和7年4月1日現在）,https://www.city.ena.lg.jp/material/files/group/25/gomihyakka2025.pdf,35,https://www.city.ena.lg.jp/soshikiichiran/suidokankyobu/kankyoka/1/3/2/1741.html,2026-08-07,2025-04-01,2026-08-13,False
ena-417,ena,恵那市,電気温水器,粗大ごみ,不燃ごみで出す場合は1m以内にする。1m以内にできない 場合は直接処理施設に持ち込む。,,恵那市ごみ百科事典（令和7年4月1日現在）,https://www.city.ena.lg.jp/material/files/group/25/gomihyakka2025.pdf,35,https://www.city.ena.lg.jp/soshikiichiran/suidokankyobu/kankyoka/1/3/2/1741.html,2026-08-07,2025-04-01,2026-08-13,False
ena-418,ena,恵那市,電気カーペット,不燃ごみ,1ｍ以内にして縛って出す。袋に入らない場合は指定袋（大） をつける。,,恵那市ごみ百科事典（令和7年4月1日現在）,https://www.city.ena.lg.jp/material/files/group/25/gomihyakka2025.pdf,35,https://www.city.ena.lg.jp/soshikiichiran/suidokankyobu/kankyoka/1/3/2/1741.html,2026-08-07,2025-04-01,2026-08-13,False
ena-419,ena,恵那市,電気蚊とり器,不燃ごみ,,,恵那市ごみ百科事典（令和7年4月1日現在）,https://www.city.ena.lg.jp/material/files/group/25/gomihyakka2025.pdf,35,https://www.city.ena.lg.jp/soshikiichiran/suidokankyobu/kankyoka/1/3/2/1741.html,2026-08-07,2025-04-01,2026-08-13,False
ena-420,ena,恵那市,電気カミソリ,不燃ごみ,電池は処理困難ごみ。,,恵那市ごみ百科事典（令和7年4月1日現在）,https://www.city.ena.lg.jp/material/files/group/25/gomihyakka2025.pdf,35,https://www.city.ena.lg.jp/soshikiichiran/suidokankyobu/kankyoka/1/3/2/1741.html,2026-08-07,2025-04-01,2026-08-13,False
ena-421,ena,恵那市,電気コード,不燃ごみ,エコプラザ回収可。,,恵那市ごみ百科事典（令和7年4月1日現在）,https://www.city.ena.lg.jp/material/files/group/25/gomihyakka2025.pdf,35,https://www.city.ena.lg.jp/soshikiichiran/suidokankyobu/kankyoka/1/3/2/1741.html,2026-08-07,2025-04-01,2026-08-13,True
ena-422,ena,恵那市,電気こたつ,粗大ごみ,ステーションに出す場合は可燃と不燃に分け、可燃は50㎝ 以内・不燃は1ｍ以内にして出す。小さくできない場合は 直接処理施設に持ち込む。,,恵那市ごみ百科事典（令和7年4月1日現在）,https://www.city.ena.lg.jp/material/files/group/25/gomihyakka2025.pdf,35,https://www.city.ena.lg.jp/soshikiichiran/suidokankyobu/kankyoka/1/3/2/1741.html,2026-08-07,2025-04-01,2026-08-13,False
ena-423,ena,恵那市,電気スタンド,不燃ごみ,蛍光管類は処理困難ごみ。,,恵那市ごみ百科事典（令和7年4月1日現在）,https://www.city.ena.lg.jp/material/files/group/25/gomihyakka2025.pdf,35,https://www.city.ena.lg.jp/soshikiichiran/suidokankyobu/kankyoka/1/3/2/1741.html,2026-08-07,2025-04-01,2026-08-13,False
ena-424,ena,恵那市,電気ポット,不燃ごみ,中に他のごみを入れない。,,恵那市ごみ百科事典（令和7年4月1日現在）,https://www.city.ena.lg.jp/material/files/group/25/gomihyakka2025.pdf,35,https://www.city.ena.lg.jp/soshikiichiran/suidokankyobu/kankyoka/1/3/2/1741.html,2026-08-07,2025-04-01,2026-08-13,False
ena-425,ena,恵那市,電気毛布・敷パッド,不燃ごみ,1ｍ以内にして縛って出す。袋に入らない場合は指定袋（大） をつける。,,恵那市ごみ百科事典（令和7年4月1日現在）,https://www.city.ena.lg.jp/material/files/group/25/gomihyakka2025.pdf,35,https://www.city.ena.lg.jp/soshikiichiran/suidokankyobu/kankyoka/1/3/2/1741.html,2026-08-07,2025-04-01,2026-08-13,False
ena-426,ena,恵那市,電球,不燃ごみ,蛍光管は処理困難ごみ。,,恵那市ごみ百科事典（令和7年4月1日現在）,https://www.city.ena.lg.jp/material/files/group/25/gomihyakka2025.pdf,35,https://www.city.ena.lg.jp/soshikiichiran/suidokankyobu/kankyoka/1/3/2/1741.html,2026-08-07,2025-04-01,2026-08-13,False
ena-427,ena,恵那市,電子辞書,不燃ごみ,,,恵那市ごみ百科事典（令和7年4月1日現在）,https://www.city.ena.lg.jp/material/files/group/25/gomihyakka2025.pdf,35,https://www.city.ena.lg.jp/soshikiichiran/suidokankyobu/kankyoka/1/3/2/1741.html,2026-08-07,2025-04-01,2026-08-13,False
ena-428,ena,恵那市,電子体温計,処理困難ごみ,詳細は24ページ参照。,,恵那市ごみ百科事典（令和7年4月1日現在）,https://www.city.ena.lg.jp/material/files/group/25/gomihyakka2025.pdf,35,https://www.city.ena.lg.jp/soshikiichiran/suidokankyobu/kankyoka/1/3/2/1741.html,2026-08-07,2025-04-01,2026-08-13,False
ena-429,ena,恵那市,電子タバコ,処理困難ごみ,詳細は24ページ参照。,,恵那市ごみ百科事典（令和7年4月1日現在）,https://www.city.ena.lg.jp/material/files/group/25/gomihyakka2025.pdf,35,https://www.city.ena.lg.jp/soshikiichiran/suidokankyobu/kankyoka/1/3/2/1741.html,2026-08-07,2025-04-01,2026-08-13,False
ena-430,ena,恵那市,電子ピアノ,粗大ごみ,不燃ごみで出す場合は1m以内にする。1m以内にできない 場合は直接処理施設に持ち込む。,,恵那市ごみ百科事典（令和7年4月1日現在）,https://www.city.ena.lg.jp/material/files/group/25/gomihyakka2025.pdf,35,https://www.city.ena.lg.jp/soshikiichiran/suidokankyobu/kankyoka/1/3/2/1741.html,2026-08-07,2025-04-01,2026-08-13,False
ena-431,ena,恵那市,電子レンジ,不燃ごみ,指定袋に入れるか、入らない場合は指定袋（大）をつける。 中に他のごみを入れない。,,恵那市ごみ百科事典（令和7年4月1日現在）,https://www.city.ena.lg.jp/material/files/group/25/gomihyakka2025.pdf,35,https://www.city.ena.lg.jp/soshikiichiran/suidokankyobu/kankyoka/1/3/2/1741.html,2026-08-07,2025-04-01,2026-08-13,False
ena-432,ena,恵那市,天体望遠鏡,不燃ごみ,長さ1m以内にして出す。袋に入らない場合は指定袋（大） をつける。1ｍ以内にできない場合は直接処理施設に持ち 込む。,,恵那市ごみ百科事典（令和7年4月1日現在）,https://www.city.ena.lg.jp/material/files/group/25/gomihyakka2025.pdf,35,https://www.city.ena.lg.jp/soshikiichiran/suidokankyobu/kankyoka/1/3/2/1741.html,2026-08-07,2025-04-01,2026-08-13,False
ena-433,ena,恵那市,電卓,不燃ごみ,電池は処理困難ごみ。,,恵那市ごみ百科事典（令和7年4月1日現在）,https://www.city.ena.lg.jp/material/files/group/25/gomihyakka2025.pdf,35,https://www.city.ena.lg.jp/soshikiichiran/suidokankyobu/kankyoka/1/3/2/1741.html,2026-08-07,2025-04-01,2026-08-13,False
ena-434,ena,恵那市,電池・電池パック,処理困難ごみ,詳細は24ページ参照。エコプラザ回収可。,,恵那市ごみ百科事典（令和7年4月1日現在）,https://www.city.ena.lg.jp/material/files/group/25/gomihyakka2025.pdf,35,https://www.city.ena.lg.jp/soshikiichiran/suidokankyobu/kankyoka/1/3/2/1741.html,2026-08-07,2025-04-01,2026-08-13,True
ena-435,ena,恵那市,テント,可燃ごみ,50㎝以内に切って出す。金属部分は不燃ごみ。,,恵那市ごみ百科事典（令和7年4月1日現在）,https://www.city.ena.lg.jp/material/files/group/25/gomihyakka2025.pdf,35,https://www.city.ena.lg.jp/soshikiichiran/suidokankyobu/kankyoka/1/3/2/1741.html,2026-08-07,2025-04-01,2026-08-13,False
ena-436,ena,恵那市,テント(支柱),不燃ごみ,1ｍ以内にして出す。袋に入らない場合は指定袋（大）をつ ける。1ｍ以内にできない場合は直接処理施設に持ち込む。,,恵那市ごみ百科事典（令和7年4月1日現在）,https://www.city.ena.lg.jp/material/files/group/25/gomihyakka2025.pdf,35,https://www.city.ena.lg.jp/soshikiichiran/suidokankyobu/kankyoka/1/3/2/1741.html,2026-08-07,2025-04-01,2026-08-13,False
ena-437,ena,恵那市,電動ドライバー,不燃ごみ,バッテリーは外して処理困難ごみ。,,恵那市ごみ百科事典（令和7年4月1日現在）,https://www.city.ena.lg.jp/material/files/group/25/gomihyakka2025.pdf,35,https://www.city.ena.lg.jp/soshikiichiran/suidokankyobu/kankyoka/1/3/2/1741.html,2026-08-07,2025-04-01,2026-08-13,False
ena-438,ena,恵那市,電動ドリル,不燃ごみ,バッテリーは外して処理困難ごみ。,,恵那市ごみ百科事典（令和7年4月1日現在）,https://www.city.ena.lg.jp/material/files/group/25/gomihyakka2025.pdf,35,https://www.city.ena.lg.jp/soshikiichiran/suidokankyobu/kankyoka/1/3/2/1741.html,2026-08-07,2025-04-01,2026-08-13,False
ena-439,ena,恵那市,電動ハブラシ,不燃ごみ,電池は処理困難ごみ。,,恵那市ごみ百科事典（令和7年4月1日現在）,https://www.city.ena.lg.jp/material/files/group/25/gomihyakka2025.pdf,35,https://www.city.ena.lg.jp/soshikiichiran/suidokankyobu/kankyoka/1/3/2/1741.html,2026-08-07,2025-04-01,2026-08-13,False
ena-440,ena,恵那市,電動ベッド,粗大ごみ,処理施設へ直接搬入。,,恵那市ごみ百科事典（令和7年4月1日現在）,https://www.city.ena.lg.jp/material/files/group/25/gomihyakka2025.pdf,35,https://www.city.ena.lg.jp/soshikiichiran/suidokankyobu/kankyoka/1/3/2/1741.html,2026-08-07,2025-04-01,2026-08-13,False
ena-441,ena,恵那市,電牧・電柵,不燃ごみ,,,恵那市ごみ百科事典（令和7年4月1日現在）,https://www.city.ena.lg.jp/material/files/group/25/gomihyakka2025.pdf,35,https://www.city.ena.lg.jp/soshikiichiran/suidokankyobu/kankyoka/1/3/2/1741.html,2026-08-07,2025-04-01,2026-08-13,False
ena-442,ena,恵那市,電話機,不燃ごみ,,,恵那市ごみ百科事典（令和7年4月1日現在）,https://www.city.ena.lg.jp/material/files/group/25/gomihyakka2025.pdf,35,https://www.city.ena.lg.jp/soshikiichiran/suidokankyobu/kankyoka/1/3/2/1741.html,2026-08-07,2025-04-01,2026-08-13,False
ena-443,ena,恵那市,ドア,粗大ごみ,木製の物をステーションに出す時は50㎝以内にする。50 ㎝以内にできない場合は直接処理施設に持ち込む。,,恵那市ごみ百科事典（令和7年4月1日現在）,https://www.city.ena.lg.jp/material/files/group/25/gomihyakka2025.pdf,35,https://www.city.ena.lg.jp/soshikiichiran/suidokankyobu/kankyoka/1/3/2/1741.html,2026-08-07,2025-04-01,2026-08-13,False
ena-444,ena,恵那市,ドアノブ,不燃ごみ,,,恵那市ごみ百科事典（令和7年4月1日現在）,https://www.city.ena.lg.jp/material/files/group/25/gomihyakka2025.pdf,36,https://www.city.ena.lg.jp/soshikiichiran/suidokankyobu/kankyoka/1/3/2/1741.html,2026-08-07,2025-04-01,2026-08-13,False
ena-445,ena,恵那市,投網(とあみ),不燃ごみ,1ｍ以内にして出す。1ｍ以内にできない場合は直接処理施 設に持ち込む。,,恵那市ごみ百科事典（令和7年4月1日現在）,https://www.city.ena.lg.jp/material/files/group/25/gomihyakka2025.pdf,36,https://www.city.ena.lg.jp/soshikiichiran/suidokankyobu/kankyoka/1/3/2/1741.html,2026-08-07,2025-04-01,2026-08-13,False
ena-446,ena,恵那市,と石,回収不可,,,恵那市ごみ百科事典（令和7年4月1日現在）,https://www.city.ena.lg.jp/material/files/group/25/gomihyakka2025.pdf,36,https://www.city.ena.lg.jp/soshikiichiran/suidokankyobu/kankyoka/1/3/2/1741.html,2026-08-07,2025-04-01,2026-08-13,False
ena-447,ena,恵那市,トイレットペーパーの芯,資源ごみ,資源回収または拠点回収に出す（エコプラザ回収可）。資源 とならないものは可燃ごみ。,,恵那市ごみ百科事典（令和7年4月1日現在）,https://www.city.ena.lg.jp/material/files/group/25/gomihyakka2025.pdf,36,https://www.city.ena.lg.jp/soshikiichiran/suidokankyobu/kankyoka/1/3/2/1741.html,2026-08-07,2025-04-01,2026-08-13,True
ena-448,ena,恵那市,陶磁器類,不燃ごみ,段ボール等に入れず。指定袋に入れて出す。,,恵那市ごみ百科事典（令和7年4月1日現在）,https://www.city.ena.lg.jp/material/files/group/25/gomihyakka2025.pdf,36,https://www.city.ena.lg.jp/soshikiichiran/suidokankyobu/kankyoka/1/3/2/1741.html,2026-08-07,2025-04-01,2026-08-13,False
ena-449,ena,恵那市,灯油用ポリタンク,可燃ごみ,油を取り除いて出す。,,恵那市ごみ百科事典（令和7年4月1日現在）,https://www.city.ena.lg.jp/material/files/group/25/gomihyakka2025.pdf,36,https://www.city.ena.lg.jp/soshikiichiran/suidokankyobu/kankyoka/1/3/2/1741.html,2026-08-07,2025-04-01,2026-08-13,False
ena-450,ena,恵那市,トースター,不燃ごみ,中に他のごみを入れない。,,恵那市ごみ百科事典（令和7年4月1日現在）,https://www.city.ena.lg.jp/material/files/group/25/gomihyakka2025.pdf,36,https://www.city.ena.lg.jp/soshikiichiran/suidokankyobu/kankyoka/1/3/2/1741.html,2026-08-07,2025-04-01,2026-08-13,False
ena-451,ena,恵那市,時計,不燃ごみ,電池は処理困難ごみ。,,恵那市ごみ百科事典（令和7年4月1日現在）,https://www.city.ena.lg.jp/material/files/group/25/gomihyakka2025.pdf,36,https://www.city.ena.lg.jp/soshikiichiran/suidokankyobu/kankyoka/1/3/2/1741.html,2026-08-07,2025-04-01,2026-08-13,False
ena-452,ena,恵那市,土砂,回収不可,,,恵那市ごみ百科事典（令和7年4月1日現在）,https://www.city.ena.lg.jp/material/files/group/25/gomihyakka2025.pdf,36,https://www.city.ena.lg.jp/soshikiichiran/suidokankyobu/kankyoka/1/3/2/1741.html,2026-08-07,2025-04-01,2026-08-13,False
ena-453,ena,恵那市,トタン板,粗大ごみ,不燃ごみで出す場合は1m以内にする。1m以内にできない 場合は直接処理施設に持ち込む（エコプラザ可）。,,恵那市ごみ百科事典（令和7年4月1日現在）,https://www.city.ena.lg.jp/material/files/group/25/gomihyakka2025.pdf,36,https://www.city.ena.lg.jp/soshikiichiran/suidokankyobu/kankyoka/1/3/2/1741.html,2026-08-07,2025-04-01,2026-08-13,True
ena-454,ena,恵那市,トナーカートリッジ,不燃ごみ,なるべくメーカーのリサイクルに出す。,,恵那市ごみ百科事典（令和7年4月1日現在）,https://www.city.ena.lg.jp/material/files/group/25/gomihyakka2025.pdf,36,https://www.city.ena.lg.jp/soshikiichiran/suidokankyobu/kankyoka/1/3/2/1741.html,2026-08-07,2025-04-01,2026-08-13,False
ena-455,ena,恵那市,土鍋,不燃ごみ,,,恵那市ごみ百科事典（令和7年4月1日現在）,https://www.city.ena.lg.jp/material/files/group/25/gomihyakka2025.pdf,36,https://www.city.ena.lg.jp/soshikiichiran/suidokankyobu/kankyoka/1/3/2/1741.html,2026-08-07,2025-04-01,2026-08-13,False
ena-456,ena,恵那市,ドライバー(家庭工具),不燃ごみ,エコプラザ回収可。,,恵那市ごみ百科事典（令和7年4月1日現在）,https://www.city.ena.lg.jp/material/files/group/25/gomihyakka2025.pdf,36,https://www.city.ena.lg.jp/soshikiichiran/suidokankyobu/kankyoka/1/3/2/1741.html,2026-08-07,2025-04-01,2026-08-13,True
ena-457,ena,恵那市,ドライフラワー,可燃ごみ,金属を含むものは不燃ごみ。,,恵那市ごみ百科事典（令和7年4月1日現在）,https://www.city.ena.lg.jp/material/files/group/25/gomihyakka2025.pdf,36,https://www.city.ena.lg.jp/soshikiichiran/suidokankyobu/kankyoka/1/3/2/1741.html,2026-08-07,2025-04-01,2026-08-13,False
ena-458,ena,恵那市,ドライヤー,不燃ごみ,,,恵那市ごみ百科事典（令和7年4月1日現在）,https://www.city.ena.lg.jp/material/files/group/25/gomihyakka2025.pdf,36,https://www.city.ena.lg.jp/soshikiichiran/suidokankyobu/kankyoka/1/3/2/1741.html,2026-08-07,2025-04-01,2026-08-13,False
ena-459,ena,恵那市,ドラム缶,粗大ごみ,中身を取り除き、処理施設へ直接搬入する。,,恵那市ごみ百科事典（令和7年4月1日現在）,https://www.city.ena.lg.jp/material/files/group/25/gomihyakka2025.pdf,36,https://www.city.ena.lg.jp/soshikiichiran/suidokankyobu/kankyoka/1/3/2/1741.html,2026-08-07,2025-04-01,2026-08-13,False
ena-460,ena,恵那市,トランシーバー,不燃ごみ,,,恵那市ごみ百科事典（令和7年4月1日現在）,https://www.city.ena.lg.jp/material/files/group/25/gomihyakka2025.pdf,36,https://www.city.ena.lg.jp/soshikiichiran/suidokankyobu/kankyoka/1/3/2/1741.html,2026-08-07,2025-04-01,2026-08-13,False
ena-461,ena,恵那市,鳥かご(金属製),不燃ごみ,木・プラスチック製品は可燃ごみ。エコプラザ回収可。,,恵那市ごみ百科事典（令和7年4月1日現在）,https://www.city.ena.lg.jp/material/files/group/25/gomihyakka2025.pdf,36,https://www.city.ena.lg.jp/soshikiichiran/suidokankyobu/kankyoka/1/3/2/1741.html,2026-08-07,2025-04-01,2026-08-13,True
ena-462,ena,恵那市,塗料,回収不可,販売店へ問い合わせる。,,恵那市ごみ百科事典（令和7年4月1日現在）,https://www.city.ena.lg.jp/material/files/group/25/gomihyakka2025.pdf,36,https://www.city.ena.lg.jp/soshikiichiran/suidokankyobu/kankyoka/1/3/2/1741.html,2026-08-07,2025-04-01,2026-08-13,False
ena-463,ena,恵那市,塗料スプレー缶,不燃ごみ,中身を使い切って、穴を開けて出す。,,恵那市ごみ百科事典（令和7年4月1日現在）,https://www.city.ena.lg.jp/material/files/group/25/gomihyakka2025.pdf,36,https://www.city.ena.lg.jp/soshikiichiran/suidokankyobu/kankyoka/1/3/2/1741.html,2026-08-07,2025-04-01,2026-08-13,False
ena-464,ena,恵那市,トレー（発泡）,可燃ごみ,できるだけ販売店の回収に出す。エコプラザ回収可。,,恵那市ごみ百科事典（令和7年4月1日現在）,https://www.city.ena.lg.jp/material/files/group/25/gomihyakka2025.pdf,36,https://www.city.ena.lg.jp/soshikiichiran/suidokankyobu/kankyoka/1/3/2/1741.html,2026-08-07,2025-04-01,2026-08-13,True
ena-465,ena,恵那市,トレーニング機材,粗大ごみ,不燃ごみで出す場合は1m以内にする。プラスチック部分 は50㎝以内にして可燃ごみに出す。小さくできない場合は 直接処理施設に持ち込む。,,恵那市ごみ百科事典（令和7年4月1日現在）,https://www.city.ena.lg.jp/material/files/group/25/gomihyakka2025.pdf,36,https://www.city.ena.lg.jp/soshikiichiran/suidokankyobu/kankyoka/1/3/2/1741.html,2026-08-07,2025-04-01,2026-08-13,False
ena-466,ena,恵那市,ナイフ類,不燃ごみ,刃をガムテープ等で覆って出す。,,恵那市ごみ百科事典（令和7年4月1日現在）,https://www.city.ena.lg.jp/material/files/group/25/gomihyakka2025.pdf,36,https://www.city.ena.lg.jp/soshikiichiran/suidokankyobu/kankyoka/1/3/2/1741.html,2026-08-07,2025-04-01,2026-08-13,False
ena-467,ena,恵那市,苗箱,回収不可,販売店へ問い合わせる。,,恵那市ごみ百科事典（令和7年4月1日現在）,https://www.city.ena.lg.jp/material/files/group/25/gomihyakka2025.pdf,36,https://www.city.ena.lg.jp/soshikiichiran/suidokankyobu/kankyoka/1/3/2/1741.html,2026-08-07,2025-04-01,2026-08-13,False
ena-468,ena,恵那市,長靴,不燃ごみ,,,恵那市ごみ百科事典（令和7年4月1日現在）,https://www.city.ena.lg.jp/material/files/group/25/gomihyakka2025.pdf,36,https://www.city.ena.lg.jp/soshikiichiran/suidokankyobu/kankyoka/1/3/2/1741.html,2026-08-07,2025-04-01,2026-08-13,False
ena-469,ena,恵那市,鉈（なた）,不燃ごみ,刃をガムテープ等で覆って出す。木・プラスチック製の柄 は可燃ごみ。,,恵那市ごみ百科事典（令和7年4月1日現在）,https://www.city.ena.lg.jp/material/files/group/25/gomihyakka2025.pdf,36,https://www.city.ena.lg.jp/soshikiichiran/suidokankyobu/kankyoka/1/3/2/1741.html,2026-08-07,2025-04-01,2026-08-13,False
ena-470,ena,恵那市,鍋,不燃ごみ,,,恵那市ごみ百科事典（令和7年4月1日現在）,https://www.city.ena.lg.jp/material/files/group/25/gomihyakka2025.pdf,36,https://www.city.ena.lg.jp/soshikiichiran/suidokankyobu/kankyoka/1/3/2/1741.html,2026-08-07,2025-04-01,2026-08-13,False
ena-471,ena,恵那市,生ごみ,可燃ごみ,十分に水切りをして出す。,,恵那市ごみ百科事典（令和7年4月1日現在）,https://www.city.ena.lg.jp/material/files/group/25/gomihyakka2025.pdf,36,https://www.city.ena.lg.jp/soshikiichiran/suidokankyobu/kankyoka/1/3/2/1741.html,2026-08-07,2025-04-01,2026-08-13,False
ena-472,ena,恵那市,縄,可燃ごみ,50㎝以内に切って出す。,,恵那市ごみ百科事典（令和7年4月1日現在）,https://www.city.ena.lg.jp/material/files/group/25/gomihyakka2025.pdf,36,https://www.city.ena.lg.jp/soshikiichiran/suidokankyobu/kankyoka/1/3/2/1741.html,2026-08-07,2025-04-01,2026-08-13,False
ena-473,ena,恵那市,人形,可燃ごみ,金属部分は不燃ごみ。,,恵那市ごみ百科事典（令和7年4月1日現在）,https://www.city.ena.lg.jp/material/files/group/25/gomihyakka2025.pdf,36,https://www.city.ena.lg.jp/soshikiichiran/suidokankyobu/kankyoka/1/3/2/1741.html,2026-08-07,2025-04-01,2026-08-13,False
ena-474,ena,恵那市,人形のガラスケース,不燃ごみ,,,恵那市ごみ百科事典（令和7年4月1日現在）,https://www.city.ena.lg.jp/material/files/group/25/gomihyakka2025.pdf,36,https://www.city.ena.lg.jp/soshikiichiran/suidokankyobu/kankyoka/1/3/2/1741.html,2026-08-07,2025-04-01,2026-08-13,False
ena-475,ena,恵那市,ぬいぐるみ,可燃ごみ,金属部分は不燃ごみ。,,恵那市ごみ百科事典（令和7年4月1日現在）,https://www.city.ena.lg.jp/material/files/group/25/gomihyakka2025.pdf,36,https://www.city.ena.lg.jp/soshikiichiran/suidokankyobu/kankyoka/1/3/2/1741.html,2026-08-07,2025-04-01,2026-08-13,False
ena-476,ena,恵那市,縫い針,不燃ごみ,ガムテープ等で覆い「針」と明記する。,,恵那市ごみ百科事典（令和7年4月1日現在）,https://www.city.ena.lg.jp/material/files/group/25/gomihyakka2025.pdf,36,https://www.city.ena.lg.jp/soshikiichiran/suidokankyobu/kankyoka/1/3/2/1741.html,2026-08-07,2025-04-01,2026-08-13,False
ena-477,ena,恵那市,布きれ,可燃ごみ,50㎝以内に切って出す。,,恵那市ごみ百科事典（令和7年4月1日現在）,https://www.city.ena.lg.jp/material/files/group/25/gomihyakka2025.pdf,36,https://www.city.ena.lg.jp/soshikiichiran/suidokankyobu/kankyoka/1/3/2/1741.html,2026-08-07,2025-04-01,2026-08-13,False
ena-478,ena,恵那市,ネクタイ,可燃ごみ,50㎝以内に切って出す。,,恵那市ごみ百科事典（令和7年4月1日現在）,https://www.city.ena.lg.jp/material/files/group/25/gomihyakka2025.pdf,36,https://www.city.ena.lg.jp/soshikiichiran/suidokankyobu/kankyoka/1/3/2/1741.html,2026-08-07,2025-04-01,2026-08-13,False
ena-479,ena,恵那市,猫砂,可燃ごみ,汚物は取り除いて出す。シリカゲル製品は不燃ごみ。,,恵那市ごみ百科事典（令和7年4月1日現在）,https://www.city.ena.lg.jp/material/files/group/25/gomihyakka2025.pdf,36,https://www.city.ena.lg.jp/soshikiichiran/suidokankyobu/kankyoka/1/3/2/1741.html,2026-08-07,2025-04-01,2026-08-13,False
ena-480,ena,恵那市,ネジ,不燃ごみ,,,恵那市ごみ百科事典（令和7年4月1日現在）,https://www.city.ena.lg.jp/material/files/group/25/gomihyakka2025.pdf,36,https://www.city.ena.lg.jp/soshikiichiran/suidokankyobu/kankyoka/1/3/2/1741.html,2026-08-07,2025-04-01,2026-08-13,False
ena-481,ena,恵那市,ネット（花・野菜・ゴルフなどに使用するもの）,可燃ごみ,50㎝以内に切って出す。,,恵那市ごみ百科事典（令和7年4月1日現在）,https://www.city.ena.lg.jp/material/files/group/25/gomihyakka2025.pdf,36,https://www.city.ena.lg.jp/soshikiichiran/suidokankyobu/kankyoka/1/3/2/1741.html,2026-08-07,2025-04-01,2026-08-13,False
ena-482,ena,恵那市,寝袋,可燃ごみ,50㎝以内に切って出す。,,恵那市ごみ百科事典（令和7年4月1日現在）,https://www.city.ena.lg.jp/material/files/group/25/gomihyakka2025.pdf,36,https://www.city.ena.lg.jp/soshikiichiran/suidokankyobu/kankyoka/1/3/2/1741.html,2026-08-07,2025-04-01,2026-08-13,False
ena-483,ena,恵那市,粘土,不燃ごみ,紙粘土は可燃ごみ。,,恵那市ごみ百科事典（令和7年4月1日現在）,https://www.city.ena.lg.jp/material/files/group/25/gomihyakka2025.pdf,36,https://www.city.ena.lg.jp/soshikiichiran/suidokankyobu/kankyoka/1/3/2/1741.html,2026-08-07,2025-04-01,2026-08-13,False
ena-484,ena,恵那市,農機具,回収不可,販売店へ問い合わせる。,,恵那市ごみ百科事典（令和7年4月1日現在）,https://www.city.ena.lg.jp/material/files/group/25/gomihyakka2025.pdf,36,https://www.city.ena.lg.jp/soshikiichiran/suidokankyobu/kankyoka/1/3/2/1741.html,2026-08-07,2025-04-01,2026-08-13,False
ena-485,ena,恵那市,農機具用替え刃（トラクターの刃等）,回収不可,販売店へ問い合わせる。,,恵那市ごみ百科事典（令和7年4月1日現在）,https://www.city.ena.lg.jp/material/files/group/25/gomihyakka2025.pdf,36,https://www.city.ena.lg.jp/soshikiichiran/suidokankyobu/kankyoka/1/3/2/1741.html,2026-08-07,2025-04-01,2026-08-13,False
ena-486,ena,恵那市,農業用ビニール（ハウス用）,回収不可,販売店へ問い合わせる。,,恵那市ごみ百科事典（令和7年4月1日現在）,https://www.city.ena.lg.jp/material/files/group/25/gomihyakka2025.pdf,36,https://www.city.ena.lg.jp/soshikiichiran/suidokankyobu/kankyoka/1/3/2/1741.html,2026-08-07,2025-04-01,2026-08-13,False
ena-487,ena,恵那市,農薬類,回収不可,販売店へ問い合わせる。,,恵那市ごみ百科事典（令和7年4月1日現在）,https://www.city.ena.lg.jp/material/files/group/25/gomihyakka2025.pdf,36,https://www.city.ena.lg.jp/soshikiichiran/suidokankyobu/kankyoka/1/3/2/1741.html,2026-08-07,2025-04-01,2026-08-13,False
ena-488,ena,恵那市,ノート,資源ごみ,資源回収または拠点回収に出す（エコプラザ回収可）。資源 とならないものは可燃ごみ。,,恵那市ごみ百科事典（令和7年4月1日現在）,https://www.city.ena.lg.jp/material/files/group/25/gomihyakka2025.pdf,36,https://www.city.ena.lg.jp/soshikiichiran/suidokankyobu/kankyoka/1/3/2/1741.html,2026-08-07,2025-04-01,2026-08-13,True
ena-489,ena,恵那市,のこぎり,不燃ごみ,刃をガムテープ等で覆って出す。木製の柄は可燃ごみ。,,恵那市ごみ百科事典（令和7年4月1日現在）,https://www.city.ena.lg.jp/material/files/group/25/gomihyakka2025.pdf,36,https://www.city.ena.lg.jp/soshikiichiran/suidokankyobu/kankyoka/1/3/2/1741.html,2026-08-07,2025-04-01,2026-08-13,False
ena-490,ena,恵那市,バーベキューコンロ,不燃ごみ,灰・炭を取り除いて出す。,,恵那市ごみ百科事典（令和7年4月1日現在）,https://www.city.ena.lg.jp/material/files/group/25/gomihyakka2025.pdf,36,https://www.city.ena.lg.jp/soshikiichiran/suidokankyobu/kankyoka/1/3/2/1741.html,2026-08-07,2025-04-01,2026-08-13,False
ena-491,ena,恵那市,ハードディスク,不燃ごみ,,,恵那市ごみ百科事典（令和7年4月1日現在）,https://www.city.ena.lg.jp/material/files/group/25/gomihyakka2025.pdf,36,https://www.city.ena.lg.jp/soshikiichiran/suidokankyobu/kankyoka/1/3/2/1741.html,2026-08-07,2025-04-01,2026-08-13,False
ena-492,ena,恵那市,灰（焼却灰）,回収不可,家庭ごみの焼却は禁止されています。薪ストーブの灰は、 わかるよう書いて不燃ごみ。,,恵那市ごみ百科事典（令和7年4月1日現在）,https://www.city.ena.lg.jp/material/files/group/25/gomihyakka2025.pdf,37,https://www.city.ena.lg.jp/soshikiichiran/suidokankyobu/kankyoka/1/3/2/1741.html,2026-08-07,2025-04-01,2026-08-13,False
ena-493,ena,恵那市,灰（豆炭、練炭、木炭）,不燃ごみ,袋に入れ「豆炭灰」と明記する。未使用のものは回収不可。,,恵那市ごみ百科事典（令和7年4月1日現在）,https://www.city.ena.lg.jp/material/files/group/25/gomihyakka2025.pdf,37,https://www.city.ena.lg.jp/soshikiichiran/suidokankyobu/kankyoka/1/3/2/1741.html,2026-08-07,2025-04-01,2026-08-13,False
ena-494,ena,恵那市,灰皿,不燃ごみ,,,恵那市ごみ百科事典（令和7年4月1日現在）,https://www.city.ena.lg.jp/material/files/group/25/gomihyakka2025.pdf,37,https://www.city.ena.lg.jp/soshikiichiran/suidokankyobu/kankyoka/1/3/2/1741.html,2026-08-07,2025-04-01,2026-08-13,False
ena-495,ena,恵那市,パイプイス,不燃ごみ,,,恵那市ごみ百科事典（令和7年4月1日現在）,https://www.city.ena.lg.jp/material/files/group/25/gomihyakka2025.pdf,37,https://www.city.ena.lg.jp/soshikiichiran/suidokankyobu/kankyoka/1/3/2/1741.html,2026-08-07,2025-04-01,2026-08-13,False
ena-496,ena,恵那市,パイプベッド,粗大ごみ,不燃ごみに出す場合は1m以内にする。布・マット部分は 50㎝角以内にして可燃ごみ。小さくできない場合は直接処 理施設に持ち込む。,,恵那市ごみ百科事典（令和7年4月1日現在）,https://www.city.ena.lg.jp/material/files/group/25/gomihyakka2025.pdf,37,https://www.city.ena.lg.jp/soshikiichiran/suidokankyobu/kankyoka/1/3/2/1741.html,2026-08-07,2025-04-01,2026-08-13,False
ena-497,ena,恵那市,バインダー,可燃ごみ,金属部分は不燃ごみ。,,恵那市ごみ百科事典（令和7年4月1日現在）,https://www.city.ena.lg.jp/material/files/group/25/gomihyakka2025.pdf,37,https://www.city.ena.lg.jp/soshikiichiran/suidokankyobu/kankyoka/1/3/2/1741.html,2026-08-07,2025-04-01,2026-08-13,False
ena-498,ena,恵那市,パウチ,可燃ごみ,,,恵那市ごみ百科事典（令和7年4月1日現在）,https://www.city.ena.lg.jp/material/files/group/25/gomihyakka2025.pdf,37,https://www.city.ena.lg.jp/soshikiichiran/suidokankyobu/kankyoka/1/3/2/1741.html,2026-08-07,2025-04-01,2026-08-13,False
ena-499,ena,恵那市,はがき,資源ごみ,資源回収または拠点回収に出す（エコプラザ回収可）。資源 とならないものは（圧着はがき）可燃ごみ。,,恵那市ごみ百科事典（令和7年4月1日現在）,https://www.city.ena.lg.jp/material/files/group/25/gomihyakka2025.pdf,37,https://www.city.ena.lg.jp/soshikiichiran/suidokankyobu/kankyoka/1/3/2/1741.html,2026-08-07,2025-04-01,2026-08-13,True
ena-500,ena,恵那市,はかり,不燃ごみ,電池は処理困難ごみ。,,恵那市ごみ百科事典（令和7年4月1日現在）,https://www.city.ena.lg.jp/material/files/group/25/gomihyakka2025.pdf,37,https://www.city.ena.lg.jp/soshikiichiran/suidokankyobu/kankyoka/1/3/2/1741.html,2026-08-07,2025-04-01,2026-08-13,False
ena-501,ena,恵那市,はけ,不燃ごみ,,,恵那市ごみ百科事典（令和7年4月1日現在）,https://www.city.ena.lg.jp/material/files/group/25/gomihyakka2025.pdf,37,https://www.city.ena.lg.jp/soshikiichiran/suidokankyobu/kankyoka/1/3/2/1741.html,2026-08-07,2025-04-01,2026-08-13,False
ena-502,ena,恵那市,バケツ(プラスチック製),可燃ごみ,金属部分は不燃ごみ。,,恵那市ごみ百科事典（令和7年4月1日現在）,https://www.city.ena.lg.jp/material/files/group/25/gomihyakka2025.pdf,37,https://www.city.ena.lg.jp/soshikiichiran/suidokankyobu/kankyoka/1/3/2/1741.html,2026-08-07,2025-04-01,2026-08-13,False
ena-503,ena,恵那市,はさみ類,不燃ごみ,刃をガムテープ等で覆って出す。,,恵那市ごみ百科事典（令和7年4月1日現在）,https://www.city.ena.lg.jp/material/files/group/25/gomihyakka2025.pdf,37,https://www.city.ena.lg.jp/soshikiichiran/suidokankyobu/kankyoka/1/3/2/1741.html,2026-08-07,2025-04-01,2026-08-13,False
ena-504,ena,恵那市,(cid:7775)（はし）,可燃ごみ,金属部分は不燃ごみ。,,恵那市ごみ百科事典（令和7年4月1日現在）,https://www.city.ena.lg.jp/material/files/group/25/gomihyakka2025.pdf,37,https://www.city.ena.lg.jp/soshikiichiran/suidokankyobu/kankyoka/1/3/2/1741.html,2026-08-07,2025-04-01,2026-08-13,False
ena-505,ena,恵那市,はしご(アルミ製),粗大ごみ,不燃ごみに出す場合は1m以内にする。1m以内にできない 場合は直接処理施設に持ち込む。,,恵那市ごみ百科事典（令和7年4月1日現在）,https://www.city.ena.lg.jp/material/files/group/25/gomihyakka2025.pdf,37,https://www.city.ena.lg.jp/soshikiichiran/suidokankyobu/kankyoka/1/3/2/1741.html,2026-08-07,2025-04-01,2026-08-13,False
ena-506,ena,恵那市,はしご(木製),粗大ごみ,可燃ごみで出す場合は80㎝以内にする。80㎝以内にでき ない場合は直接処理施設に持ち込む。,,恵那市ごみ百科事典（令和7年4月1日現在）,https://www.city.ena.lg.jp/material/files/group/25/gomihyakka2025.pdf,37,https://www.city.ena.lg.jp/soshikiichiran/suidokankyobu/kankyoka/1/3/2/1741.html,2026-08-07,2025-04-01,2026-08-13,False
ena-507,ena,恵那市,パソコン,PCリサイクル,メーカーに問い合わせる。詳細は13ページ参照。ノートパ ソコンはエコプラザ回収可。,,恵那市ごみ百科事典（令和7年4月1日現在）,https://www.city.ena.lg.jp/material/files/group/25/gomihyakka2025.pdf,37,https://www.city.ena.lg.jp/soshikiichiran/suidokankyobu/kankyoka/1/3/2/1741.html,2026-08-07,2025-04-01,2026-08-13,True
ena-508,ena,恵那市,パソコン周辺機器（プリンターほか）,不燃ごみ,,,恵那市ごみ百科事典（令和7年4月1日現在）,https://www.city.ena.lg.jp/material/files/group/25/gomihyakka2025.pdf,37,https://www.city.ena.lg.jp/soshikiichiran/suidokankyobu/kankyoka/1/3/2/1741.html,2026-08-07,2025-04-01,2026-08-13,False
ena-509,ena,恵那市,発炎筒（使用済みのもの）,可燃ごみ,未使用のものは回収不可。,,恵那市ごみ百科事典（令和7年4月1日現在）,https://www.city.ena.lg.jp/material/files/group/25/gomihyakka2025.pdf,37,https://www.city.ena.lg.jp/soshikiichiran/suidokankyobu/kankyoka/1/3/2/1741.html,2026-08-07,2025-04-01,2026-08-13,False
ena-510,ena,恵那市,バッグ,不燃ごみ,,,恵那市ごみ百科事典（令和7年4月1日現在）,https://www.city.ena.lg.jp/material/files/group/25/gomihyakka2025.pdf,37,https://www.city.ena.lg.jp/soshikiichiran/suidokankyobu/kankyoka/1/3/2/1741.html,2026-08-07,2025-04-01,2026-08-13,False
ena-511,ena,恵那市,バッテリー（自動車）,回収不可,販売店に問い合わせる。エコプラザ回収可。,,恵那市ごみ百科事典（令和7年4月1日現在）,https://www.city.ena.lg.jp/material/files/group/25/gomihyakka2025.pdf,37,https://www.city.ena.lg.jp/soshikiichiran/suidokankyobu/kankyoka/1/3/2/1741.html,2026-08-07,2025-04-01,2026-08-13,True
ena-512,ena,恵那市,バット(金属製),不燃ごみ,木・プラスチック製は半分に切って可燃ごみ。,,恵那市ごみ百科事典（令和7年4月1日現在）,https://www.city.ena.lg.jp/material/files/group/25/gomihyakka2025.pdf,37,https://www.city.ena.lg.jp/soshikiichiran/suidokankyobu/kankyoka/1/3/2/1741.html,2026-08-07,2025-04-01,2026-08-13,False
ena-513,ena,恵那市,発泡スチロール,可燃ごみ,エコプラザ回収可。,,恵那市ごみ百科事典（令和7年4月1日現在）,https://www.city.ena.lg.jp/material/files/group/25/gomihyakka2025.pdf,37,https://www.city.ena.lg.jp/soshikiichiran/suidokankyobu/kankyoka/1/3/2/1741.html,2026-08-07,2025-04-01,2026-08-13,True
ena-514,ena,恵那市,花火(使用済みのもの),可燃ごみ,未使用のものは回収不可。,,恵那市ごみ百科事典（令和7年4月1日現在）,https://www.city.ena.lg.jp/material/files/group/25/gomihyakka2025.pdf,37,https://www.city.ena.lg.jp/soshikiichiran/suidokankyobu/kankyoka/1/3/2/1741.html,2026-08-07,2025-04-01,2026-08-13,False
ena-515,ena,恵那市,歯ブラシ,可燃ごみ,エコプラザ回収可。,,恵那市ごみ百科事典（令和7年4月1日現在）,https://www.city.ena.lg.jp/material/files/group/25/gomihyakka2025.pdf,37,https://www.city.ena.lg.jp/soshikiichiran/suidokankyobu/kankyoka/1/3/2/1741.html,2026-08-07,2025-04-01,2026-08-13,True
ena-516,ena,恵那市,刃物,不燃ごみ,ガムテープ等で覆って出す。,,恵那市ごみ百科事典（令和7年4月1日現在）,https://www.city.ena.lg.jp/material/files/group/25/gomihyakka2025.pdf,37,https://www.city.ena.lg.jp/soshikiichiran/suidokankyobu/kankyoka/1/3/2/1741.html,2026-08-07,2025-04-01,2026-08-13,False
ena-517,ena,恵那市,パラボラアンテナ,不燃ごみ,指定袋（大）をつけて出す。,,恵那市ごみ百科事典（令和7年4月1日現在）,https://www.city.ena.lg.jp/material/files/group/25/gomihyakka2025.pdf,37,https://www.city.ena.lg.jp/soshikiichiran/suidokankyobu/kankyoka/1/3/2/1741.html,2026-08-07,2025-04-01,2026-08-13,False
ena-518,ena,恵那市,針,不燃ごみ,ガムテープ等で覆い針と明記して出す。注射針は回収不可。,,恵那市ごみ百科事典（令和7年4月1日現在）,https://www.city.ena.lg.jp/material/files/group/25/gomihyakka2025.pdf,37,https://www.city.ena.lg.jp/soshikiichiran/suidokankyobu/kankyoka/1/3/2/1741.html,2026-08-07,2025-04-01,2026-08-13,False
ena-519,ena,恵那市,針金,不燃ごみ,,,恵那市ごみ百科事典（令和7年4月1日現在）,https://www.city.ena.lg.jp/material/files/group/25/gomihyakka2025.pdf,37,https://www.city.ena.lg.jp/soshikiichiran/suidokankyobu/kankyoka/1/3/2/1741.html,2026-08-07,2025-04-01,2026-08-13,False
ena-520,ena,恵那市,ハンガー,可燃ごみ,金属類は不燃ごみ。クリーニング店で引取可能なものもあ ります。,,恵那市ごみ百科事典（令和7年4月1日現在）,https://www.city.ena.lg.jp/material/files/group/25/gomihyakka2025.pdf,37,https://www.city.ena.lg.jp/soshikiichiran/suidokankyobu/kankyoka/1/3/2/1741.html,2026-08-07,2025-04-01,2026-08-13,False
ena-521,ena,恵那市,ハンカチ,可燃ごみ,,,恵那市ごみ百科事典（令和7年4月1日現在）,https://www.city.ena.lg.jp/material/files/group/25/gomihyakka2025.pdf,37,https://www.city.ena.lg.jp/soshikiichiran/suidokankyobu/kankyoka/1/3/2/1741.html,2026-08-07,2025-04-01,2026-08-13,False
ena-522,ena,恵那市,ハンドマイク,不燃ごみ,乾電池は処理困難ごみ。,,恵那市ごみ百科事典（令和7年4月1日現在）,https://www.city.ena.lg.jp/material/files/group/25/gomihyakka2025.pdf,37,https://www.city.ena.lg.jp/soshikiichiran/suidokankyobu/kankyoka/1/3/2/1741.html,2026-08-07,2025-04-01,2026-08-13,False
ena-523,ena,恵那市,ハンマー,不燃ごみ,,,恵那市ごみ百科事典（令和7年4月1日現在）,https://www.city.ena.lg.jp/material/files/group/25/gomihyakka2025.pdf,37,https://www.city.ena.lg.jp/soshikiichiran/suidokankyobu/kankyoka/1/3/2/1741.html,2026-08-07,2025-04-01,2026-08-13,False
ena-524,ena,恵那市,ピアニカ,不燃ごみ,,,恵那市ごみ百科事典（令和7年4月1日現在）,https://www.city.ena.lg.jp/material/files/group/25/gomihyakka2025.pdf,37,https://www.city.ena.lg.jp/soshikiichiran/suidokankyobu/kankyoka/1/3/2/1741.html,2026-08-07,2025-04-01,2026-08-13,False
ena-525,ena,恵那市,ピアノ,回収不可,販売店に問い合わせる。,,恵那市ごみ百科事典（令和7年4月1日現在）,https://www.city.ena.lg.jp/material/files/group/25/gomihyakka2025.pdf,37,https://www.city.ena.lg.jp/soshikiichiran/suidokankyobu/kankyoka/1/3/2/1741.html,2026-08-07,2025-04-01,2026-08-13,False
ena-526,ena,恵那市,ビーズクッション,可燃ごみ,中身を出さずそのまま可燃ごみ。入らない時は1枚指定袋 （大）をつけて出す。,,恵那市ごみ百科事典（令和7年4月1日現在）,https://www.city.ena.lg.jp/material/files/group/25/gomihyakka2025.pdf,37,https://www.city.ena.lg.jp/soshikiichiran/suidokankyobu/kankyoka/1/3/2/1741.html,2026-08-07,2025-04-01,2026-08-13,False
ena-527,ena,恵那市,ビー玉,不燃ごみ,,,恵那市ごみ百科事典（令和7年4月1日現在）,https://www.city.ena.lg.jp/material/files/group/25/gomihyakka2025.pdf,37,https://www.city.ena.lg.jp/soshikiichiran/suidokankyobu/kankyoka/1/3/2/1741.html,2026-08-07,2025-04-01,2026-08-13,False
ena-528,ena,恵那市,ビーチパラソル,不燃ごみ,,,恵那市ごみ百科事典（令和7年4月1日現在）,https://www.city.ena.lg.jp/material/files/group/25/gomihyakka2025.pdf,37,https://www.city.ena.lg.jp/soshikiichiran/suidokankyobu/kankyoka/1/3/2/1741.html,2026-08-07,2025-04-01,2026-08-13,False
ena-529,ena,恵那市,ＰＰバンド,可燃ごみ,50㎝以内に切って出す。,,恵那市ごみ百科事典（令和7年4月1日現在）,https://www.city.ena.lg.jp/material/files/group/25/gomihyakka2025.pdf,37,https://www.city.ena.lg.jp/soshikiichiran/suidokankyobu/kankyoka/1/3/2/1741.html,2026-08-07,2025-04-01,2026-08-13,False
ena-530,ena,恵那市,ビールびん,資源ごみ,中をよく洗い、できるだけ販売店へ出す。フタは不燃ごみ。,,恵那市ごみ百科事典（令和7年4月1日現在）,https://www.city.ena.lg.jp/material/files/group/25/gomihyakka2025.pdf,37,https://www.city.ena.lg.jp/soshikiichiran/suidokankyobu/kankyoka/1/3/2/1741.html,2026-08-07,2025-04-01,2026-08-13,False
ena-531,ena,恵那市,引き出し（学校用）,可燃ごみ,磁石の付いているものは、磁石をはずす。,,恵那市ごみ百科事典（令和7年4月1日現在）,https://www.city.ena.lg.jp/material/files/group/25/gomihyakka2025.pdf,37,https://www.city.ena.lg.jp/soshikiichiran/suidokankyobu/kankyoka/1/3/2/1741.html,2026-08-07,2025-04-01,2026-08-13,False
ena-532,ena,恵那市,備中くわ,不燃ごみ,柄の部分は可燃ごみ。,,恵那市ごみ百科事典（令和7年4月1日現在）,https://www.city.ena.lg.jp/material/files/group/25/gomihyakka2025.pdf,37,https://www.city.ena.lg.jp/soshikiichiran/suidokankyobu/kankyoka/1/3/2/1741.html,2026-08-07,2025-04-01,2026-08-13,False
ena-533,ena,恵那市,ビデオカメラ,不燃ごみ,電池は処理困難ごみ。,,恵那市ごみ百科事典（令和7年4月1日現在）,https://www.city.ena.lg.jp/material/files/group/25/gomihyakka2025.pdf,37,https://www.city.ena.lg.jp/soshikiichiran/suidokankyobu/kankyoka/1/3/2/1741.html,2026-08-07,2025-04-01,2026-08-13,False
ena-534,ena,恵那市,ビデオテープ,不燃ごみ,ケースは可燃ごみ。,,恵那市ごみ百科事典（令和7年4月1日現在）,https://www.city.ena.lg.jp/material/files/group/25/gomihyakka2025.pdf,37,https://www.city.ena.lg.jp/soshikiichiran/suidokankyobu/kankyoka/1/3/2/1741.html,2026-08-07,2025-04-01,2026-08-13,False
ena-535,ena,恵那市,ビデオデッキ,不燃ごみ,,,恵那市ごみ百科事典（令和7年4月1日現在）,https://www.city.ena.lg.jp/material/files/group/25/gomihyakka2025.pdf,37,https://www.city.ena.lg.jp/soshikiichiran/suidokankyobu/kankyoka/1/3/2/1741.html,2026-08-07,2025-04-01,2026-08-13,False
ena-536,ena,恵那市,雛壇（雛人形用）,不燃ごみ,長さ1m以内にして束ね、縛って出す。袋に入らない場合 は指定袋（大）をつける。木・プラスチック製品は可燃ごみ。 1ｍ以内にできない場合は直接処理施設に持ち込む。,,恵那市ごみ百科事典（令和7年4月1日現在）,https://www.city.ena.lg.jp/material/files/group/25/gomihyakka2025.pdf,37,https://www.city.ena.lg.jp/soshikiichiran/suidokankyobu/kankyoka/1/3/2/1741.html,2026-08-07,2025-04-01,2026-08-13,False
ena-537,ena,恵那市,雛人形,可燃ごみ,金属部分は不燃ごみ。,,恵那市ごみ百科事典（令和7年4月1日現在）,https://www.city.ena.lg.jp/material/files/group/25/gomihyakka2025.pdf,37,https://www.city.ena.lg.jp/soshikiichiran/suidokankyobu/kankyoka/1/3/2/1741.html,2026-08-07,2025-04-01,2026-08-13,False
ena-538,ena,恵那市,ビニールシート,可燃ごみ,50㎝以内に切って出す。塩化ビニル製品は不燃ごみ。,,恵那市ごみ百科事典（令和7年4月1日現在）,https://www.city.ena.lg.jp/material/files/group/25/gomihyakka2025.pdf,38,https://www.city.ena.lg.jp/soshikiichiran/suidokankyobu/kankyoka/1/3/2/1741.html,2026-08-07,2025-04-01,2026-08-13,False
ena-539,ena,恵那市,ビニールテープ,可燃ごみ,50㎝以内に切って出す。,,恵那市ごみ百科事典（令和7年4月1日現在）,https://www.city.ena.lg.jp/material/files/group/25/gomihyakka2025.pdf,38,https://www.city.ena.lg.jp/soshikiichiran/suidokankyobu/kankyoka/1/3/2/1741.html,2026-08-07,2025-04-01,2026-08-13,False
ena-540,ena,恵那市,ビニールプール,不燃ごみ,,,恵那市ごみ百科事典（令和7年4月1日現在）,https://www.city.ena.lg.jp/material/files/group/25/gomihyakka2025.pdf,38,https://www.city.ena.lg.jp/soshikiichiran/suidokankyobu/kankyoka/1/3/2/1741.html,2026-08-07,2025-04-01,2026-08-13,False
ena-541,ena,恵那市,ひも,可燃ごみ,50㎝以内に切って出す。,,恵那市ごみ百科事典（令和7年4月1日現在）,https://www.city.ena.lg.jp/material/files/group/25/gomihyakka2025.pdf,38,https://www.city.ena.lg.jp/soshikiichiran/suidokankyobu/kankyoka/1/3/2/1741.html,2026-08-07,2025-04-01,2026-08-13,False
ena-542,ena,恵那市,百科事典,資源ごみ,資源回収または拠点回収に出す。ビニールカバーなどは可 燃ごみ。,,恵那市ごみ百科事典（令和7年4月1日現在）,https://www.city.ena.lg.jp/material/files/group/25/gomihyakka2025.pdf,38,https://www.city.ena.lg.jp/soshikiichiran/suidokankyobu/kankyoka/1/3/2/1741.html,2026-08-07,2025-04-01,2026-08-13,False
ena-543,ena,恵那市,肥料袋,可燃ごみ,農業で使用したものは回収不可。,,恵那市ごみ百科事典（令和7年4月1日現在）,https://www.city.ena.lg.jp/material/files/group/25/gomihyakka2025.pdf,38,https://www.city.ena.lg.jp/soshikiichiran/suidokankyobu/kankyoka/1/3/2/1741.html,2026-08-07,2025-04-01,2026-08-13,False
ena-544,ena,恵那市,びんのキャップ（金属製）,不燃ごみ,プラスチック製のものは可燃ごみ。,,恵那市ごみ百科事典（令和7年4月1日現在）,https://www.city.ena.lg.jp/material/files/group/25/gomihyakka2025.pdf,38,https://www.city.ena.lg.jp/soshikiichiran/suidokankyobu/kankyoka/1/3/2/1741.html,2026-08-07,2025-04-01,2026-08-13,False
ena-545,ena,恵那市,びん(化粧品),資源ごみ,中をよく洗って出す。陶器製の化粧びんは不燃ごみ。,,恵那市ごみ百科事典（令和7年4月1日現在）,https://www.city.ena.lg.jp/material/files/group/25/gomihyakka2025.pdf,38,https://www.city.ena.lg.jp/soshikiichiran/suidokankyobu/kankyoka/1/3/2/1741.html,2026-08-07,2025-04-01,2026-08-13,False
ena-546,ena,恵那市,びん(酒類･調味料･のり･食用油),資源ごみ,中をよく洗って出す。金属製のフタは不燃ごみ。一升瓶は なるべく販売店へ。ワインびんの金具は付いていても回収 可能。,,恵那市ごみ百科事典（令和7年4月1日現在）,https://www.city.ena.lg.jp/material/files/group/25/gomihyakka2025.pdf,38,https://www.city.ena.lg.jp/soshikiichiran/suidokankyobu/kankyoka/1/3/2/1741.html,2026-08-07,2025-04-01,2026-08-13,False
ena-547,ena,恵那市,びん（ラムネびんのビー玉入り）,資源ごみ,ビー玉が入った状態でも、資源ごみで回収可能。,,恵那市ごみ百科事典（令和7年4月1日現在）,https://www.city.ena.lg.jp/material/files/group/25/gomihyakka2025.pdf,38,https://www.city.ena.lg.jp/soshikiichiran/suidokankyobu/kankyoka/1/3/2/1741.html,2026-08-07,2025-04-01,2026-08-13,False
ena-548,ena,恵那市,ファイル,可燃ごみ,金属部分は不燃ごみ。,,恵那市ごみ百科事典（令和7年4月1日現在）,https://www.city.ena.lg.jp/material/files/group/25/gomihyakka2025.pdf,38,https://www.city.ena.lg.jp/soshikiichiran/suidokankyobu/kankyoka/1/3/2/1741.html,2026-08-07,2025-04-01,2026-08-13,False
ena-549,ena,恵那市,ファスナー,不燃ごみ,プラスチック製は可燃ごみ。,,恵那市ごみ百科事典（令和7年4月1日現在）,https://www.city.ena.lg.jp/material/files/group/25/gomihyakka2025.pdf,38,https://www.city.ena.lg.jp/soshikiichiran/suidokankyobu/kankyoka/1/3/2/1741.html,2026-08-07,2025-04-01,2026-08-13,False
ena-550,ena,恵那市,ファックス,不燃ごみ,紙は取り除いて出す。,,恵那市ごみ百科事典（令和7年4月1日現在）,https://www.city.ena.lg.jp/material/files/group/25/gomihyakka2025.pdf,38,https://www.city.ena.lg.jp/soshikiichiran/suidokankyobu/kankyoka/1/3/2/1741.html,2026-08-07,2025-04-01,2026-08-13,False
ena-551,ena,恵那市,ファンヒーター,不燃ごみ,燃料を抜いて出す。指定袋に入れて出す。入らない場合は 指定袋（大）をつけて出す。,,恵那市ごみ百科事典（令和7年4月1日現在）,https://www.city.ena.lg.jp/material/files/group/25/gomihyakka2025.pdf,38,https://www.city.ena.lg.jp/soshikiichiran/suidokankyobu/kankyoka/1/3/2/1741.html,2026-08-07,2025-04-01,2026-08-13,False
ena-552,ena,恵那市,フィルム,可燃ごみ,,,恵那市ごみ百科事典（令和7年4月1日現在）,https://www.city.ena.lg.jp/material/files/group/25/gomihyakka2025.pdf,38,https://www.city.ena.lg.jp/soshikiichiran/suidokankyobu/kankyoka/1/3/2/1741.html,2026-08-07,2025-04-01,2026-08-13,False
ena-553,ena,恵那市,封筒,資源ごみ,資源回収または拠点回収に出す（エコプラザ回収可）。資源 とならないものは（窓あきのビニール部分）可燃ごみ。,,恵那市ごみ百科事典（令和7年4月1日現在）,https://www.city.ena.lg.jp/material/files/group/25/gomihyakka2025.pdf,38,https://www.city.ena.lg.jp/soshikiichiran/suidokankyobu/kankyoka/1/3/2/1741.html,2026-08-07,2025-04-01,2026-08-13,True
ena-554,ena,恵那市,風鈴,不燃ごみ,,,恵那市ごみ百科事典（令和7年4月1日現在）,https://www.city.ena.lg.jp/material/files/group/25/gomihyakka2025.pdf,38,https://www.city.ena.lg.jp/soshikiichiran/suidokankyobu/kankyoka/1/3/2/1741.html,2026-08-07,2025-04-01,2026-08-13,False
ena-555,ena,恵那市,ふすま,粗大ごみ,可燃ごみで出す場合は50㎝以内にする。50㎝以内にでき ない場合は直接処理施設に持ち込む。金属部分は不燃ごみ。,,恵那市ごみ百科事典（令和7年4月1日現在）,https://www.city.ena.lg.jp/material/files/group/25/gomihyakka2025.pdf,38,https://www.city.ena.lg.jp/soshikiichiran/suidokankyobu/kankyoka/1/3/2/1741.html,2026-08-07,2025-04-01,2026-08-13,False
ena-556,ena,恵那市,仏具（仏壇・位(cid:7771)・塔婆など）,粗大ごみ,可燃ごみで出す場合は50㎝以内にする。50㎝以内にでき ない場合は直接処理施設に持ち込む。金属部分は不燃ごみ。,,恵那市ごみ百科事典（令和7年4月1日現在）,https://www.city.ena.lg.jp/material/files/group/25/gomihyakka2025.pdf,38,https://www.city.ena.lg.jp/soshikiichiran/suidokankyobu/kankyoka/1/3/2/1741.html,2026-08-07,2025-04-01,2026-08-13,False
ena-557,ena,恵那市,ブックカバー,可燃ごみ,紙製品はできるかぎり資源回収へ。,,恵那市ごみ百科事典（令和7年4月1日現在）,https://www.city.ena.lg.jp/material/files/group/25/gomihyakka2025.pdf,38,https://www.city.ena.lg.jp/soshikiichiran/suidokankyobu/kankyoka/1/3/2/1741.html,2026-08-07,2025-04-01,2026-08-13,False
ena-558,ena,恵那市,筆(毛筆),可燃ごみ,,,恵那市ごみ百科事典（令和7年4月1日現在）,https://www.city.ena.lg.jp/material/files/group/25/gomihyakka2025.pdf,38,https://www.city.ena.lg.jp/soshikiichiran/suidokankyobu/kankyoka/1/3/2/1741.html,2026-08-07,2025-04-01,2026-08-13,False
ena-559,ena,恵那市,筆箱,可燃ごみ,金属部分は不燃ごみ。,,恵那市ごみ百科事典（令和7年4月1日現在）,https://www.city.ena.lg.jp/material/files/group/25/gomihyakka2025.pdf,38,https://www.city.ena.lg.jp/soshikiichiran/suidokankyobu/kankyoka/1/3/2/1741.html,2026-08-07,2025-04-01,2026-08-13,False
ena-560,ena,恵那市,ふとん,可燃ごみ,指定袋（大）に入れる。入らない場合は、布団１枚につき、 １枚指定袋（大）を付けて出す。,,恵那市ごみ百科事典（令和7年4月1日現在）,https://www.city.ena.lg.jp/material/files/group/25/gomihyakka2025.pdf,38,https://www.city.ena.lg.jp/soshikiichiran/suidokankyobu/kankyoka/1/3/2/1741.html,2026-08-07,2025-04-01,2026-08-13,False
ena-561,ena,恵那市,ふとん乾燥機,不燃ごみ,,,恵那市ごみ百科事典（令和7年4月1日現在）,https://www.city.ena.lg.jp/material/files/group/25/gomihyakka2025.pdf,38,https://www.city.ena.lg.jp/soshikiichiran/suidokankyobu/kankyoka/1/3/2/1741.html,2026-08-07,2025-04-01,2026-08-13,False
ena-562,ena,恵那市,布団干し（金属・ステンレス）,粗大ごみ,不燃ごみに出す場合は1m以内にする。1m以内にできない 場合は直接処理施設に持ち込む。,,恵那市ごみ百科事典（令和7年4月1日現在）,https://www.city.ena.lg.jp/material/files/group/25/gomihyakka2025.pdf,38,https://www.city.ena.lg.jp/soshikiichiran/suidokankyobu/kankyoka/1/3/2/1741.html,2026-08-07,2025-04-01,2026-08-13,False
ena-563,ena,恵那市,フライパン,不燃ごみ,,,恵那市ごみ百科事典（令和7年4月1日現在）,https://www.city.ena.lg.jp/material/files/group/25/gomihyakka2025.pdf,38,https://www.city.ena.lg.jp/soshikiichiran/suidokankyobu/kankyoka/1/3/2/1741.html,2026-08-07,2025-04-01,2026-08-13,False
ena-564,ena,恵那市,ブラインド,粗大ごみ,不燃ごみに出す場合は1m以内にする。1m以内にできない 場合は直接処理施設に持ち込む。,,恵那市ごみ百科事典（令和7年4月1日現在）,https://www.city.ena.lg.jp/material/files/group/25/gomihyakka2025.pdf,38,https://www.city.ena.lg.jp/soshikiichiran/suidokankyobu/kankyoka/1/3/2/1741.html,2026-08-07,2025-04-01,2026-08-13,False
ena-565,ena,恵那市,ブラシ,可燃ごみ,金属部分は不燃ごみ。,,恵那市ごみ百科事典（令和7年4月1日現在）,https://www.city.ena.lg.jp/material/files/group/25/gomihyakka2025.pdf,38,https://www.city.ena.lg.jp/soshikiichiran/suidokankyobu/kankyoka/1/3/2/1741.html,2026-08-07,2025-04-01,2026-08-13,False
ena-566,ena,恵那市,プラモデル,可燃ごみ,外箱は資源ごみ。金属部分は不燃ごみ。電池は処理困難ごみ。,,恵那市ごみ百科事典（令和7年4月1日現在）,https://www.city.ena.lg.jp/material/files/group/25/gomihyakka2025.pdf,38,https://www.city.ena.lg.jp/soshikiichiran/suidokankyobu/kankyoka/1/3/2/1741.html,2026-08-07,2025-04-01,2026-08-13,False
ena-567,ena,恵那市,フラワーポット,可燃ごみ,土などは除いて出す。金属･陶器製品は不燃ごみ。,,恵那市ごみ百科事典（令和7年4月1日現在）,https://www.city.ena.lg.jp/material/files/group/25/gomihyakka2025.pdf,38,https://www.city.ena.lg.jp/soshikiichiran/suidokankyobu/kankyoka/1/3/2/1741.html,2026-08-07,2025-04-01,2026-08-13,False
ena-568,ena,恵那市,ブランコ,粗大ごみ,不燃ごみに出す場合は1m以内にする。1m以内にできない 場合は直接処理施設に持ち込む。木製・プラスチック部分 は可燃ごみ。,,恵那市ごみ百科事典（令和7年4月1日現在）,https://www.city.ena.lg.jp/material/files/group/25/gomihyakka2025.pdf,38,https://www.city.ena.lg.jp/soshikiichiran/suidokankyobu/kankyoka/1/3/2/1741.html,2026-08-07,2025-04-01,2026-08-13,False
ena-569,ena,恵那市,プランター,可燃ごみ,土などは除いて出す。金属･陶器製品は不燃ごみ。,,恵那市ごみ百科事典（令和7年4月1日現在）,https://www.city.ena.lg.jp/material/files/group/25/gomihyakka2025.pdf,38,https://www.city.ena.lg.jp/soshikiichiran/suidokankyobu/kankyoka/1/3/2/1741.html,2026-08-07,2025-04-01,2026-08-13,False
ena-570,ena,恵那市,プリンター,不燃ごみ,トナー、インクカートリッジは、販売店のリサイクルボッ クスへ。紙は取り除いて出す。,,恵那市ごみ百科事典（令和7年4月1日現在）,https://www.city.ena.lg.jp/material/files/group/25/gomihyakka2025.pdf,38,https://www.city.ena.lg.jp/soshikiichiran/suidokankyobu/kankyoka/1/3/2/1741.html,2026-08-07,2025-04-01,2026-08-13,False
ena-571,ena,恵那市,ブルーレイディスク,可燃ごみ,,,恵那市ごみ百科事典（令和7年4月1日現在）,https://www.city.ena.lg.jp/material/files/group/25/gomihyakka2025.pdf,38,https://www.city.ena.lg.jp/soshikiichiran/suidokankyobu/kankyoka/1/3/2/1741.html,2026-08-07,2025-04-01,2026-08-13,False
ena-572,ena,恵那市,古着（洗濯したきれいなもの）,資源ごみ,資源回収に出すか、処理施設へ直接搬入する。資源となら ないものは金属製のボタン・ファスナーを外して可燃ごみ へ。エコプラザ回収可。,,恵那市ごみ百科事典（令和7年4月1日現在）,https://www.city.ena.lg.jp/material/files/group/25/gomihyakka2025.pdf,38,https://www.city.ena.lg.jp/soshikiichiran/suidokankyobu/kankyoka/1/3/2/1741.html,2026-08-07,2025-04-01,2026-08-13,True
ena-573,ena,恵那市,フロアマット,可燃ごみ,50㎝以内に切って出す。,,恵那市ごみ百科事典（令和7年4月1日現在）,https://www.city.ena.lg.jp/material/files/group/25/gomihyakka2025.pdf,38,https://www.city.ena.lg.jp/soshikiichiran/suidokankyobu/kankyoka/1/3/2/1741.html,2026-08-07,2025-04-01,2026-08-13,False
ena-574,ena,恵那市,風呂(cid:20290)・浴槽,粗大ごみ,処理施設へ直接搬入。個人作業で出たものに限る。,,恵那市ごみ百科事典（令和7年4月1日現在）,https://www.city.ena.lg.jp/material/files/group/25/gomihyakka2025.pdf,38,https://www.city.ena.lg.jp/soshikiichiran/suidokankyobu/kankyoka/1/3/2/1741.html,2026-08-07,2025-04-01,2026-08-13,False
ena-575,ena,恵那市,ブロック,粗大ごみ,1回の持込は軽トラック1台分まで。個人作業で出たものに 限る。,,恵那市ごみ百科事典（令和7年4月1日現在）,https://www.city.ena.lg.jp/material/files/group/25/gomihyakka2025.pdf,38,https://www.city.ena.lg.jp/soshikiichiran/suidokankyobu/kankyoka/1/3/2/1741.html,2026-08-07,2025-04-01,2026-08-13,False
ena-576,ena,恵那市,フロッピーディスク,不燃ごみ,ケースは可燃ごみ。,,恵那市ごみ百科事典（令和7年4月1日現在）,https://www.city.ena.lg.jp/material/files/group/25/gomihyakka2025.pdf,38,https://www.city.ena.lg.jp/soshikiichiran/suidokankyobu/kankyoka/1/3/2/1741.html,2026-08-07,2025-04-01,2026-08-13,False
ena-577,ena,恵那市,プロパンガスボンベ,回収不可,販売店に問い合わせる。,,恵那市ごみ百科事典（令和7年4月1日現在）,https://www.city.ena.lg.jp/material/files/group/25/gomihyakka2025.pdf,38,https://www.city.ena.lg.jp/soshikiichiran/suidokankyobu/kankyoka/1/3/2/1741.html,2026-08-07,2025-04-01,2026-08-13,False
ena-578,ena,恵那市,風呂ふた（プラスチック製）,可燃ごみ,入らない場合はふた1枚につき1枚指定袋（大）を付けて出 す。金属類は不燃ごみ。,,恵那市ごみ百科事典（令和7年4月1日現在）,https://www.city.ena.lg.jp/material/files/group/25/gomihyakka2025.pdf,38,https://www.city.ena.lg.jp/soshikiichiran/suidokankyobu/kankyoka/1/3/2/1741.html,2026-08-07,2025-04-01,2026-08-13,False
ena-579,ena,恵那市,風呂マット,可燃ごみ,50㎝以内に切って出す。金属部分は不燃ごみ。,,恵那市ごみ百科事典（令和7年4月1日現在）,https://www.city.ena.lg.jp/material/files/group/25/gomihyakka2025.pdf,38,https://www.city.ena.lg.jp/soshikiichiran/suidokankyobu/kankyoka/1/3/2/1741.html,2026-08-07,2025-04-01,2026-08-13,False
ena-580,ena,恵那市,文鎮(ぶんちん),不燃ごみ,,,恵那市ごみ百科事典（令和7年4月1日現在）,https://www.city.ena.lg.jp/material/files/group/25/gomihyakka2025.pdf,39,https://www.city.ena.lg.jp/soshikiichiran/suidokankyobu/kankyoka/1/3/2/1741.html,2026-08-07,2025-04-01,2026-08-13,False
ena-581,ena,恵那市,文房具,可燃ごみ,金属部分・金属製品・消しゴムは不燃ごみ。分別して出す。,,恵那市ごみ百科事典（令和7年4月1日現在）,https://www.city.ena.lg.jp/material/files/group/25/gomihyakka2025.pdf,39,https://www.city.ena.lg.jp/soshikiichiran/suidokankyobu/kankyoka/1/3/2/1741.html,2026-08-07,2025-04-01,2026-08-13,False
ena-582,ena,恵那市,ヘアスプレー缶,不燃ごみ,中身を使い切り、穴を開けて出す。キャップや外装フィル ムは可燃ごみ。,,恵那市ごみ百科事典（令和7年4月1日現在）,https://www.city.ena.lg.jp/material/files/group/25/gomihyakka2025.pdf,39,https://www.city.ena.lg.jp/soshikiichiran/suidokankyobu/kankyoka/1/3/2/1741.html,2026-08-07,2025-04-01,2026-08-13,False
ena-583,ena,恵那市,ヘアブラシ,可燃ごみ,金属部分は不燃ごみ。,,恵那市ごみ百科事典（令和7年4月1日現在）,https://www.city.ena.lg.jp/material/files/group/25/gomihyakka2025.pdf,39,https://www.city.ena.lg.jp/soshikiichiran/suidokankyobu/kankyoka/1/3/2/1741.html,2026-08-07,2025-04-01,2026-08-13,False
ena-584,ena,恵那市,ベッド(金属製),粗大ごみ,不燃ごみに出す場合は1m以内にする。1m以内にできない 場合は直接処理施設に持ち込む。,,恵那市ごみ百科事典（令和7年4月1日現在）,https://www.city.ena.lg.jp/material/files/group/25/gomihyakka2025.pdf,39,https://www.city.ena.lg.jp/soshikiichiran/suidokankyobu/kankyoka/1/3/2/1741.html,2026-08-07,2025-04-01,2026-08-13,False
ena-585,ena,恵那市,ペットボトル ←このマーク,資源ごみ,中をよく洗って出す。プラスチックキャップは可燃ごみ。 金属製は不燃ごみ。,,恵那市ごみ百科事典（令和7年4月1日現在）,https://www.city.ena.lg.jp/material/files/group/25/gomihyakka2025.pdf,39,https://www.city.ena.lg.jp/soshikiichiran/suidokankyobu/kankyoka/1/3/2/1741.html,2026-08-07,2025-04-01,2026-08-13,False
ena-586,ena,恵那市,ベビーカー,不燃ごみ,指定袋（大）をつけて出す。,,恵那市ごみ百科事典（令和7年4月1日現在）,https://www.city.ena.lg.jp/material/files/group/25/gomihyakka2025.pdf,39,https://www.city.ena.lg.jp/soshikiichiran/suidokankyobu/kankyoka/1/3/2/1741.html,2026-08-07,2025-04-01,2026-08-13,False
ena-587,ena,恵那市,ヘルスメーター(体重計),不燃ごみ,電池は処理困難ごみ。,,恵那市ごみ百科事典（令和7年4月1日現在）,https://www.city.ena.lg.jp/material/files/group/25/gomihyakka2025.pdf,39,https://www.city.ena.lg.jp/soshikiichiran/suidokankyobu/kankyoka/1/3/2/1741.html,2026-08-07,2025-04-01,2026-08-13,False
ena-588,ena,恵那市,ベルト,可燃ごみ,50㎝以内に切って出す。金属部分は不燃ごみ。,,恵那市ごみ百科事典（令和7年4月1日現在）,https://www.city.ena.lg.jp/material/files/group/25/gomihyakka2025.pdf,39,https://www.city.ena.lg.jp/soshikiichiran/suidokankyobu/kankyoka/1/3/2/1741.html,2026-08-07,2025-04-01,2026-08-13,False
ena-589,ena,恵那市,ヘルメット,可燃ごみ,金属部分は不燃ごみ。,,恵那市ごみ百科事典（令和7年4月1日現在）,https://www.city.ena.lg.jp/material/files/group/25/gomihyakka2025.pdf,39,https://www.city.ena.lg.jp/soshikiichiran/suidokankyobu/kankyoka/1/3/2/1741.html,2026-08-07,2025-04-01,2026-08-13,False
ena-590,ena,恵那市,便器（陶器製）,不燃ごみ,指定袋（大）をつけて出す。個人作業で出たものに限る。,,恵那市ごみ百科事典（令和7年4月1日現在）,https://www.city.ena.lg.jp/material/files/group/25/gomihyakka2025.pdf,39,https://www.city.ena.lg.jp/soshikiichiran/suidokankyobu/kankyoka/1/3/2/1741.html,2026-08-07,2025-04-01,2026-08-13,False
ena-591,ena,恵那市,ペンキ,回収不可,販売店へ問い合わせる（少量の場合に限り布に染みこませ て可燃ごみへ）。,,恵那市ごみ百科事典（令和7年4月1日現在）,https://www.city.ena.lg.jp/material/files/group/25/gomihyakka2025.pdf,39,https://www.city.ena.lg.jp/soshikiichiran/suidokankyobu/kankyoka/1/3/2/1741.html,2026-08-07,2025-04-01,2026-08-13,False
ena-592,ena,恵那市,ペンキの缶,不燃ごみ,中身を使い切って出す。,,恵那市ごみ百科事典（令和7年4月1日現在）,https://www.city.ena.lg.jp/material/files/group/25/gomihyakka2025.pdf,39,https://www.city.ena.lg.jp/soshikiichiran/suidokankyobu/kankyoka/1/3/2/1741.html,2026-08-07,2025-04-01,2026-08-13,False
ena-593,ena,恵那市,ペンキのスプレー缶,不燃ごみ,中身を使い切り、穴を開けて出す。キャップや外装フィル ムは可燃ごみ。,,恵那市ごみ百科事典（令和7年4月1日現在）,https://www.city.ena.lg.jp/material/files/group/25/gomihyakka2025.pdf,39,https://www.city.ena.lg.jp/soshikiichiran/suidokankyobu/kankyoka/1/3/2/1741.html,2026-08-07,2025-04-01,2026-08-13,False
ena-594,ena,恵那市,ペンチ,不燃ごみ,,,恵那市ごみ百科事典（令和7年4月1日現在）,https://www.city.ena.lg.jp/material/files/group/25/gomihyakka2025.pdf,39,https://www.city.ena.lg.jp/soshikiichiran/suidokankyobu/kankyoka/1/3/2/1741.html,2026-08-07,2025-04-01,2026-08-13,False
ena-595,ena,恵那市,便座（樹脂製）,不燃ごみ,プラスチック製品は可燃ごみ。,,恵那市ごみ百科事典（令和7年4月1日現在）,https://www.city.ena.lg.jp/material/files/group/25/gomihyakka2025.pdf,39,https://www.city.ena.lg.jp/soshikiichiran/suidokankyobu/kankyoka/1/3/2/1741.html,2026-08-07,2025-04-01,2026-08-13,False
ena-596,ena,恵那市,ペン類,不燃ごみ,プラスチック製品、プラスチック部分は可燃ごみ。,,恵那市ごみ百科事典（令和7年4月1日現在）,https://www.city.ena.lg.jp/material/files/group/25/gomihyakka2025.pdf,39,https://www.city.ena.lg.jp/soshikiichiran/suidokankyobu/kankyoka/1/3/2/1741.html,2026-08-07,2025-04-01,2026-08-13,False
ena-597,ena,恵那市,ホイール（車用）,不燃ごみ,指定袋（大）に入れるか、入らない時は１本につき１枚指 定袋（大）をつけて出す。,,恵那市ごみ百科事典（令和7年4月1日現在）,https://www.city.ena.lg.jp/material/files/group/25/gomihyakka2025.pdf,39,https://www.city.ena.lg.jp/soshikiichiran/suidokankyobu/kankyoka/1/3/2/1741.html,2026-08-07,2025-04-01,2026-08-13,False
ena-598,ena,恵那市,ホイールカバー（車用・プラスチック製）,可燃ごみ,金属部分は不燃ごみ。,,恵那市ごみ百科事典（令和7年4月1日現在）,https://www.city.ena.lg.jp/material/files/group/25/gomihyakka2025.pdf,39,https://www.city.ena.lg.jp/soshikiichiran/suidokankyobu/kankyoka/1/3/2/1741.html,2026-08-07,2025-04-01,2026-08-13,False
ena-599,ena,恵那市,ボイラー（家庭用）,粗大ごみ,処理施設へ直接搬入。,,恵那市ごみ百科事典（令和7年4月1日現在）,https://www.city.ena.lg.jp/material/files/group/25/gomihyakka2025.pdf,39,https://www.city.ena.lg.jp/soshikiichiran/suidokankyobu/kankyoka/1/3/2/1741.html,2026-08-07,2025-04-01,2026-08-13,False
ena-600,ena,恵那市,ほうき,可燃ごみ,金属部分は不燃ごみ。,,恵那市ごみ百科事典（令和7年4月1日現在）,https://www.city.ena.lg.jp/material/files/group/25/gomihyakka2025.pdf,39,https://www.city.ena.lg.jp/soshikiichiran/suidokankyobu/kankyoka/1/3/2/1741.html,2026-08-07,2025-04-01,2026-08-13,False
ena-601,ena,恵那市,帽子,可燃ごみ,,,恵那市ごみ百科事典（令和7年4月1日現在）,https://www.city.ena.lg.jp/material/files/group/25/gomihyakka2025.pdf,39,https://www.city.ena.lg.jp/soshikiichiran/suidokankyobu/kankyoka/1/3/2/1741.html,2026-08-07,2025-04-01,2026-08-13,False
ena-602,ena,恵那市,防草シート,可燃ごみ,材質がすべてプラスチック類（ポリプロピレン、ポリエチ レン等）でしたら、可燃ごみとして可燃ごみ袋に入れて出 すことができます。ごみ袋に入れて出す場合は、50㎝以内 に切って出す。,,恵那市ごみ百科事典（令和7年4月1日現在）,https://www.city.ena.lg.jp/material/files/group/25/gomihyakka2025.pdf,39,https://www.city.ena.lg.jp/soshikiichiran/suidokankyobu/kankyoka/1/3/2/1741.html,2026-08-07,2025-04-01,2026-08-13,False
ena-603,ena,恵那市,包帯,可燃ごみ,50㎝以内に切って出す。,,恵那市ごみ百科事典（令和7年4月1日現在）,https://www.city.ena.lg.jp/material/files/group/25/gomihyakka2025.pdf,39,https://www.city.ena.lg.jp/soshikiichiran/suidokankyobu/kankyoka/1/3/2/1741.html,2026-08-07,2025-04-01,2026-08-13,False
ena-604,ena,恵那市,包丁,不燃ごみ,刃をガムテープ等で覆って出す。,,恵那市ごみ百科事典（令和7年4月1日現在）,https://www.city.ena.lg.jp/material/files/group/25/gomihyakka2025.pdf,39,https://www.city.ena.lg.jp/soshikiichiran/suidokankyobu/kankyoka/1/3/2/1741.html,2026-08-07,2025-04-01,2026-08-13,False
ena-605,ena,恵那市,包丁研ぎ器,不燃ごみ,,,恵那市ごみ百科事典（令和7年4月1日現在）,https://www.city.ena.lg.jp/material/files/group/25/gomihyakka2025.pdf,39,https://www.city.ena.lg.jp/soshikiichiran/suidokankyobu/kankyoka/1/3/2/1741.html,2026-08-07,2025-04-01,2026-08-13,False
ena-606,ena,恵那市,ボウル(台所用金属製),不燃ごみ,木・プラスチック製品は可燃ごみ。,,恵那市ごみ百科事典（令和7年4月1日現在）,https://www.city.ena.lg.jp/material/files/group/25/gomihyakka2025.pdf,39,https://www.city.ena.lg.jp/soshikiichiran/suidokankyobu/kankyoka/1/3/2/1741.html,2026-08-07,2025-04-01,2026-08-13,False
ena-607,ena,恵那市,ホース,可燃ごみ,50㎝以内に切って出す。塩化ビニル製品は不燃ごみ。,,恵那市ごみ百科事典（令和7年4月1日現在）,https://www.city.ena.lg.jp/material/files/group/25/gomihyakka2025.pdf,39,https://www.city.ena.lg.jp/soshikiichiran/suidokankyobu/kankyoka/1/3/2/1741.html,2026-08-07,2025-04-01,2026-08-13,False
ena-608,ena,恵那市,ポータブルトイレ（プラスチック製・木製）,可燃ごみ,清掃して出す。50㎝以上の場合は粗大ごみ。ウレタン樹脂 の場合は不燃ごみ。,,恵那市ごみ百科事典（令和7年4月1日現在）,https://www.city.ena.lg.jp/material/files/group/25/gomihyakka2025.pdf,39,https://www.city.ena.lg.jp/soshikiichiran/suidokankyobu/kankyoka/1/3/2/1741.html,2026-08-07,2025-04-01,2026-08-13,False
ena-609,ena,恵那市,ボール(スポーツ用品),可燃ごみ,できるだけ空気を抜いて出す。,,恵那市ごみ百科事典（令和7年4月1日現在）,https://www.city.ena.lg.jp/material/files/group/25/gomihyakka2025.pdf,39,https://www.city.ena.lg.jp/soshikiichiran/suidokankyobu/kankyoka/1/3/2/1741.html,2026-08-07,2025-04-01,2026-08-13,False
ena-610,ena,恵那市,ボール(ボウリング用）,粗大ごみ,処理施設へ直接搬入。,,恵那市ごみ百科事典（令和7年4月1日現在）,https://www.city.ena.lg.jp/material/files/group/25/gomihyakka2025.pdf,39,https://www.city.ena.lg.jp/soshikiichiran/suidokankyobu/kankyoka/1/3/2/1741.html,2026-08-07,2025-04-01,2026-08-13,False
ena-611,ena,恵那市,ホーロー鍋,不燃ごみ,,,恵那市ごみ百科事典（令和7年4月1日現在）,https://www.city.ena.lg.jp/material/files/group/25/gomihyakka2025.pdf,39,https://www.city.ena.lg.jp/soshikiichiran/suidokankyobu/kankyoka/1/3/2/1741.html,2026-08-07,2025-04-01,2026-08-13,False
ena-612,ena,恵那市,ポケットWiFi,不燃ごみ,,,恵那市ごみ百科事典（令和7年4月1日現在）,https://www.city.ena.lg.jp/material/files/group/25/gomihyakka2025.pdf,39,https://www.city.ena.lg.jp/soshikiichiran/suidokankyobu/kankyoka/1/3/2/1741.html,2026-08-07,2025-04-01,2026-08-13,False
ena-613,ena,恵那市,歩行器,不燃ごみ,プラスチック製品は可燃ごみ。,,恵那市ごみ百科事典（令和7年4月1日現在）,https://www.city.ena.lg.jp/material/files/group/25/gomihyakka2025.pdf,39,https://www.city.ena.lg.jp/soshikiichiran/suidokankyobu/kankyoka/1/3/2/1741.html,2026-08-07,2025-04-01,2026-08-13,False
ena-614,ena,恵那市,ボタン(プラスチック製),可燃ごみ,金属部分は不燃ごみ。,,恵那市ごみ百科事典（令和7年4月1日現在）,https://www.city.ena.lg.jp/material/files/group/25/gomihyakka2025.pdf,39,https://www.city.ena.lg.jp/soshikiichiran/suidokankyobu/kankyoka/1/3/2/1741.html,2026-08-07,2025-04-01,2026-08-13,False
ena-615,ena,恵那市,ホチキス,不燃ごみ,,,恵那市ごみ百科事典（令和7年4月1日現在）,https://www.city.ena.lg.jp/material/files/group/25/gomihyakka2025.pdf,39,https://www.city.ena.lg.jp/soshikiichiran/suidokankyobu/kankyoka/1/3/2/1741.html,2026-08-07,2025-04-01,2026-08-13,False
ena-616,ena,恵那市,ポット(魔法瓶),不燃ごみ,中に他のごみを入れない。,,恵那市ごみ百科事典（令和7年4月1日現在）,https://www.city.ena.lg.jp/material/files/group/25/gomihyakka2025.pdf,39,https://www.city.ena.lg.jp/soshikiichiran/suidokankyobu/kankyoka/1/3/2/1741.html,2026-08-07,2025-04-01,2026-08-13,False
ena-617,ena,恵那市,ポット(園芸・苗用),可燃ごみ,土などを取り除いて出す。,,恵那市ごみ百科事典（令和7年4月1日現在）,https://www.city.ena.lg.jp/material/files/group/25/gomihyakka2025.pdf,39,https://www.city.ena.lg.jp/soshikiichiran/suidokankyobu/kankyoka/1/3/2/1741.html,2026-08-07,2025-04-01,2026-08-13,False
ena-618,ena,恵那市,ホットカーペット,不燃ごみ,1ｍ以内にして縛って出す。袋に入らない場合は指定袋（大） をつける。,,恵那市ごみ百科事典（令和7年4月1日現在）,https://www.city.ena.lg.jp/material/files/group/25/gomihyakka2025.pdf,39,https://www.city.ena.lg.jp/soshikiichiran/suidokankyobu/kankyoka/1/3/2/1741.html,2026-08-07,2025-04-01,2026-08-13,False
ena-619,ena,恵那市,ホットプレート,不燃ごみ,,,恵那市ごみ百科事典（令和7年4月1日現在）,https://www.city.ena.lg.jp/material/files/group/25/gomihyakka2025.pdf,39,https://www.city.ena.lg.jp/soshikiichiran/suidokankyobu/kankyoka/1/3/2/1741.html,2026-08-07,2025-04-01,2026-08-13,False
ena-620,ena,恵那市,ポテトチップなどの紙缶･フタ,可燃ごみ,金属の底部分は不燃ごみ。,,恵那市ごみ百科事典（令和7年4月1日現在）,https://www.city.ena.lg.jp/material/files/group/25/gomihyakka2025.pdf,39,https://www.city.ena.lg.jp/soshikiichiran/suidokankyobu/kankyoka/1/3/2/1741.html,2026-08-07,2025-04-01,2026-08-13,False
ena-621,ena,恵那市,哺乳瓶(プラスチック製),可燃ごみ,耐熱ガラス製品は不燃ごみ。,,恵那市ごみ百科事典（令和7年4月1日現在）,https://www.city.ena.lg.jp/material/files/group/25/gomihyakka2025.pdf,39,https://www.city.ena.lg.jp/soshikiichiran/suidokankyobu/kankyoka/1/3/2/1741.html,2026-08-07,2025-04-01,2026-08-13,False
ena-622,ena,恵那市,ポラロイド写真,可燃ごみ,,,恵那市ごみ百科事典（令和7年4月1日現在）,https://www.city.ena.lg.jp/material/files/group/25/gomihyakka2025.pdf,39,https://www.city.ena.lg.jp/soshikiichiran/suidokankyobu/kankyoka/1/3/2/1741.html,2026-08-07,2025-04-01,2026-08-13,False
ena-623,ena,恵那市,ポリタンク,可燃ごみ,中を空にして出す。,,恵那市ごみ百科事典（令和7年4月1日現在）,https://www.city.ena.lg.jp/material/files/group/25/gomihyakka2025.pdf,39,https://www.city.ena.lg.jp/soshikiichiran/suidokankyobu/kankyoka/1/3/2/1741.html,2026-08-07,2025-04-01,2026-08-13,False
ena-624,ena,恵那市,保冷庫・保温庫,家電リサイクル,詳細は11・12ページ参照。,,恵那市ごみ百科事典（令和7年4月1日現在）,https://www.city.ena.lg.jp/material/files/group/25/gomihyakka2025.pdf,39,https://www.city.ena.lg.jp/soshikiichiran/suidokankyobu/kankyoka/1/3/2/1741.html,2026-08-07,2025-04-01,2026-08-13,False
ena-625,ena,恵那市,保冷剤・保冷パック,可燃ごみ,中身は出さずにそのまま可燃ごみ。,,恵那市ごみ百科事典（令和7年4月1日現在）,https://www.city.ena.lg.jp/material/files/group/25/gomihyakka2025.pdf,39,https://www.city.ena.lg.jp/soshikiichiran/suidokankyobu/kankyoka/1/3/2/1741.html,2026-08-07,2025-04-01,2026-08-13,False
ena-626,ena,恵那市,本棚(木製),粗大ごみ,可燃ごみに出す場合は50㎝以内にする。50㎝以内にでき ない場合は直接処理施設に持ち込む。金属部分は不燃ごみ。,,恵那市ごみ百科事典（令和7年4月1日現在）,https://www.city.ena.lg.jp/material/files/group/25/gomihyakka2025.pdf,40,https://www.city.ena.lg.jp/soshikiichiran/suidokankyobu/kankyoka/1/3/2/1741.html,2026-08-07,2025-04-01,2026-08-13,False
ena-627,ena,恵那市,マーカーペン(油性ペン),可燃ごみ,金属・ガラス製品は不燃ごみ。,,恵那市ごみ百科事典（令和7年4月1日現在）,https://www.city.ena.lg.jp/material/files/group/25/gomihyakka2025.pdf,40,https://www.city.ena.lg.jp/soshikiichiran/suidokankyobu/kankyoka/1/3/2/1741.html,2026-08-07,2025-04-01,2026-08-13,False
ena-628,ena,恵那市,マージャンパイ（麻雀(cid:7771)）,可燃ごみ,,,恵那市ごみ百科事典（令和7年4月1日現在）,https://www.city.ena.lg.jp/material/files/group/25/gomihyakka2025.pdf,40,https://www.city.ena.lg.jp/soshikiichiran/suidokankyobu/kankyoka/1/3/2/1741.html,2026-08-07,2025-04-01,2026-08-13,False
ena-629,ena,恵那市,マイク（マイクロホン）,不燃ごみ,電池は処理困難ごみ。,,恵那市ごみ百科事典（令和7年4月1日現在）,https://www.city.ena.lg.jp/material/files/group/25/gomihyakka2025.pdf,40,https://www.city.ena.lg.jp/soshikiichiran/suidokankyobu/kankyoka/1/3/2/1741.html,2026-08-07,2025-04-01,2026-08-13,False
ena-630,ena,恵那市,巻尺(布製),可燃ごみ,50㎝以内に切って出す。金属部分や金属製の巻尺は不燃ご み。,,恵那市ごみ百科事典（令和7年4月1日現在）,https://www.city.ena.lg.jp/material/files/group/25/gomihyakka2025.pdf,40,https://www.city.ena.lg.jp/soshikiichiran/suidokankyobu/kankyoka/1/3/2/1741.html,2026-08-07,2025-04-01,2026-08-13,False
ena-631,ena,恵那市,マグネット,不燃ごみ,プラスチック部分は可燃ごみ。,,恵那市ごみ百科事典（令和7年4月1日現在）,https://www.city.ena.lg.jp/material/files/group/25/gomihyakka2025.pdf,40,https://www.city.ena.lg.jp/soshikiichiran/suidokankyobu/kankyoka/1/3/2/1741.html,2026-08-07,2025-04-01,2026-08-13,False
ena-632,ena,恵那市,まくら,可燃ごみ,,,恵那市ごみ百科事典（令和7年4月1日現在）,https://www.city.ena.lg.jp/material/files/group/25/gomihyakka2025.pdf,40,https://www.city.ena.lg.jp/soshikiichiran/suidokankyobu/kankyoka/1/3/2/1741.html,2026-08-07,2025-04-01,2026-08-13,False
ena-633,ena,恵那市,マジックペン,可燃ごみ,金属・ガラス製品は不燃ごみ。,,恵那市ごみ百科事典（令和7年4月1日現在）,https://www.city.ena.lg.jp/material/files/group/25/gomihyakka2025.pdf,40,https://www.city.ena.lg.jp/soshikiichiran/suidokankyobu/kankyoka/1/3/2/1741.html,2026-08-07,2025-04-01,2026-08-13,False
ena-634,ena,恵那市,マッサージ機,粗大ごみ,処理施設へ直接搬入。,,恵那市ごみ百科事典（令和7年4月1日現在）,https://www.city.ena.lg.jp/material/files/group/25/gomihyakka2025.pdf,40,https://www.city.ena.lg.jp/soshikiichiran/suidokankyobu/kankyoka/1/3/2/1741.html,2026-08-07,2025-04-01,2026-08-13,False
ena-635,ena,恵那市,マッチ,可燃ごみ,未使用のものは回収不可。,,恵那市ごみ百科事典（令和7年4月1日現在）,https://www.city.ena.lg.jp/material/files/group/25/gomihyakka2025.pdf,40,https://www.city.ena.lg.jp/soshikiichiran/suidokankyobu/kankyoka/1/3/2/1741.html,2026-08-07,2025-04-01,2026-08-13,False
ena-636,ena,恵那市,マットレス,粗大ごみ,可燃ごみに出す場合は50㎝以内にする。50㎝以内にでき ない場合は直接処理施設に持ち込む。金属部分は不燃ごみ。,,恵那市ごみ百科事典（令和7年4月1日現在）,https://www.city.ena.lg.jp/material/files/group/25/gomihyakka2025.pdf,40,https://www.city.ena.lg.jp/soshikiichiran/suidokankyobu/kankyoka/1/3/2/1741.html,2026-08-07,2025-04-01,2026-08-13,False
ena-637,ena,恵那市,窓ガラス(板ガラス),不燃ごみ,危険のないようにガムテープ等で覆って出す。,,恵那市ごみ百科事典（令和7年4月1日現在）,https://www.city.ena.lg.jp/material/files/group/25/gomihyakka2025.pdf,40,https://www.city.ena.lg.jp/soshikiichiran/suidokankyobu/kankyoka/1/3/2/1741.html,2026-08-07,2025-04-01,2026-08-13,False
ena-638,ena,恵那市,まな板,可燃ごみ,金属部分は不燃ごみ。,,恵那市ごみ百科事典（令和7年4月1日現在）,https://www.city.ena.lg.jp/material/files/group/25/gomihyakka2025.pdf,40,https://www.city.ena.lg.jp/soshikiichiran/suidokankyobu/kankyoka/1/3/2/1741.html,2026-08-07,2025-04-01,2026-08-13,False
ena-639,ena,恵那市,豆炭,不燃ごみ,袋に入れ「豆炭灰」と明記する。未使用なものは回収不可。,,恵那市ごみ百科事典（令和7年4月1日現在）,https://www.city.ena.lg.jp/material/files/group/25/gomihyakka2025.pdf,40,https://www.city.ena.lg.jp/soshikiichiran/suidokankyobu/kankyoka/1/3/2/1741.html,2026-08-07,2025-04-01,2026-08-13,False
ena-640,ena,恵那市,マルチ（農業用）,回収不可,販売店へ問い合わせる。,,恵那市ごみ百科事典（令和7年4月1日現在）,https://www.city.ena.lg.jp/material/files/group/25/gomihyakka2025.pdf,40,https://www.city.ena.lg.jp/soshikiichiran/suidokankyobu/kankyoka/1/3/2/1741.html,2026-08-07,2025-04-01,2026-08-13,False
ena-641,ena,恵那市,ミシン,不燃ごみ,糸などは可燃ごみ。分別して出す。,,恵那市ごみ百科事典（令和7年4月1日現在）,https://www.city.ena.lg.jp/material/files/group/25/gomihyakka2025.pdf,40,https://www.city.ena.lg.jp/soshikiichiran/suidokankyobu/kankyoka/1/3/2/1741.html,2026-08-07,2025-04-01,2026-08-13,False
ena-642,ena,恵那市,ミルク缶,不燃ごみ,中身を使い切り、洗って出す。プラスチックふたは可燃ごみ。,,恵那市ごみ百科事典（令和7年4月1日現在）,https://www.city.ena.lg.jp/material/files/group/25/gomihyakka2025.pdf,40,https://www.city.ena.lg.jp/soshikiichiran/suidokankyobu/kankyoka/1/3/2/1741.html,2026-08-07,2025-04-01,2026-08-13,False
ena-643,ena,恵那市,虫かご(プラスチック製),可燃ごみ,金属部分は不燃ごみ。,,恵那市ごみ百科事典（令和7年4月1日現在）,https://www.city.ena.lg.jp/material/files/group/25/gomihyakka2025.pdf,40,https://www.city.ena.lg.jp/soshikiichiran/suidokankyobu/kankyoka/1/3/2/1741.html,2026-08-07,2025-04-01,2026-08-13,False
ena-644,ena,恵那市,蒸し器(せいろ),不燃ごみ,木製品は可燃ごみ。,,恵那市ごみ百科事典（令和7年4月1日現在）,https://www.city.ena.lg.jp/material/files/group/25/gomihyakka2025.pdf,40,https://www.city.ena.lg.jp/soshikiichiran/suidokankyobu/kankyoka/1/3/2/1741.html,2026-08-07,2025-04-01,2026-08-13,False
ena-645,ena,恵那市,虫めがね(ガラス製),不燃ごみ,プラスチック製品は可燃ごみ。,,恵那市ごみ百科事典（令和7年4月1日現在）,https://www.city.ena.lg.jp/material/files/group/25/gomihyakka2025.pdf,40,https://www.city.ena.lg.jp/soshikiichiran/suidokankyobu/kankyoka/1/3/2/1741.html,2026-08-07,2025-04-01,2026-08-13,False
ena-646,ena,恵那市,名刺ケース,可燃ごみ,金属部分は不燃ごみ。,,恵那市ごみ百科事典（令和7年4月1日現在）,https://www.city.ena.lg.jp/material/files/group/25/gomihyakka2025.pdf,40,https://www.city.ena.lg.jp/soshikiichiran/suidokankyobu/kankyoka/1/3/2/1741.html,2026-08-07,2025-04-01,2026-08-13,False
ena-647,ena,恵那市,眼鏡,不燃ごみ,プラスチックレンズは可燃ごみ。,,恵那市ごみ百科事典（令和7年4月1日現在）,https://www.city.ena.lg.jp/material/files/group/25/gomihyakka2025.pdf,40,https://www.city.ena.lg.jp/soshikiichiran/suidokankyobu/kankyoka/1/3/2/1741.html,2026-08-07,2025-04-01,2026-08-13,False
ena-648,ena,恵那市,メジャー(金属製),不燃ごみ,,,恵那市ごみ百科事典（令和7年4月1日現在）,https://www.city.ena.lg.jp/material/files/group/25/gomihyakka2025.pdf,40,https://www.city.ena.lg.jp/soshikiichiran/suidokankyobu/kankyoka/1/3/2/1741.html,2026-08-07,2025-04-01,2026-08-13,False
ena-649,ena,恵那市,メモリーカード,不燃ごみ,データの破棄をしてから出す。,,恵那市ごみ百科事典（令和7年4月1日現在）,https://www.city.ena.lg.jp/material/files/group/25/gomihyakka2025.pdf,40,https://www.city.ena.lg.jp/soshikiichiran/suidokankyobu/kankyoka/1/3/2/1741.html,2026-08-07,2025-04-01,2026-08-13,False
ena-650,ena,恵那市,毛布,可燃ごみ,たたんで可燃ごみ袋一枚を付ける。※袋に入れる場合は、 50㎝以内に切って出す。,,恵那市ごみ百科事典（令和7年4月1日現在）,https://www.city.ena.lg.jp/material/files/group/25/gomihyakka2025.pdf,40,https://www.city.ena.lg.jp/soshikiichiran/suidokankyobu/kankyoka/1/3/2/1741.html,2026-08-07,2025-04-01,2026-08-13,False
ena-651,ena,恵那市,もちつき機,不燃ごみ,中に他のごみを入れない。,,恵那市ごみ百科事典（令和7年4月1日現在）,https://www.city.ena.lg.jp/material/files/group/25/gomihyakka2025.pdf,40,https://www.city.ena.lg.jp/soshikiichiran/suidokankyobu/kankyoka/1/3/2/1741.html,2026-08-07,2025-04-01,2026-08-13,False
ena-652,ena,恵那市,モップ,可燃ごみ,金属部分は不燃ごみ。,,恵那市ごみ百科事典（令和7年4月1日現在）,https://www.city.ena.lg.jp/material/files/group/25/gomihyakka2025.pdf,40,https://www.city.ena.lg.jp/soshikiichiran/suidokankyobu/kankyoka/1/3/2/1741.html,2026-08-07,2025-04-01,2026-08-13,False
ena-653,ena,恵那市,物干し竿,粗大ごみ,不燃ごみに出す場合は1m以内にする。1m以内にできない 場合は直接処理施設に持ち込む。,,恵那市ごみ百科事典（令和7年4月1日現在）,https://www.city.ena.lg.jp/material/files/group/25/gomihyakka2025.pdf,40,https://www.city.ena.lg.jp/soshikiichiran/suidokankyobu/kankyoka/1/3/2/1741.html,2026-08-07,2025-04-01,2026-08-13,False
ena-654,ena,恵那市,物干し台,粗大ごみ,直接処理施設に持ち込む。,,恵那市ごみ百科事典（令和7年4月1日現在）,https://www.city.ena.lg.jp/material/files/group/25/gomihyakka2025.pdf,40,https://www.city.ena.lg.jp/soshikiichiran/suidokankyobu/kankyoka/1/3/2/1741.html,2026-08-07,2025-04-01,2026-08-13,False
ena-655,ena,恵那市,モバイルバッテリー,処理困難ごみ,詳細は24ページ参照。処理困難ごみとしてステーションに 出すことは可能。エコプラザ回収可。,,恵那市ごみ百科事典（令和7年4月1日現在）,https://www.city.ena.lg.jp/material/files/group/25/gomihyakka2025.pdf,40,https://www.city.ena.lg.jp/soshikiichiran/suidokankyobu/kankyoka/1/3/2/1741.html,2026-08-07,2025-04-01,2026-08-13,True
ena-656,ena,恵那市,やかん,不燃ごみ,中に他のごみを入れない。,,恵那市ごみ百科事典（令和7年4月1日現在）,https://www.city.ena.lg.jp/material/files/group/25/gomihyakka2025.pdf,40,https://www.city.ena.lg.jp/soshikiichiran/suidokankyobu/kankyoka/1/3/2/1741.html,2026-08-07,2025-04-01,2026-08-13,False
ena-657,ena,恵那市,焼き網,不燃ごみ,,,恵那市ごみ百科事典（令和7年4月1日現在）,https://www.city.ena.lg.jp/material/files/group/25/gomihyakka2025.pdf,40,https://www.city.ena.lg.jp/soshikiichiran/suidokankyobu/kankyoka/1/3/2/1741.html,2026-08-07,2025-04-01,2026-08-13,False
ena-658,ena,恵那市,野菜くず,可燃ごみ,十分に水切りをして出す。,,恵那市ごみ百科事典（令和7年4月1日現在）,https://www.city.ena.lg.jp/material/files/group/25/gomihyakka2025.pdf,40,https://www.city.ena.lg.jp/soshikiichiran/suidokankyobu/kankyoka/1/3/2/1741.html,2026-08-07,2025-04-01,2026-08-13,False
ena-659,ena,恵那市,ゆかた,資源ごみ,資源回収に出すか、処理施設へ直接搬入する。資源となら ないものは可燃ごみ。エコプラザ回収可。,,恵那市ごみ百科事典（令和7年4月1日現在）,https://www.city.ena.lg.jp/material/files/group/25/gomihyakka2025.pdf,40,https://www.city.ena.lg.jp/soshikiichiran/suidokankyobu/kankyoka/1/3/2/1741.html,2026-08-07,2025-04-01,2026-08-13,True
ena-660,ena,恵那市,油紙,可燃ごみ,,,恵那市ごみ百科事典（令和7年4月1日現在）,https://www.city.ena.lg.jp/material/files/group/25/gomihyakka2025.pdf,40,https://www.city.ena.lg.jp/soshikiichiran/suidokankyobu/kankyoka/1/3/2/1741.html,2026-08-07,2025-04-01,2026-08-13,False
ena-661,ena,恵那市,湯たんぽ(金属製),不燃ごみ,プラスチック製品は可燃ごみ。,,恵那市ごみ百科事典（令和7年4月1日現在）,https://www.city.ena.lg.jp/material/files/group/25/gomihyakka2025.pdf,40,https://www.city.ena.lg.jp/soshikiichiran/suidokankyobu/kankyoka/1/3/2/1741.html,2026-08-07,2025-04-01,2026-08-13,False
ena-662,ena,恵那市,湯飲み茶碗,不燃ごみ,紙・新聞紙で包まない。,,恵那市ごみ百科事典（令和7年4月1日現在）,https://www.city.ena.lg.jp/material/files/group/25/gomihyakka2025.pdf,40,https://www.city.ena.lg.jp/soshikiichiran/suidokankyobu/kankyoka/1/3/2/1741.html,2026-08-07,2025-04-01,2026-08-13,False
ena-663,ena,恵那市,湯沸器,不燃ごみ,中に他のごみを入れない。,,恵那市ごみ百科事典（令和7年4月1日現在）,https://www.city.ena.lg.jp/material/files/group/25/gomihyakka2025.pdf,40,https://www.city.ena.lg.jp/soshikiichiran/suidokankyobu/kankyoka/1/3/2/1741.html,2026-08-07,2025-04-01,2026-08-13,False
ena-664,ena,恵那市,よしず,粗大ごみ,可燃ごみに出す場合は50㎝以内にする。50㎝以内にでき ない場合は直接処理施設に持ち込む。,,恵那市ごみ百科事典（令和7年4月1日現在）,https://www.city.ena.lg.jp/material/files/group/25/gomihyakka2025.pdf,40,https://www.city.ena.lg.jp/soshikiichiran/suidokankyobu/kankyoka/1/3/2/1741.html,2026-08-07,2025-04-01,2026-08-13,False
ena-665,ena,恵那市,ライター(使い捨て),不燃ごみ,燃料を使い切り、袋に入れて「ライター」と明記して出す。 燃料の残っているものは回収不可。,,恵那市ごみ百科事典（令和7年4月1日現在）,https://www.city.ena.lg.jp/material/files/group/25/gomihyakka2025.pdf,40,https://www.city.ena.lg.jp/soshikiichiran/suidokankyobu/kankyoka/1/3/2/1741.html,2026-08-07,2025-04-01,2026-08-13,False
ena-666,ena,恵那市,ラケット(木･プラスチック製),可燃ごみ,金属部分や金属製のものは不燃ごみ。,,恵那市ごみ百科事典（令和7年4月1日現在）,https://www.city.ena.lg.jp/material/files/group/25/gomihyakka2025.pdf,40,https://www.city.ena.lg.jp/soshikiichiran/suidokankyobu/kankyoka/1/3/2/1741.html,2026-08-07,2025-04-01,2026-08-13,False
ena-667,ena,恵那市,ラジオ,不燃ごみ,電池は処理困難ごみ。,,恵那市ごみ百科事典（令和7年4月1日現在）,https://www.city.ena.lg.jp/material/files/group/25/gomihyakka2025.pdf,40,https://www.city.ena.lg.jp/soshikiichiran/suidokankyobu/kankyoka/1/3/2/1741.html,2026-08-07,2025-04-01,2026-08-13,False
ena-668,ena,恵那市,ラジカセ,不燃ごみ,電池は処理困難ごみ。使用できるものはエコプラザ。,,恵那市ごみ百科事典（令和7年4月1日現在）,https://www.city.ena.lg.jp/material/files/group/25/gomihyakka2025.pdf,40,https://www.city.ena.lg.jp/soshikiichiran/suidokankyobu/kankyoka/1/3/2/1741.html,2026-08-07,2025-04-01,2026-08-13,True
ena-669,ena,恵那市,ラップ(食品用),可燃ごみ,金属部分は不燃ごみ。芯は雑がみとして資源ごみ。,,恵那市ごみ百科事典（令和7年4月1日現在）,https://www.city.ena.lg.jp/material/files/group/25/gomihyakka2025.pdf,40,https://www.city.ena.lg.jp/soshikiichiran/suidokankyobu/kankyoka/1/3/2/1741.html,2026-08-07,2025-04-01,2026-08-13,False
ena-670,ena,恵那市,ランドセル,不燃ごみ,,,恵那市ごみ百科事典（令和7年4月1日現在）,https://www.city.ena.lg.jp/material/files/group/25/gomihyakka2025.pdf,40,https://www.city.ena.lg.jp/soshikiichiran/suidokankyobu/kankyoka/1/3/2/1741.html,2026-08-07,2025-04-01,2026-08-13,False
ena-671,ena,恵那市,ランプ,不燃ごみ,,,恵那市ごみ百科事典（令和7年4月1日現在）,https://www.city.ena.lg.jp/material/files/group/25/gomihyakka2025.pdf,40,https://www.city.ena.lg.jp/soshikiichiran/suidokankyobu/kankyoka/1/3/2/1741.html,2026-08-07,2025-04-01,2026-08-13,False
ena-672,ena,恵那市,リコーダー,可燃ごみ,,,恵那市ごみ百科事典（令和7年4月1日現在）,https://www.city.ena.lg.jp/material/files/group/25/gomihyakka2025.pdf,40,https://www.city.ena.lg.jp/soshikiichiran/suidokankyobu/kankyoka/1/3/2/1741.html,2026-08-07,2025-04-01,2026-08-13,False
ena-673,ena,恵那市,リチウムイオン電池,処理困難ごみ,詳細は24ページ参照。処理困難ごみとしてステーションに 出すことは可能。エコプラザ回収可。,,恵那市ごみ百科事典（令和7年4月1日現在）,https://www.city.ena.lg.jp/material/files/group/25/gomihyakka2025.pdf,41,https://www.city.ena.lg.jp/soshikiichiran/suidokankyobu/kankyoka/1/3/2/1741.html,2026-08-07,2025-04-01,2026-08-13,True
ena-674,ena,恵那市,リモコン,不燃ごみ,電池は処理困難ごみ。,,恵那市ごみ百科事典（令和7年4月1日現在）,https://www.city.ena.lg.jp/material/files/group/25/gomihyakka2025.pdf,41,https://www.city.ena.lg.jp/soshikiichiran/suidokankyobu/kankyoka/1/3/2/1741.html,2026-08-07,2025-04-01,2026-08-13,False
ena-675,ena,恵那市,リュックサック,不燃ごみ,,,恵那市ごみ百科事典（令和7年4月1日現在）,https://www.city.ena.lg.jp/material/files/group/25/gomihyakka2025.pdf,41,https://www.city.ena.lg.jp/soshikiichiran/suidokankyobu/kankyoka/1/3/2/1741.html,2026-08-07,2025-04-01,2026-08-13,False
ena-676,ena,恵那市,料理くず,可燃ごみ,十分に水切りをして出す。,,恵那市ごみ百科事典（令和7年4月1日現在）,https://www.city.ena.lg.jp/material/files/group/25/gomihyakka2025.pdf,41,https://www.city.ena.lg.jp/soshikiichiran/suidokankyobu/kankyoka/1/3/2/1741.html,2026-08-07,2025-04-01,2026-08-13,False
ena-677,ena,恵那市,ルーズリーフ（ファイル）,可燃ごみ,金属部分は不燃ごみ。,,恵那市ごみ百科事典（令和7年4月1日現在）,https://www.city.ena.lg.jp/material/files/group/25/gomihyakka2025.pdf,41,https://www.city.ena.lg.jp/soshikiichiran/suidokankyobu/kankyoka/1/3/2/1741.html,2026-08-07,2025-04-01,2026-08-13,False
ena-678,ena,恵那市,ルームランナー,粗大ごみ,不燃ごみに出す場合は1m以内にする。1m以内にできない 場合は直接処理施設に持ち込む。,,恵那市ごみ百科事典（令和7年4月1日現在）,https://www.city.ena.lg.jp/material/files/group/25/gomihyakka2025.pdf,41,https://www.city.ena.lg.jp/soshikiichiran/suidokankyobu/kankyoka/1/3/2/1741.html,2026-08-07,2025-04-01,2026-08-13,False
ena-679,ena,恵那市,冷蔵庫,家電リサイクル,詳細は11・12ページ参照。,,恵那市ごみ百科事典（令和7年4月1日現在）,https://www.city.ena.lg.jp/material/files/group/25/gomihyakka2025.pdf,41,https://www.city.ena.lg.jp/soshikiichiran/suidokankyobu/kankyoka/1/3/2/1741.html,2026-08-07,2025-04-01,2026-08-13,False
ena-680,ena,恵那市,冷凍庫,家電リサイクル,詳細は11・12ページ参照。,,恵那市ごみ百科事典（令和7年4月1日現在）,https://www.city.ena.lg.jp/material/files/group/25/gomihyakka2025.pdf,41,https://www.city.ena.lg.jp/soshikiichiran/suidokankyobu/kankyoka/1/3/2/1741.html,2026-08-07,2025-04-01,2026-08-13,False
ena-681,ena,恵那市,冷風扇,不燃ごみ,,,恵那市ごみ百科事典（令和7年4月1日現在）,https://www.city.ena.lg.jp/material/files/group/25/gomihyakka2025.pdf,41,https://www.city.ena.lg.jp/soshikiichiran/suidokankyobu/kankyoka/1/3/2/1741.html,2026-08-07,2025-04-01,2026-08-13,False
ena-682,ena,恵那市,レコード盤,可燃ごみ,,,恵那市ごみ百科事典（令和7年4月1日現在）,https://www.city.ena.lg.jp/material/files/group/25/gomihyakka2025.pdf,41,https://www.city.ena.lg.jp/soshikiichiran/suidokankyobu/kankyoka/1/3/2/1741.html,2026-08-07,2025-04-01,2026-08-13,False
ena-683,ena,恵那市,レコードプレイヤー,不燃ごみ,,,恵那市ごみ百科事典（令和7年4月1日現在）,https://www.city.ena.lg.jp/material/files/group/25/gomihyakka2025.pdf,41,https://www.city.ena.lg.jp/soshikiichiran/suidokankyobu/kankyoka/1/3/2/1741.html,2026-08-07,2025-04-01,2026-08-13,False
ena-684,ena,恵那市,レシート,可燃ごみ,,,恵那市ごみ百科事典（令和7年4月1日現在）,https://www.city.ena.lg.jp/material/files/group/25/gomihyakka2025.pdf,41,https://www.city.ena.lg.jp/soshikiichiran/suidokankyobu/kankyoka/1/3/2/1741.html,2026-08-07,2025-04-01,2026-08-13,False
ena-685,ena,恵那市,レジャーシート,可燃ごみ,50㎝以内に切って出す。,,恵那市ごみ百科事典（令和7年4月1日現在）,https://www.city.ena.lg.jp/material/files/group/25/gomihyakka2025.pdf,41,https://www.city.ena.lg.jp/soshikiichiran/suidokankyobu/kankyoka/1/3/2/1741.html,2026-08-07,2025-04-01,2026-08-13,False
ena-686,ena,恵那市,レトルトパック(カレーなど),可燃ごみ,,,恵那市ごみ百科事典（令和7年4月1日現在）,https://www.city.ena.lg.jp/material/files/group/25/gomihyakka2025.pdf,41,https://www.city.ena.lg.jp/soshikiichiran/suidokankyobu/kankyoka/1/3/2/1741.html,2026-08-07,2025-04-01,2026-08-13,False
ena-687,ena,恵那市,レンガ,粗大ごみ,1回の持込みは軽トラック1台分まで。個人作業で出たもの に限る。,,恵那市ごみ百科事典（令和7年4月1日現在）,https://www.city.ena.lg.jp/material/files/group/25/gomihyakka2025.pdf,41,https://www.city.ena.lg.jp/soshikiichiran/suidokankyobu/kankyoka/1/3/2/1741.html,2026-08-07,2025-04-01,2026-08-13,False
ena-688,ena,恵那市,レンジ(ガス･電気),不燃ごみ,中に他のごみを入れない。指定袋に入れて出す。入らない 時は指定袋（大）をつけて出す。電池は処理困難ごみ。,,恵那市ごみ百科事典（令和7年4月1日現在）,https://www.city.ena.lg.jp/material/files/group/25/gomihyakka2025.pdf,41,https://www.city.ena.lg.jp/soshikiichiran/suidokankyobu/kankyoka/1/3/2/1741.html,2026-08-07,2025-04-01,2026-08-13,False
ena-689,ena,恵那市,ろう紙,可燃ごみ,,,恵那市ごみ百科事典（令和7年4月1日現在）,https://www.city.ena.lg.jp/material/files/group/25/gomihyakka2025.pdf,41,https://www.city.ena.lg.jp/soshikiichiran/suidokankyobu/kankyoka/1/3/2/1741.html,2026-08-07,2025-04-01,2026-08-13,False
ena-690,ena,恵那市,ローソク,可燃ごみ,,,恵那市ごみ百科事典（令和7年4月1日現在）,https://www.city.ena.lg.jp/material/files/group/25/gomihyakka2025.pdf,41,https://www.city.ena.lg.jp/soshikiichiran/suidokankyobu/kankyoka/1/3/2/1741.html,2026-08-07,2025-04-01,2026-08-13,False
ena-691,ena,恵那市,ロープ,可燃ごみ,50㎝以内に切って出す。,,恵那市ごみ百科事典（令和7年4月1日現在）,https://www.city.ena.lg.jp/material/files/group/25/gomihyakka2025.pdf,41,https://www.city.ena.lg.jp/soshikiichiran/suidokankyobu/kankyoka/1/3/2/1741.html,2026-08-07,2025-04-01,2026-08-13,False
ena-692,ena,恵那市,ローラースケート,不燃ごみ,,,恵那市ごみ百科事典（令和7年4月1日現在）,https://www.city.ena.lg.jp/material/files/group/25/gomihyakka2025.pdf,41,https://www.city.ena.lg.jp/soshikiichiran/suidokankyobu/kankyoka/1/3/2/1741.html,2026-08-07,2025-04-01,2026-08-13,False
ena-693,ena,恵那市,ロッカー,粗大ごみ,不燃ごみに出す場合は1m以内にする。1m以内にできない 場合は直接処理施設に持ち込む。,,恵那市ごみ百科事典（令和7年4月1日現在）,https://www.city.ena.lg.jp/material/files/group/25/gomihyakka2025.pdf,41,https://www.city.ena.lg.jp/soshikiichiran/suidokankyobu/kankyoka/1/3/2/1741.html,2026-08-07,2025-04-01,2026-08-13,False
ena-694,ena,恵那市,ワイパー,可燃ごみ,金属部分は不燃ごみ。,,恵那市ごみ百科事典（令和7年4月1日現在）,https://www.city.ena.lg.jp/material/files/group/25/gomihyakka2025.pdf,41,https://www.city.ena.lg.jp/soshikiichiran/suidokankyobu/kankyoka/1/3/2/1741.html,2026-08-07,2025-04-01,2026-08-13,False
ena-695,ena,恵那市,ワイヤー,不燃ごみ,,,恵那市ごみ百科事典（令和7年4月1日現在）,https://www.city.ena.lg.jp/material/files/group/25/gomihyakka2025.pdf,41,https://www.city.ena.lg.jp/soshikiichiran/suidokankyobu/kankyoka/1/3/2/1741.html,2026-08-07,2025-04-01,2026-08-13,False
ena-696,ena,恵那市,ワインセラー,家電リサイクル,詳細は11・12ページ参照。,,恵那市ごみ百科事典（令和7年4月1日現在）,https://www.city.ena.lg.jp/material/files/group/25/gomihyakka2025.pdf,41,https://www.city.ena.lg.jp/soshikiichiran/suidokankyobu/kankyoka/1/3/2/1741.html,2026-08-07,2025-04-01,2026-08-13,False
ena-697,ena,恵那市,輪ゴム,可燃ごみ,,,恵那市ごみ百科事典（令和7年4月1日現在）,https://www.city.ena.lg.jp/material/files/group/25/gomihyakka2025.pdf,41,https://www.city.ena.lg.jp/soshikiichiran/suidokankyobu/kankyoka/1/3/2/1741.html,2026-08-07,2025-04-01,2026-08-13,False
ena-698,ena,恵那市,ワックス,可燃ごみ,固形ならば、容器から取り出して可燃ごみ。液体ならば、 布類に染み込ませて可燃ごみへ。金属性容器は、不燃ごみ。,,恵那市ごみ百科事典（令和7年4月1日現在）,https://www.city.ena.lg.jp/material/files/group/25/gomihyakka2025.pdf,41,https://www.city.ena.lg.jp/soshikiichiran/suidokankyobu/kankyoka/1/3/2/1741.html,2026-08-07,2025-04-01,2026-08-13,False
ena-699,ena,恵那市,和服,資源ごみ,資源回収に出すか、処理施設へ直接搬入する（エコプラザ 回収可）。資源とならないものは可燃ごみ。,,恵那市ごみ百科事典（令和7年4月1日現在）,https://www.city.ena.lg.jp/material/files/group/25/gomihyakka2025.pdf,41,https://www.city.ena.lg.jp/soshikiichiran/suidokankyobu/kankyoka/1/3/2/1741.html,2026-08-07,2025-04-01,2026-08-13,True
naka-1,nakatsugawa,中津川市,アルミフード,燃えないごみ,中に金属状の物が入っている場合は、燃えないごみ。 クッキングホイルの厚手の物は、燃えるごみ｡,,中津川市 ごみの出し方ガイドブック,https://www.city.nakatsugawa.lg.jp/material/files/group/56/guidebook1.pdf,13,https://www.city.nakatsugawa.lg.jp/soshikikarasagasu/kankyocenter/1/1/gomi/7762.html,2026-04-17,,2026-08-13,False
naka-2,nakatsugawa,中津川市,アルミホイル （クッキングホイル）,燃えるごみ,,,中津川市 ごみの出し方ガイドブック,https://www.city.nakatsugawa.lg.jp/material/files/group/56/guidebook1.pdf,13,https://www.city.nakatsugawa.lg.jp/soshikikarasagasu/kankyocenter/1/1/gomi/7762.html,2026-04-17,,2026-08-13,False
naka-3,nakatsugawa,中津川市,安全ピン,燃えないごみ,,,中津川市 ごみの出し方ガイドブック,https://www.city.nakatsugawa.lg.jp/material/files/group/56/guidebook1.pdf,13,https://www.city.nakatsugawa.lg.jp/soshikikarasagasu/kankyocenter/1/1/gomi/7762.html,2026-04-17,,2026-08-13,False
naka-4,nakatsugawa,中津川市,アンテナ,燃えないごみ,指定袋に収まらないものは、大型ごみ。 電気コード類は切って、硬質ごみ。,1セットを まとめて,中津川市 ごみの出し方ガイドブック,https://www.city.nakatsugawa.lg.jp/material/files/group/56/guidebook1.pdf,13,https://www.city.nakatsugawa.lg.jp/soshikikarasagasu/kankyocenter/1/1/gomi/7762.html,2026-04-17,,2026-08-13,False
naka-5,nakatsugawa,中津川市,アンプ,燃えないごみ,電気コード類は切って、硬質ごみ。,,中津川市 ごみの出し方ガイドブック,https://www.city.nakatsugawa.lg.jp/material/files/group/56/guidebook1.pdf,13,https://www.city.nakatsugawa.lg.jp/soshikikarasagasu/kankyocenter/1/1/gomi/7762.html,2026-04-17,,2026-08-13,False
naka-6,nakatsugawa,中津川市,育苗箱,大型ごみ,水稲を育てる箱、花苗（ポット苗）を入れる網状の箱（カゴ）,5枚まで 束ねて,中津川市 ごみの出し方ガイドブック,https://www.city.nakatsugawa.lg.jp/material/files/group/56/guidebook1.pdf,13,https://www.city.nakatsugawa.lg.jp/soshikikarasagasu/kankyocenter/1/1/gomi/7762.html,2026-04-17,,2026-08-13,False
naka-7,nakatsugawa,中津川市,衣桁（いこう）,大型ごみ,衣紋掛（えもんかけ）。 40cm以下に切れば、燃えるごみ。,１台,中津川市 ごみの出し方ガイドブック,https://www.city.nakatsugawa.lg.jp/material/files/group/56/guidebook1.pdf,13,https://www.city.nakatsugawa.lg.jp/soshikikarasagasu/kankyocenter/1/1/gomi/7762.html,2026-04-17,,2026-08-13,False
naka-8,nakatsugawa,中津川市,石,引取りできないごみ,廃棄物処理業者へ相談｡,,中津川市 ごみの出し方ガイドブック,https://www.city.nakatsugawa.lg.jp/material/files/group/56/guidebook1.pdf,13,https://www.city.nakatsugawa.lg.jp/soshikikarasagasu/kankyocenter/1/1/gomi/7762.html,2026-04-17,,2026-08-13,False
naka-9,nakatsugawa,中津川市,衣装ケース・衣装缶,大型ごみ,,1セットを まとめて,中津川市 ごみの出し方ガイドブック,https://www.city.nakatsugawa.lg.jp/material/files/group/56/guidebook1.pdf,13,https://www.city.nakatsugawa.lg.jp/soshikikarasagasu/kankyocenter/1/1/gomi/7762.html,2026-04-17,,2026-08-13,False
naka-10,nakatsugawa,中津川市,椅子,大型ごみ,事務用、食卓用、座椅子、車椅子（電動でないもの）なども同様。,１台,中津川市 ごみの出し方ガイドブック,https://www.city.nakatsugawa.lg.jp/material/files/group/56/guidebook1.pdf,13,https://www.city.nakatsugawa.lg.jp/soshikikarasagasu/kankyocenter/1/1/gomi/7762.html,2026-04-17,,2026-08-13,False
naka-11,nakatsugawa,中津川市,板,大型ごみ,幅が20cm以上のもの。板の長さを40cm以下に切れば燃えるごみ。 最大サイズ【140cm×90ｃｍ×200cm】を超えるものは、引取り不可。,１枚,中津川市 ごみの出し方ガイドブック,https://www.city.nakatsugawa.lg.jp/material/files/group/56/guidebook1.pdf,13,https://www.city.nakatsugawa.lg.jp/soshikikarasagasu/kankyocenter/1/1/gomi/7762.html,2026-04-17,,2026-08-13,False
naka-12,nakatsugawa,中津川市,板ガラス,燃えないごみ,中身が見える状態で出す。 指定袋に収まらないものは、大型ごみ。,１枚,中津川市 ごみの出し方ガイドブック,https://www.city.nakatsugawa.lg.jp/material/files/group/56/guidebook1.pdf,13,https://www.city.nakatsugawa.lg.jp/soshikikarasagasu/kankyocenter/1/1/gomi/7762.html,2026-04-17,,2026-08-13,False
naka-13,nakatsugawa,中津川市,一輪車 （運搬用・スポーツ用）,大型ごみ,タイヤのみ出す場合は、燃えないごみ。,1台,中津川市 ごみの出し方ガイドブック,https://www.city.nakatsugawa.lg.jp/material/files/group/56/guidebook1.pdf,13,https://www.city.nakatsugawa.lg.jp/soshikikarasagasu/kankyocenter/1/1/gomi/7762.html,2026-04-17,,2026-08-13,False
naka-14,nakatsugawa,中津川市,一斗缶,燃えないごみ,一斗缶の中身を空にして出す（中に他のごみを入れて出さない）。食品の 入っていたもので、中が洗ってあり、半分に切ってあれば、資源となるごみ。,1缶,中津川市 ごみの出し方ガイドブック,https://www.city.nakatsugawa.lg.jp/material/files/group/56/guidebook1.pdf,13,https://www.city.nakatsugawa.lg.jp/soshikikarasagasu/kankyocenter/1/1/gomi/7762.html,2026-04-17,,2026-08-13,False
naka-15,nakatsugawa,中津川市,衣類（古着）,燃えるごみ,40cm以下に切る｡ 状態の良いものは、できるだけ資源回収などのリサイクルに出す｡,,中津川市 ごみの出し方ガイドブック,https://www.city.nakatsugawa.lg.jp/material/files/group/56/guidebook1.pdf,13,https://www.city.nakatsugawa.lg.jp/soshikikarasagasu/kankyocenter/1/1/gomi/7762.html,2026-04-17,,2026-08-13,False
naka-16,nakatsugawa,中津川市,衣類乾燥機,リサイクル対象品,家電リサイクル法対象品。17ページ参照。,,中津川市 ごみの出し方ガイドブック,https://www.city.nakatsugawa.lg.jp/material/files/group/56/guidebook1.pdf,13,https://www.city.nakatsugawa.lg.jp/soshikikarasagasu/kankyocenter/1/1/gomi/7762.html,2026-04-17,,2026-08-13,False
naka-17,nakatsugawa,中津川市,インクカートリッジ,燃えるごみ,できるだけ販売店などの回収箱に出す｡,,中津川市 ごみの出し方ガイドブック,https://www.city.nakatsugawa.lg.jp/material/files/group/56/guidebook1.pdf,13,https://www.city.nakatsugawa.lg.jp/soshikikarasagasu/kankyocenter/1/1/gomi/7762.html,2026-04-17,,2026-08-13,False
naka-18,nakatsugawa,中津川市,インクリボン （プリンタ、ワープロなど）,燃えるごみ,できるだけ販売店などの回収箱に出す｡,,中津川市 ごみの出し方ガイドブック,https://www.city.nakatsugawa.lg.jp/material/files/group/56/guidebook1.pdf,13,https://www.city.nakatsugawa.lg.jp/soshikikarasagasu/kankyocenter/1/1/gomi/7762.html,2026-04-17,,2026-08-13,False
naka-19,nakatsugawa,中津川市,インターホン,燃えないごみ,電気コードは切って、硬質ごみ。,,中津川市 ごみの出し方ガイドブック,https://www.city.nakatsugawa.lg.jp/material/files/group/56/guidebook1.pdf,13,https://www.city.nakatsugawa.lg.jp/soshikikarasagasu/kankyocenter/1/1/gomi/7762.html,2026-04-17,,2026-08-13,False
naka-20,nakatsugawa,中津川市,インラインスケート,燃えるごみ,,,中津川市 ごみの出し方ガイドブック,https://www.city.nakatsugawa.lg.jp/material/files/group/56/guidebook1.pdf,13,https://www.city.nakatsugawa.lg.jp/soshikikarasagasu/kankyocenter/1/1/gomi/7762.html,2026-04-17,,2026-08-13,False
naka-21,nakatsugawa,中津川市,ウインドファン,大型ごみ,電気コードは切って硬質ごみ。冷房機能（冷媒、フロン入り のもの）がついているものは、引取り不可。,１台,中津川市 ごみの出し方ガイドブック,https://www.city.nakatsugawa.lg.jp/material/files/group/56/guidebook1.pdf,13,https://www.city.nakatsugawa.lg.jp/soshikikarasagasu/kankyocenter/1/1/gomi/7762.html,2026-04-17,,2026-08-13,False
naka-22,nakatsugawa,中津川市,植木鉢（陶器・金属）,燃えないごみ,土は除く。 指定袋に収まらないものは、大型ごみ。プラスチック製で 40cm以下のものは、燃えるごみ。40cmを超えるものは、大型ごみ。,３個まで 束ねて,中津川市 ごみの出し方ガイドブック,https://www.city.nakatsugawa.lg.jp/material/files/group/56/guidebook1.pdf,13,https://www.city.nakatsugawa.lg.jp/soshikikarasagasu/kankyocenter/1/1/gomi/7762.html,2026-04-17,,2026-08-13,False
naka-23,nakatsugawa,中津川市,植木用支柱（金属製）,燃えないごみ,指定袋に収まらないものは、大型ごみ。プラスチック製で40cm 以下であれば、燃えるごみ。40cmを超えるものは、大型ごみ。,10本まで 束ねて,中津川市 ごみの出し方ガイドブック,https://www.city.nakatsugawa.lg.jp/material/files/group/56/guidebook1.pdf,13,https://www.city.nakatsugawa.lg.jp/soshikikarasagasu/kankyocenter/1/1/gomi/7762.html,2026-04-17,,2026-08-13,False
naka-24,nakatsugawa,中津川市,ウォーターサーバー,大型ごみ,冷却機能がついているものは、引取り不可。,１台,中津川市 ごみの出し方ガイドブック,https://www.city.nakatsugawa.lg.jp/material/files/group/56/guidebook1.pdf,13,https://www.city.nakatsugawa.lg.jp/soshikikarasagasu/kankyocenter/1/1/gomi/7762.html,2026-04-17,,2026-08-13,False
naka-25,nakatsugawa,中津川市,浮輪,燃えるごみ,,,中津川市 ごみの出し方ガイドブック,https://www.city.nakatsugawa.lg.jp/material/files/group/56/guidebook1.pdf,13,https://www.city.nakatsugawa.lg.jp/soshikikarasagasu/kankyocenter/1/1/gomi/7762.html,2026-04-17,,2026-08-13,False
naka-26,nakatsugawa,中津川市,臼（石製）,引取りできないごみ,廃棄物処理業者、販売店などへ相談｡,,中津川市 ごみの出し方ガイドブック,https://www.city.nakatsugawa.lg.jp/material/files/group/56/guidebook1.pdf,13,https://www.city.nakatsugawa.lg.jp/soshikikarasagasu/kankyocenter/1/1/gomi/7762.html,2026-04-17,,2026-08-13,False
naka-27,nakatsugawa,中津川市,臼（木製）,引取りできないごみ,廃棄物処理業者、販売店などへ相談｡10cm以内に割り、長さ １ｍ以内とすれば大型ごみで出せる。,１個分を まとめて,中津川市 ごみの出し方ガイドブック,https://www.city.nakatsugawa.lg.jp/material/files/group/56/guidebook1.pdf,13,https://www.city.nakatsugawa.lg.jp/soshikikarasagasu/kankyocenter/1/1/gomi/7762.html,2026-04-17,,2026-08-13,False
naka-28,nakatsugawa,中津川市,腕時計,燃えないごみ,布（革）ベルトははずして、燃えるごみ｡,,中津川市 ごみの出し方ガイドブック,https://www.city.nakatsugawa.lg.jp/material/files/group/56/guidebook1.pdf,13,https://www.city.nakatsugawa.lg.jp/soshikikarasagasu/kankyocenter/1/1/gomi/7762.html,2026-04-17,,2026-08-13,False
naka-29,nakatsugawa,中津川市,乳母車,大型ごみ,ベビーカー・バギーも同様。,１台,中津川市 ごみの出し方ガイドブック,https://www.city.nakatsugawa.lg.jp/material/files/group/56/guidebook1.pdf,13,https://www.city.nakatsugawa.lg.jp/soshikikarasagasu/kankyocenter/1/1/gomi/7762.html,2026-04-17,,2026-08-13,False
naka-30,nakatsugawa,中津川市,羽毛布団,大型ごみ,40cm以下に切れば、燃えるごみ。,２枚まで 束ねて,中津川市 ごみの出し方ガイドブック,https://www.city.nakatsugawa.lg.jp/material/files/group/56/guidebook1.pdf,13,https://www.city.nakatsugawa.lg.jp/soshikikarasagasu/kankyocenter/1/1/gomi/7762.html,2026-04-17,,2026-08-13,False
naka-31,nakatsugawa,中津川市,ウレタン,大型ごみ,マットレスに限る。断熱材等の建築廃材は、引取り不可。,１枚,中津川市 ごみの出し方ガイドブック,https://www.city.nakatsugawa.lg.jp/material/files/group/56/guidebook1.pdf,13,https://www.city.nakatsugawa.lg.jp/soshikikarasagasu/kankyocenter/1/1/gomi/7762.html,2026-04-17,,2026-08-13,False
naka-32,nakatsugawa,中津川市,エアコン、クーラー,リサイクル対象品,家電リサイクル法対象品。17ページ参照。,,中津川市 ごみの出し方ガイドブック,https://www.city.nakatsugawa.lg.jp/material/files/group/56/guidebook1.pdf,13,https://www.city.nakatsugawa.lg.jp/soshikikarasagasu/kankyocenter/1/1/gomi/7762.html,2026-04-17,,2026-08-13,False
naka-33,nakatsugawa,中津川市,映写機,燃えないごみ,電気コードは切って、硬質ごみ。,,中津川市 ごみの出し方ガイドブック,https://www.city.nakatsugawa.lg.jp/material/files/group/56/guidebook1.pdf,13,https://www.city.nakatsugawa.lg.jp/soshikikarasagasu/kankyocenter/1/1/gomi/7762.html,2026-04-17,,2026-08-13,False
naka-34,nakatsugawa,中津川市,AED,燃えないごみ,販売店、取扱店へ相談。引取りしてもらえない場合は、 バッテリーをはずして、燃えないごみ。,,中津川市 ごみの出し方ガイドブック,https://www.city.nakatsugawa.lg.jp/material/files/group/56/guidebook1.pdf,13,https://www.city.nakatsugawa.lg.jp/soshikikarasagasu/kankyocenter/1/1/gomi/7762.html,2026-04-17,,2026-08-13,False
naka-35,nakatsugawa,中津川市,枝類,燃えるごみ,断面直径8cm以下・長さ40cm以下で、直径30cm以内の 束にし、燃えるごみ袋（大）を１枚縛り付ける。,,中津川市 ごみの出し方ガイドブック,https://www.city.nakatsugawa.lg.jp/material/files/group/56/guidebook1.pdf,13,https://www.city.nakatsugawa.lg.jp/soshikikarasagasu/kankyocenter/1/1/gomi/7762.html,2026-04-17,,2026-08-13,False
naka-36,nakatsugawa,中津川市,えのぐ,燃えるごみ,,,中津川市 ごみの出し方ガイドブック,https://www.city.nakatsugawa.lg.jp/material/files/group/56/guidebook1.pdf,13,https://www.city.nakatsugawa.lg.jp/soshikikarasagasu/kankyocenter/1/1/gomi/7762.html,2026-04-17,,2026-08-13,False
naka-37,nakatsugawa,中津川市,エレクトーン,大型ごみ,電気コードは切って硬質ごみ。 最大サイズ【140ｃｍ×90ｃｍ×200ｃｍ】を超えるものは、引取り不可。,１台,中津川市 ごみの出し方ガイドブック,https://www.city.nakatsugawa.lg.jp/material/files/group/56/guidebook1.pdf,13,https://www.city.nakatsugawa.lg.jp/soshikikarasagasu/kankyocenter/1/1/gomi/7762.html,2026-04-17,,2026-08-13,False
naka-38,nakatsugawa,中津川市,延長コード,硬質ごみ,,,中津川市 ごみの出し方ガイドブック,https://www.city.nakatsugawa.lg.jp/material/files/group/56/guidebook1.pdf,13,https://www.city.nakatsugawa.lg.jp/soshikikarasagasu/kankyocenter/1/1/gomi/7762.html,2026-04-17,,2026-08-13,False
naka-39,nakatsugawa,中津川市,煙突,燃えないごみ,金属製のものに限る。指定袋に収まらないものは、大型ご み。（長さは２ｍ以下。）金属製以外の物は、引取り不可。,１本,中津川市 ごみの出し方ガイドブック,https://www.city.nakatsugawa.lg.jp/material/files/group/56/guidebook1.pdf,13,https://www.city.nakatsugawa.lg.jp/soshikikarasagasu/kankyocenter/1/1/gomi/7762.html,2026-04-17,,2026-08-13,False
naka-40,nakatsugawa,中津川市,鉛筆,燃えるごみ,,,中津川市 ごみの出し方ガイドブック,https://www.city.nakatsugawa.lg.jp/material/files/group/56/guidebook1.pdf,13,https://www.city.nakatsugawa.lg.jp/soshikikarasagasu/kankyocenter/1/1/gomi/7762.html,2026-04-17,,2026-08-13,False
naka-41,nakatsugawa,中津川市,鉛筆削り器,燃えないごみ,電気コードは切って、硬質ごみ。,,中津川市 ごみの出し方ガイドブック,https://www.city.nakatsugawa.lg.jp/material/files/group/56/guidebook1.pdf,13,https://www.city.nakatsugawa.lg.jp/soshikikarasagasu/kankyocenter/1/1/gomi/7762.html,2026-04-17,,2026-08-13,False
naka-42,nakatsugawa,中津川市,オイル,引取りできないごみ,廃棄物処理業者、販売店などへ相談｡,,中津川市 ごみの出し方ガイドブック,https://www.city.nakatsugawa.lg.jp/material/files/group/56/guidebook1.pdf,13,https://www.city.nakatsugawa.lg.jp/soshikikarasagasu/kankyocenter/1/1/gomi/7762.html,2026-04-17,,2026-08-13,False
naka-43,nakatsugawa,中津川市,オイルヒーター,引取りできないごみ,廃棄物処理業者、販売店などへ相談｡,,中津川市 ごみの出し方ガイドブック,https://www.city.nakatsugawa.lg.jp/material/files/group/56/guidebook1.pdf,13,https://www.city.nakatsugawa.lg.jp/soshikikarasagasu/kankyocenter/1/1/gomi/7762.html,2026-04-17,,2026-08-13,False
naka-44,nakatsugawa,中津川市,オーディオ,燃えないごみ,指定袋に収まらないものは、大型ごみ。 電気コードは切って、硬質ごみ。,１セットを まとめて,中津川市 ごみの出し方ガイドブック,https://www.city.nakatsugawa.lg.jp/material/files/group/56/guidebook1.pdf,13,https://www.city.nakatsugawa.lg.jp/soshikikarasagasu/kankyocenter/1/1/gomi/7762.html,2026-04-17,,2026-08-13,False
naka-45,nakatsugawa,中津川市,オートバイ部品,引取りできないごみ,廃棄物処理業者、販売店などへ相談｡,,中津川市 ごみの出し方ガイドブック,https://www.city.nakatsugawa.lg.jp/material/files/group/56/guidebook1.pdf,13,https://www.city.nakatsugawa.lg.jp/soshikikarasagasu/kankyocenter/1/1/gomi/7762.html,2026-04-17,,2026-08-13,False
naka-46,nakatsugawa,中津川市,オーブントースター,燃えないごみ,電気コードは切って、硬質ごみ。,,中津川市 ごみの出し方ガイドブック,https://www.city.nakatsugawa.lg.jp/material/files/group/56/guidebook1.pdf,13,https://www.city.nakatsugawa.lg.jp/soshikikarasagasu/kankyocenter/1/1/gomi/7762.html,2026-04-17,,2026-08-13,False
naka-47,nakatsugawa,中津川市,オーブンレンジ,大型ごみ,,１台,中津川市 ごみの出し方ガイドブック,https://www.city.nakatsugawa.lg.jp/material/files/group/56/guidebook1.pdf,13,https://www.city.nakatsugawa.lg.jp/soshikikarasagasu/kankyocenter/1/1/gomi/7762.html,2026-04-17,,2026-08-13,False
naka-48,nakatsugawa,中津川市,桶（木・プラスチック製）,燃えるごみ,40cmを超えるものは、大型ごみ。 金属製のものは、燃えないごみ。,１個,中津川市 ごみの出し方ガイドブック,https://www.city.nakatsugawa.lg.jp/material/files/group/56/guidebook1.pdf,13,https://www.city.nakatsugawa.lg.jp/soshikikarasagasu/kankyocenter/1/1/gomi/7762.html,2026-04-17,,2026-08-13,False
naka-49,nakatsugawa,中津川市,お玉（金属製）,燃えないごみ,木製・プラスチック製のものは、燃えるごみ。,,中津川市 ごみの出し方ガイドブック,https://www.city.nakatsugawa.lg.jp/material/files/group/56/guidebook1.pdf,13,https://www.city.nakatsugawa.lg.jp/soshikikarasagasu/kankyocenter/1/1/gomi/7762.html,2026-04-17,,2026-08-13,False
naka-50,nakatsugawa,中津川市,落ち葉,燃えるごみ,,,中津川市 ごみの出し方ガイドブック,https://www.city.nakatsugawa.lg.jp/material/files/group/56/guidebook1.pdf,13,https://www.city.nakatsugawa.lg.jp/soshikikarasagasu/kankyocenter/1/1/gomi/7762.html,2026-04-17,,2026-08-13,False
naka-51,nakatsugawa,中津川市,おまる（プラスチック製）,燃えるごみ,40cmを超えるものは、大型ごみ。 きれいに洗って出す。,１個,中津川市 ごみの出し方ガイドブック,https://www.city.nakatsugawa.lg.jp/material/files/group/56/guidebook1.pdf,13,https://www.city.nakatsugawa.lg.jp/soshikikarasagasu/kankyocenter/1/1/gomi/7762.html,2026-04-17,,2026-08-13,False
naka-52,nakatsugawa,中津川市,おむつ（紙・布）,燃えるごみ,汚物は取り除く。,,中津川市 ごみの出し方ガイドブック,https://www.city.nakatsugawa.lg.jp/material/files/group/56/guidebook1.pdf,13,https://www.city.nakatsugawa.lg.jp/soshikikarasagasu/kankyocenter/1/1/gomi/7762.html,2026-04-17,,2026-08-13,False
naka-53,nakatsugawa,中津川市,おむつカバー,燃えるごみ,,,中津川市 ごみの出し方ガイドブック,https://www.city.nakatsugawa.lg.jp/material/files/group/56/guidebook1.pdf,13,https://www.city.nakatsugawa.lg.jp/soshikikarasagasu/kankyocenter/1/1/gomi/7762.html,2026-04-17,,2026-08-13,False
naka-54,nakatsugawa,中津川市,おもちゃ （木・プラスチック製）,燃えるごみ,金属製のものや金属部分は、燃えないごみ。 40cmを超えるものは、大型ごみ。,１個,中津川市 ごみの出し方ガイドブック,https://www.city.nakatsugawa.lg.jp/material/files/group/56/guidebook1.pdf,13,https://www.city.nakatsugawa.lg.jp/soshikikarasagasu/kankyocenter/1/1/gomi/7762.html,2026-04-17,,2026-08-13,False
naka-55,nakatsugawa,中津川市,オルガン,大型ごみ,電気コードは切って、硬質ごみ。 最大サイズ【140cm×90cm×200cm】を超えるものは、引取り不可。,１台,中津川市 ごみの出し方ガイドブック,https://www.city.nakatsugawa.lg.jp/material/files/group/56/guidebook1.pdf,14,https://www.city.nakatsugawa.lg.jp/soshikikarasagasu/kankyocenter/1/1/gomi/7762.html,2026-04-17,,2026-08-13,False
naka-56,nakatsugawa,中津川市,オルゴール,燃えないごみ,,,中津川市 ごみの出し方ガイドブック,https://www.city.nakatsugawa.lg.jp/material/files/group/56/guidebook1.pdf,14,https://www.city.nakatsugawa.lg.jp/soshikikarasagasu/kankyocenter/1/1/gomi/7762.html,2026-04-17,,2026-08-13,False
naka-57,nakatsugawa,中津川市,おろし金（金属製）,燃えないごみ,木製・プラスチック製のものは、燃えるごみ。,,中津川市 ごみの出し方ガイドブック,https://www.city.nakatsugawa.lg.jp/material/files/group/56/guidebook1.pdf,14,https://www.city.nakatsugawa.lg.jp/soshikikarasagasu/kankyocenter/1/1/gomi/7762.html,2026-04-17,,2026-08-13,False
naka-58,nakatsugawa,中津川市,温度計,燃えないごみ,水銀計は、有害ごみ｡,,中津川市 ごみの出し方ガイドブック,https://www.city.nakatsugawa.lg.jp/material/files/group/56/guidebook1.pdf,14,https://www.city.nakatsugawa.lg.jp/soshikikarasagasu/kankyocenter/1/1/gomi/7762.html,2026-04-17,,2026-08-13,False
naka-59,nakatsugawa,中津川市,カーステレオ,燃えないごみ,電気コードは切って、硬質ごみ。,,中津川市 ごみの出し方ガイドブック,https://www.city.nakatsugawa.lg.jp/material/files/group/56/guidebook1.pdf,14,https://www.city.nakatsugawa.lg.jp/soshikikarasagasu/kankyocenter/1/1/gomi/7762.html,2026-04-17,,2026-08-13,False
naka-60,nakatsugawa,中津川市,カーテン,大型ごみ,40cm以下に切れば、燃えるごみ｡ 金具類は外して、燃 えないごみ｡,４枚まで 束ねて,中津川市 ごみの出し方ガイドブック,https://www.city.nakatsugawa.lg.jp/material/files/group/56/guidebook1.pdf,14,https://www.city.nakatsugawa.lg.jp/soshikikarasagasu/kankyocenter/1/1/gomi/7762.html,2026-04-17,,2026-08-13,False
naka-61,nakatsugawa,中津川市,カーテンレール,大型ごみ,指定袋に収まれば、燃えないごみ。 最大サイズ【140cm×90cm×200cm】を超えるものは、引取り不可。,２本まで 束ねて,中津川市 ごみの出し方ガイドブック,https://www.city.nakatsugawa.lg.jp/material/files/group/56/guidebook1.pdf,14,https://www.city.nakatsugawa.lg.jp/soshikikarasagasu/kankyocenter/1/1/gomi/7762.html,2026-04-17,,2026-08-13,False
naka-62,nakatsugawa,中津川市,カーナビゲーション,燃えないごみ,電気コードは切って、硬質ごみ。,,中津川市 ごみの出し方ガイドブック,https://www.city.nakatsugawa.lg.jp/material/files/group/56/guidebook1.pdf,14,https://www.city.nakatsugawa.lg.jp/soshikikarasagasu/kankyocenter/1/1/gomi/7762.html,2026-04-17,,2026-08-13,False
naka-63,nakatsugawa,中津川市,カーぺット,大型ごみ,40cm以下に切れば、燃えるごみ。,１枚,中津川市 ごみの出し方ガイドブック,https://www.city.nakatsugawa.lg.jp/material/files/group/56/guidebook1.pdf,14,https://www.city.nakatsugawa.lg.jp/soshikikarasagasu/kankyocenter/1/1/gomi/7762.html,2026-04-17,,2026-08-13,False
naka-64,nakatsugawa,中津川市,カーボン紙,燃えるごみ,,,中津川市 ごみの出し方ガイドブック,https://www.city.nakatsugawa.lg.jp/material/files/group/56/guidebook1.pdf,14,https://www.city.nakatsugawa.lg.jp/soshikikarasagasu/kankyocenter/1/1/gomi/7762.html,2026-04-17,,2026-08-13,False
naka-65,nakatsugawa,中津川市,絵画,燃えるごみ,40cmを超えるものは、大型ごみ。,１枚,中津川市 ごみの出し方ガイドブック,https://www.city.nakatsugawa.lg.jp/material/files/group/56/guidebook1.pdf,14,https://www.city.nakatsugawa.lg.jp/soshikikarasagasu/kankyocenter/1/1/gomi/7762.html,2026-04-17,,2026-08-13,False
naka-66,nakatsugawa,中津川市,貝殻,燃えるごみ,,,中津川市 ごみの出し方ガイドブック,https://www.city.nakatsugawa.lg.jp/material/files/group/56/guidebook1.pdf,14,https://www.city.nakatsugawa.lg.jp/soshikikarasagasu/kankyocenter/1/1/gomi/7762.html,2026-04-17,,2026-08-13,False
naka-67,nakatsugawa,中津川市,懐中電灯,燃えないごみ,電池は取りはずして、有害ごみ｡,,中津川市 ごみの出し方ガイドブック,https://www.city.nakatsugawa.lg.jp/material/files/group/56/guidebook1.pdf,14,https://www.city.nakatsugawa.lg.jp/soshikikarasagasu/kankyocenter/1/1/gomi/7762.html,2026-04-17,,2026-08-13,False
naka-68,nakatsugawa,中津川市,鏡,燃えないごみ,指定袋に入らないものは、大型ごみ。,1枚,中津川市 ごみの出し方ガイドブック,https://www.city.nakatsugawa.lg.jp/material/files/group/56/guidebook1.pdf,14,https://www.city.nakatsugawa.lg.jp/soshikikarasagasu/kankyocenter/1/1/gomi/7762.html,2026-04-17,,2026-08-13,False
naka-69,nakatsugawa,中津川市,かき氷機 ( 氷削り器 ),燃えないごみ,プラスチック製で40cm以下のものは燃えるごみ。 指定袋に入らないものは、大型ごみ。,1台,中津川市 ごみの出し方ガイドブック,https://www.city.nakatsugawa.lg.jp/material/files/group/56/guidebook1.pdf,14,https://www.city.nakatsugawa.lg.jp/soshikikarasagasu/kankyocenter/1/1/gomi/7762.html,2026-04-17,,2026-08-13,False
naka-70,nakatsugawa,中津川市,鍵・錠,燃えないごみ,,,中津川市 ごみの出し方ガイドブック,https://www.city.nakatsugawa.lg.jp/material/files/group/56/guidebook1.pdf,14,https://www.city.nakatsugawa.lg.jp/soshikikarasagasu/kankyocenter/1/1/gomi/7762.html,2026-04-17,,2026-08-13,False
naka-71,nakatsugawa,中津川市,学習机,大型ごみ,,１台,中津川市 ごみの出し方ガイドブック,https://www.city.nakatsugawa.lg.jp/material/files/group/56/guidebook1.pdf,14,https://www.city.nakatsugawa.lg.jp/soshikikarasagasu/kankyocenter/1/1/gomi/7762.html,2026-04-17,,2026-08-13,False
naka-72,nakatsugawa,中津川市,額縁（木製）,燃えるごみ,ガラスははずして、燃えないごみ。金属製のものは、燃えな いごみ。40cmを超えるものは、大型ごみ。,1枚,中津川市 ごみの出し方ガイドブック,https://www.city.nakatsugawa.lg.jp/material/files/group/56/guidebook1.pdf,14,https://www.city.nakatsugawa.lg.jp/soshikikarasagasu/kankyocenter/1/1/gomi/7762.html,2026-04-17,,2026-08-13,False
naka-73,nakatsugawa,中津川市,かさ（傘）,燃えないごみ,「かさ」に限り、袋からはみ出していても可。 布地ははずして、燃えるごみ｡,,中津川市 ごみの出し方ガイドブック,https://www.city.nakatsugawa.lg.jp/material/files/group/56/guidebook1.pdf,14,https://www.city.nakatsugawa.lg.jp/soshikikarasagasu/kankyocenter/1/1/gomi/7762.html,2026-04-17,,2026-08-13,False
naka-74,nakatsugawa,中津川市,加湿器,燃えないごみ,電気コードは切って、硬質ごみ｡指定袋に収まらないものは、大型ご み。フロン等のガスを使用している機器については、引取り不可。,１台,中津川市 ごみの出し方ガイドブック,https://www.city.nakatsugawa.lg.jp/material/files/group/56/guidebook1.pdf,14,https://www.city.nakatsugawa.lg.jp/soshikikarasagasu/kankyocenter/1/1/gomi/7762.html,2026-04-17,,2026-08-13,False
naka-75,nakatsugawa,中津川市,菓子袋,燃えるごみ,,,中津川市 ごみの出し方ガイドブック,https://www.city.nakatsugawa.lg.jp/material/files/group/56/guidebook1.pdf,14,https://www.city.nakatsugawa.lg.jp/soshikikarasagasu/kankyocenter/1/1/gomi/7762.html,2026-04-17,,2026-08-13,False
naka-76,nakatsugawa,中津川市,ガスオーブンレンジ,大型ごみ,,１台,中津川市 ごみの出し方ガイドブック,https://www.city.nakatsugawa.lg.jp/material/files/group/56/guidebook1.pdf,14,https://www.city.nakatsugawa.lg.jp/soshikikarasagasu/kankyocenter/1/1/gomi/7762.html,2026-04-17,,2026-08-13,False
naka-77,nakatsugawa,中津川市,ガスコンロ,燃えないごみ,指定袋に収まらないものは、大型ごみ。 着火用の電池は取りはずし、有害ごみ。,１台,中津川市 ごみの出し方ガイドブック,https://www.city.nakatsugawa.lg.jp/material/files/group/56/guidebook1.pdf,14,https://www.city.nakatsugawa.lg.jp/soshikikarasagasu/kankyocenter/1/1/gomi/7762.html,2026-04-17,,2026-08-13,False
naka-78,nakatsugawa,中津川市,ガス炊飯器,燃えないごみ,指定袋に収まらないものは、大型ごみ。,１台,中津川市 ごみの出し方ガイドブック,https://www.city.nakatsugawa.lg.jp/material/files/group/56/guidebook1.pdf,14,https://www.city.nakatsugawa.lg.jp/soshikikarasagasu/kankyocenter/1/1/gomi/7762.html,2026-04-17,,2026-08-13,False
naka-79,nakatsugawa,中津川市,ガス台,大型ごみ,ガスコンロ・ガステーブルを置くための台。,１台,中津川市 ごみの出し方ガイドブック,https://www.city.nakatsugawa.lg.jp/material/files/group/56/guidebook1.pdf,14,https://www.city.nakatsugawa.lg.jp/soshikikarasagasu/kankyocenter/1/1/gomi/7762.html,2026-04-17,,2026-08-13,False
naka-80,nakatsugawa,中津川市,ガスボンベ,引取りできないごみ,廃棄物処理業者、販売店などへ相談｡,,中津川市 ごみの出し方ガイドブック,https://www.city.nakatsugawa.lg.jp/material/files/group/56/guidebook1.pdf,14,https://www.city.nakatsugawa.lg.jp/soshikikarasagasu/kankyocenter/1/1/gomi/7762.html,2026-04-17,,2026-08-13,False
naka-81,nakatsugawa,中津川市,カセットコンロ,燃えないごみ,カセットボンベは取りはずし、必ず穴を開けてから、有害ごみ。,,中津川市 ごみの出し方ガイドブック,https://www.city.nakatsugawa.lg.jp/material/files/group/56/guidebook1.pdf,14,https://www.city.nakatsugawa.lg.jp/soshikikarasagasu/kankyocenter/1/1/gomi/7762.html,2026-04-17,,2026-08-13,False
naka-82,nakatsugawa,中津川市,カセットテープ,燃えるごみ,,,中津川市 ごみの出し方ガイドブック,https://www.city.nakatsugawa.lg.jp/material/files/group/56/guidebook1.pdf,14,https://www.city.nakatsugawa.lg.jp/soshikikarasagasu/kankyocenter/1/1/gomi/7762.html,2026-04-17,,2026-08-13,False
naka-83,nakatsugawa,中津川市,カセットデッキ,燃えないごみ,電気コードは切って、硬質ごみ。,,中津川市 ごみの出し方ガイドブック,https://www.city.nakatsugawa.lg.jp/material/files/group/56/guidebook1.pdf,14,https://www.city.nakatsugawa.lg.jp/soshikikarasagasu/kankyocenter/1/1/gomi/7762.html,2026-04-17,,2026-08-13,False
naka-84,nakatsugawa,中津川市,カセットボンベ（卓上用）,有害ごみ,使い切ったあと、必ず穴を開ける。 ガスが残っているものは、環境センターへ相談。,,中津川市 ごみの出し方ガイドブック,https://www.city.nakatsugawa.lg.jp/material/files/group/56/guidebook1.pdf,14,https://www.city.nakatsugawa.lg.jp/soshikikarasagasu/kankyocenter/1/1/gomi/7762.html,2026-04-17,,2026-08-13,False
naka-85,nakatsugawa,中津川市,カッターナイフ（刃を含む）,燃えないごみ,,,中津川市 ごみの出し方ガイドブック,https://www.city.nakatsugawa.lg.jp/material/files/group/56/guidebook1.pdf,14,https://www.city.nakatsugawa.lg.jp/soshikikarasagasu/kankyocenter/1/1/gomi/7762.html,2026-04-17,,2026-08-13,False
naka-86,nakatsugawa,中津川市,かっぱ（雨着）,燃えるごみ,,,中津川市 ごみの出し方ガイドブック,https://www.city.nakatsugawa.lg.jp/material/files/group/56/guidebook1.pdf,14,https://www.city.nakatsugawa.lg.jp/soshikikarasagasu/kankyocenter/1/1/gomi/7762.html,2026-04-17,,2026-08-13,False
naka-87,nakatsugawa,中津川市,金網,硬質ごみ,回収コンテナに入らない大きなものは、大型ごみ。 直接持ち込みに限る。,,中津川市 ごみの出し方ガイドブック,https://www.city.nakatsugawa.lg.jp/material/files/group/56/guidebook1.pdf,14,https://www.city.nakatsugawa.lg.jp/soshikikarasagasu/kankyocenter/1/1/gomi/7762.html,2026-04-17,,2026-08-13,False
naka-88,nakatsugawa,中津川市,簡易トイレ,大型ごみ,必ず、中をきれいに洗って出す。最大サイズ 【140cm×90cm×200cm】を超えるものは、引取り不可。,１台,中津川市 ごみの出し方ガイドブック,https://www.city.nakatsugawa.lg.jp/material/files/group/56/guidebook1.pdf,14,https://www.city.nakatsugawa.lg.jp/soshikikarasagasu/kankyocenter/1/1/gomi/7762.html,2026-04-17,,2026-08-13,False
naka-89,nakatsugawa,中津川市,かばん,燃えるごみ,40cmを超えるものは、大型ごみ。 金属部分ははずして、燃えないごみ｡,１個,中津川市 ごみの出し方ガイドブック,https://www.city.nakatsugawa.lg.jp/material/files/group/56/guidebook1.pdf,14,https://www.city.nakatsugawa.lg.jp/soshikikarasagasu/kankyocenter/1/1/gomi/7762.html,2026-04-17,,2026-08-13,False
naka-90,nakatsugawa,中津川市,画鋲,燃えないごみ,,,中津川市 ごみの出し方ガイドブック,https://www.city.nakatsugawa.lg.jp/material/files/group/56/guidebook1.pdf,14,https://www.city.nakatsugawa.lg.jp/soshikikarasagasu/kankyocenter/1/1/gomi/7762.html,2026-04-17,,2026-08-13,False
naka-91,nakatsugawa,中津川市,花瓶（ガラス・陶器）,燃えないごみ,,,中津川市 ごみの出し方ガイドブック,https://www.city.nakatsugawa.lg.jp/material/files/group/56/guidebook1.pdf,14,https://www.city.nakatsugawa.lg.jp/soshikikarasagasu/kankyocenter/1/1/gomi/7762.html,2026-04-17,,2026-08-13,False
naka-92,nakatsugawa,中津川市,壁紙（ロール）,引取りできないごみ,ロール状のものは引取り不可。ロールを解き１人で持てる重 さに束ねれば、大型ごみ。40cm以下に切れば、燃えるごみ。,１束,中津川市 ごみの出し方ガイドブック,https://www.city.nakatsugawa.lg.jp/material/files/group/56/guidebook1.pdf,14,https://www.city.nakatsugawa.lg.jp/soshikikarasagasu/kankyocenter/1/1/gomi/7762.html,2026-04-17,,2026-08-13,False
naka-93,nakatsugawa,中津川市,鎌,燃えないごみ,木製の柄の部分は、40cm以下に切って、燃えるごみ。,,中津川市 ごみの出し方ガイドブック,https://www.city.nakatsugawa.lg.jp/material/files/group/56/guidebook1.pdf,14,https://www.city.nakatsugawa.lg.jp/soshikikarasagasu/kankyocenter/1/1/gomi/7762.html,2026-04-17,,2026-08-13,False
naka-94,nakatsugawa,中津川市,釜,硬質ごみ,炊飯器の中の釜は燃えないごみ。,,中津川市 ごみの出し方ガイドブック,https://www.city.nakatsugawa.lg.jp/material/files/group/56/guidebook1.pdf,14,https://www.city.nakatsugawa.lg.jp/soshikikarasagasu/kankyocenter/1/1/gomi/7762.html,2026-04-17,,2026-08-13,False
naka-95,nakatsugawa,中津川市,紙、雑紙（ざつがみ）,資源となるごみ,49ページを参照。 リサイクルＢＯＸ、学校等の資源回収へ出す。,,中津川市 ごみの出し方ガイドブック,https://www.city.nakatsugawa.lg.jp/material/files/group/56/guidebook1.pdf,14,https://www.city.nakatsugawa.lg.jp/soshikikarasagasu/kankyocenter/1/1/gomi/7762.html,2026-04-17,,2026-08-13,False
naka-96,nakatsugawa,中津川市,紙くず類,燃えるごみ,油等で汚れているものやティッシュ等。,,中津川市 ごみの出し方ガイドブック,https://www.city.nakatsugawa.lg.jp/material/files/group/56/guidebook1.pdf,14,https://www.city.nakatsugawa.lg.jp/soshikikarasagasu/kankyocenter/1/1/gomi/7762.html,2026-04-17,,2026-08-13,False
naka-97,nakatsugawa,中津川市,紙コップ,燃えるごみ,,,中津川市 ごみの出し方ガイドブック,https://www.city.nakatsugawa.lg.jp/material/files/group/56/guidebook1.pdf,14,https://www.city.nakatsugawa.lg.jp/soshikikarasagasu/kankyocenter/1/1/gomi/7762.html,2026-04-17,,2026-08-13,False
naka-98,nakatsugawa,中津川市,かみそり,燃えないごみ,,,中津川市 ごみの出し方ガイドブック,https://www.city.nakatsugawa.lg.jp/material/files/group/56/guidebook1.pdf,14,https://www.city.nakatsugawa.lg.jp/soshikikarasagasu/kankyocenter/1/1/gomi/7762.html,2026-04-17,,2026-08-13,False
naka-99,nakatsugawa,中津川市,神棚,大型ごみ,精を抜き（お祓い・魂抜き）、可能な限り分解して出す。 環境センターへの直接持ち込みに限る。,,中津川市 ごみの出し方ガイドブック,https://www.city.nakatsugawa.lg.jp/material/files/group/56/guidebook1.pdf,14,https://www.city.nakatsugawa.lg.jp/soshikikarasagasu/kankyocenter/1/1/gomi/7762.html,2026-04-17,,2026-08-13,False
naka-100,nakatsugawa,中津川市,髪の毛,燃えるごみ,,,中津川市 ごみの出し方ガイドブック,https://www.city.nakatsugawa.lg.jp/material/files/group/56/guidebook1.pdf,14,https://www.city.nakatsugawa.lg.jp/soshikikarasagasu/kankyocenter/1/1/gomi/7762.html,2026-04-17,,2026-08-13,False
naka-101,nakatsugawa,中津川市,紙パック,資源となるごみ,リサイクルＢＯＸ・小売店などの回収箱へ出す。 内側にアルミが貼ってあるものは、燃えるごみ。,,中津川市 ごみの出し方ガイドブック,https://www.city.nakatsugawa.lg.jp/material/files/group/56/guidebook1.pdf,14,https://www.city.nakatsugawa.lg.jp/soshikikarasagasu/kankyocenter/1/1/gomi/7762.html,2026-04-17,,2026-08-13,False
naka-102,nakatsugawa,中津川市,カメラ,燃えないごみ,,,中津川市 ごみの出し方ガイドブック,https://www.city.nakatsugawa.lg.jp/material/files/group/56/guidebook1.pdf,14,https://www.city.nakatsugawa.lg.jp/soshikikarasagasu/kankyocenter/1/1/gomi/7762.html,2026-04-17,,2026-08-13,False
naka-103,nakatsugawa,中津川市,蚊帳,大型ごみ,40cm以下に切れば、燃えるごみ。,１張り,中津川市 ごみの出し方ガイドブック,https://www.city.nakatsugawa.lg.jp/material/files/group/56/guidebook1.pdf,14,https://www.city.nakatsugawa.lg.jp/soshikikarasagasu/kankyocenter/1/1/gomi/7762.html,2026-04-17,,2026-08-13,False
naka-104,nakatsugawa,中津川市,カラオケ機材,燃えないごみ,指定袋に収まらないものは大型ごみ。,１組,中津川市 ごみの出し方ガイドブック,https://www.city.nakatsugawa.lg.jp/material/files/group/56/guidebook1.pdf,14,https://www.city.nakatsugawa.lg.jp/soshikikarasagasu/kankyocenter/1/1/gomi/7762.html,2026-04-17,,2026-08-13,False
naka-105,nakatsugawa,中津川市,カラーボックス,大型ごみ,,１個,中津川市 ごみの出し方ガイドブック,https://www.city.nakatsugawa.lg.jp/material/files/group/56/guidebook1.pdf,14,https://www.city.nakatsugawa.lg.jp/soshikikarasagasu/kankyocenter/1/1/gomi/7762.html,2026-04-17,,2026-08-13,False
naka-106,nakatsugawa,中津川市,ガラス,燃えないごみ,中身が見える状態で出す。 指定袋に収まらないものは、大型ごみ。,１枚,中津川市 ごみの出し方ガイドブック,https://www.city.nakatsugawa.lg.jp/material/files/group/56/guidebook1.pdf,14,https://www.city.nakatsugawa.lg.jp/soshikikarasagasu/kankyocenter/1/1/gomi/7762.html,2026-04-17,,2026-08-13,False
naka-107,nakatsugawa,中津川市,ガラスケース,大型ごみ,指定袋に収まる大きさであれば、燃えないごみ,１個,中津川市 ごみの出し方ガイドブック,https://www.city.nakatsugawa.lg.jp/material/files/group/56/guidebook1.pdf,14,https://www.city.nakatsugawa.lg.jp/soshikikarasagasu/kankyocenter/1/1/gomi/7762.html,2026-04-17,,2026-08-13,False
naka-108,nakatsugawa,中津川市,ガラス食器類,燃えないごみ,中身が見える状態で出す。,,中津川市 ごみの出し方ガイドブック,https://www.city.nakatsugawa.lg.jp/material/files/group/56/guidebook1.pdf,14,https://www.city.nakatsugawa.lg.jp/soshikikarasagasu/kankyocenter/1/1/gomi/7762.html,2026-04-17,,2026-08-13,False
naka-109,nakatsugawa,中津川市,ガラス戸,大型ごみ,ガラスは外さなくてもよい。,１枚,中津川市 ごみの出し方ガイドブック,https://www.city.nakatsugawa.lg.jp/material/files/group/56/guidebook1.pdf,15,https://www.city.nakatsugawa.lg.jp/soshikikarasagasu/kankyocenter/1/1/gomi/7762.html,2026-04-17,,2026-08-13,False
naka-110,nakatsugawa,中津川市,革・毛皮,燃えるごみ,40cmを超えるものは、大型ごみ。,１枚,中津川市 ごみの出し方ガイドブック,https://www.city.nakatsugawa.lg.jp/material/files/group/56/guidebook1.pdf,15,https://www.city.nakatsugawa.lg.jp/soshikikarasagasu/kankyocenter/1/1/gomi/7762.html,2026-04-17,,2026-08-13,False
naka-111,nakatsugawa,中津川市,瓦,引取りできないごみ,廃棄物処理業者、販売店などへ相談｡,,中津川市 ごみの出し方ガイドブック,https://www.city.nakatsugawa.lg.jp/material/files/group/56/guidebook1.pdf,15,https://www.city.nakatsugawa.lg.jp/soshikikarasagasu/kankyocenter/1/1/gomi/7762.html,2026-04-17,,2026-08-13,False
naka-112,nakatsugawa,中津川市,換気扇,燃えないごみ,電気コードは切って、硬質ごみ。,,中津川市 ごみの出し方ガイドブック,https://www.city.nakatsugawa.lg.jp/material/files/group/56/guidebook1.pdf,15,https://www.city.nakatsugawa.lg.jp/soshikikarasagasu/kankyocenter/1/1/gomi/7762.html,2026-04-17,,2026-08-13,False
naka-113,nakatsugawa,中津川市,缶切り,硬質ごみ,,,中津川市 ごみの出し方ガイドブック,https://www.city.nakatsugawa.lg.jp/material/files/group/56/guidebook1.pdf,15,https://www.city.nakatsugawa.lg.jp/soshikikarasagasu/kankyocenter/1/1/gomi/7762.html,2026-04-17,,2026-08-13,False
naka-114,nakatsugawa,中津川市,乾燥剤,燃えるごみ,石灰製のものは、水を含むと発熱するため、取扱注意。,,中津川市 ごみの出し方ガイドブック,https://www.city.nakatsugawa.lg.jp/material/files/group/56/guidebook1.pdf,15,https://www.city.nakatsugawa.lg.jp/soshikikarasagasu/kankyocenter/1/1/gomi/7762.html,2026-04-17,,2026-08-13,False
naka-115,nakatsugawa,中津川市,金槌,硬質ごみ,柄が木製のものは、40cm以下に切って、燃えるごみ。,,中津川市 ごみの出し方ガイドブック,https://www.city.nakatsugawa.lg.jp/material/files/group/56/guidebook1.pdf,15,https://www.city.nakatsugawa.lg.jp/soshikikarasagasu/kankyocenter/1/1/gomi/7762.html,2026-04-17,,2026-08-13,False
naka-116,nakatsugawa,中津川市,乾電池,有害ごみ,アルカリ・マンガン・ボタン・ニッケル等の種類は問わない。,,中津川市 ごみの出し方ガイドブック,https://www.city.nakatsugawa.lg.jp/material/files/group/56/guidebook1.pdf,15,https://www.city.nakatsugawa.lg.jp/soshikikarasagasu/kankyocenter/1/1/gomi/7762.html,2026-04-17,,2026-08-13,False
naka-117,nakatsugawa,中津川市,感熱紙,燃えるごみ,,,中津川市 ごみの出し方ガイドブック,https://www.city.nakatsugawa.lg.jp/material/files/group/56/guidebook1.pdf,15,https://www.city.nakatsugawa.lg.jp/soshikikarasagasu/kankyocenter/1/1/gomi/7762.html,2026-04-17,,2026-08-13,False
naka-118,nakatsugawa,中津川市,缶類（菓子缶、缶詰、飲料等）,資源ごみ,飲食物が入っていたものに限る。中をきれいに洗って出す。「缶類（リサイクルできないもの）」 （27ページ）も参照のこと。缶詰のフタは燃えないごみ。 プラスチック製のフタは燃えるごみ。,,中津川市 ごみの出し方ガイドブック,https://www.city.nakatsugawa.lg.jp/material/files/group/56/guidebook1.pdf,15,https://www.city.nakatsugawa.lg.jp/soshikikarasagasu/kankyocenter/1/1/gomi/7762.html,2026-04-17,,2026-08-13,False
naka-119,nakatsugawa,中津川市,缶類（リサイクルできないもの）,燃えないごみ,汚れた缶・錆びた缶、塗料缶、オイル缶など。中を水洗いし、蓋 のあるものは外して出す。袋に収まらないものは、大型ごみ。,１個,中津川市 ごみの出し方ガイドブック,https://www.city.nakatsugawa.lg.jp/material/files/group/56/guidebook1.pdf,15,https://www.city.nakatsugawa.lg.jp/soshikikarasagasu/kankyocenter/1/1/gomi/7762.html,2026-04-17,,2026-08-13,False
naka-120,nakatsugawa,中津川市,キーボード（電子オルガン）,燃えないごみ,指定袋に収まらないものは、大型ごみ。 電気コードは切って、硬質ごみ。,１台,中津川市 ごみの出し方ガイドブック,https://www.city.nakatsugawa.lg.jp/material/files/group/56/guidebook1.pdf,15,https://www.city.nakatsugawa.lg.jp/soshikikarasagasu/kankyocenter/1/1/gomi/7762.html,2026-04-17,,2026-08-13,False
naka-121,nakatsugawa,中津川市,キーボード（パソコン用）,燃えないごみ,電気コードは切って、硬質ごみ。 パソコン本体は18ページ参照。,,中津川市 ごみの出し方ガイドブック,https://www.city.nakatsugawa.lg.jp/material/files/group/56/guidebook1.pdf,15,https://www.city.nakatsugawa.lg.jp/soshikikarasagasu/kankyocenter/1/1/gomi/7762.html,2026-04-17,,2026-08-13,False
naka-122,nakatsugawa,中津川市,キーホルダー,燃えないごみ,,,中津川市 ごみの出し方ガイドブック,https://www.city.nakatsugawa.lg.jp/material/files/group/56/guidebook1.pdf,15,https://www.city.nakatsugawa.lg.jp/soshikikarasagasu/kankyocenter/1/1/gomi/7762.html,2026-04-17,,2026-08-13,False
naka-123,nakatsugawa,中津川市,木くず・木片,燃えるごみ,断面直径8cm以下・長さ40cm以下・束ねた径30cmまでのも のに市指定燃えるごみ袋（大）を１枚しばり付ける。(６ページ参照）,１個,中津川市 ごみの出し方ガイドブック,https://www.city.nakatsugawa.lg.jp/material/files/group/56/guidebook1.pdf,15,https://www.city.nakatsugawa.lg.jp/soshikikarasagasu/kankyocenter/1/1/gomi/7762.html,2026-04-17,,2026-08-13,False
naka-124,nakatsugawa,中津川市,ギター、エレキギター,大型ごみ,,１個,中津川市 ごみの出し方ガイドブック,https://www.city.nakatsugawa.lg.jp/material/files/group/56/guidebook1.pdf,15,https://www.city.nakatsugawa.lg.jp/soshikikarasagasu/kankyocenter/1/1/gomi/7762.html,2026-04-17,,2026-08-13,False
naka-125,nakatsugawa,中津川市,キックボード,燃えないごみ,,,中津川市 ごみの出し方ガイドブック,https://www.city.nakatsugawa.lg.jp/material/files/group/56/guidebook1.pdf,15,https://www.city.nakatsugawa.lg.jp/soshikikarasagasu/kankyocenter/1/1/gomi/7762.html,2026-04-17,,2026-08-13,False
naka-126,nakatsugawa,中津川市,木槌,燃えるごみ,断面直径8cm以下・長さ40cm以下にする。 上記のサイズを超えるものは、大型ごみ。,１本,中津川市 ごみの出し方ガイドブック,https://www.city.nakatsugawa.lg.jp/material/files/group/56/guidebook1.pdf,15,https://www.city.nakatsugawa.lg.jp/soshikikarasagasu/kankyocenter/1/1/gomi/7762.html,2026-04-17,,2026-08-13,False
naka-127,nakatsugawa,中津川市,キッチンワゴン,大型ごみ,,１台,中津川市 ごみの出し方ガイドブック,https://www.city.nakatsugawa.lg.jp/material/files/group/56/guidebook1.pdf,15,https://www.city.nakatsugawa.lg.jp/soshikikarasagasu/kankyocenter/1/1/gomi/7762.html,2026-04-17,,2026-08-13,False
naka-128,nakatsugawa,中津川市,杵,大型ごみ,最大サイズ【140cm×90cm×200cm】を超えるものは、引取り不可。,１個,中津川市 ごみの出し方ガイドブック,https://www.city.nakatsugawa.lg.jp/material/files/group/56/guidebook1.pdf,15,https://www.city.nakatsugawa.lg.jp/soshikikarasagasu/kankyocenter/1/1/gomi/7762.html,2026-04-17,,2026-08-13,False
naka-129,nakatsugawa,中津川市,木の根,大型ごみ,土を落とし、断面直径10cm以下・長さ１ｍ以下であれば 可。上記のサイズを超えるものは、引取り不可。,１個,中津川市 ごみの出し方ガイドブック,https://www.city.nakatsugawa.lg.jp/material/files/group/56/guidebook1.pdf,15,https://www.city.nakatsugawa.lg.jp/soshikikarasagasu/kankyocenter/1/1/gomi/7762.html,2026-04-17,,2026-08-13,False
naka-130,nakatsugawa,中津川市,着物,大型ごみ,40cm以下に切れば、燃えるごみ｡状態の良いものは、でき るだけ資源回収などのリサイクルに出す｡,３枚まで 束ねて,中津川市 ごみの出し方ガイドブック,https://www.city.nakatsugawa.lg.jp/material/files/group/56/guidebook1.pdf,15,https://www.city.nakatsugawa.lg.jp/soshikikarasagasu/kankyocenter/1/1/gomi/7762.html,2026-04-17,,2026-08-13,False
naka-131,nakatsugawa,中津川市,キャスター・キャリーバック,大型ごみ,40cm以下で、金属部分を取りはずしてあれば、燃えるごみ。 取りはずした金属は、燃えないごみ。,１個,中津川市 ごみの出し方ガイドブック,https://www.city.nakatsugawa.lg.jp/material/files/group/56/guidebook1.pdf,15,https://www.city.nakatsugawa.lg.jp/soshikikarasagasu/kankyocenter/1/1/gomi/7762.html,2026-04-17,,2026-08-13,False
naka-132,nakatsugawa,中津川市,脚立,大型ごみ,最大サイズ【140cm×90cm×200cm】を超えるものは、引 取り不可。,１台,中津川市 ごみの出し方ガイドブック,https://www.city.nakatsugawa.lg.jp/material/files/group/56/guidebook1.pdf,15,https://www.city.nakatsugawa.lg.jp/soshikikarasagasu/kankyocenter/1/1/gomi/7762.html,2026-04-17,,2026-08-13,False
naka-133,nakatsugawa,中津川市,キャリア（自動車用）,大型ごみ,,,中津川市 ごみの出し方ガイドブック,https://www.city.nakatsugawa.lg.jp/material/files/group/56/guidebook1.pdf,15,https://www.city.nakatsugawa.lg.jp/soshikikarasagasu/kankyocenter/1/1/gomi/7762.html,2026-04-17,,2026-08-13,False
naka-134,nakatsugawa,中津川市,キャッシュカード類,燃えるごみ,必ず切ってから出す。,,中津川市 ごみの出し方ガイドブック,https://www.city.nakatsugawa.lg.jp/material/files/group/56/guidebook1.pdf,15,https://www.city.nakatsugawa.lg.jp/soshikikarasagasu/kankyocenter/1/1/gomi/7762.html,2026-04-17,,2026-08-13,False
naka-135,nakatsugawa,中津川市,給水器,引取りできないごみ,冷却機能がついていないものであれば、大型ごみ。,１台,中津川市 ごみの出し方ガイドブック,https://www.city.nakatsugawa.lg.jp/material/files/group/56/guidebook1.pdf,15,https://www.city.nakatsugawa.lg.jp/soshikikarasagasu/kankyocenter/1/1/gomi/7762.html,2026-04-17,,2026-08-13,False
naka-136,nakatsugawa,中津川市,給湯器,引取りできないごみ,瞬間湯沸かし器であれば、燃えないごみ。（着火用電池はは ずして、有害ごみ。）,,中津川市 ごみの出し方ガイドブック,https://www.city.nakatsugawa.lg.jp/material/files/group/56/guidebook1.pdf,15,https://www.city.nakatsugawa.lg.jp/soshikikarasagasu/kankyocenter/1/1/gomi/7762.html,2026-04-17,,2026-08-13,False
naka-137,nakatsugawa,中津川市,牛乳パック,資源となるごみ,水洗いをし、切り開いて出す。 リサイクルＢＯＸ、学校等の資源回収へ出す。,,中津川市 ごみの出し方ガイドブック,https://www.city.nakatsugawa.lg.jp/material/files/group/56/guidebook1.pdf,15,https://www.city.nakatsugawa.lg.jp/soshikikarasagasu/kankyocenter/1/1/gomi/7762.html,2026-04-17,,2026-08-13,False
naka-138,nakatsugawa,中津川市,給油ポンプ（電動）,燃えないごみ,電池は取りはずして、有害ごみ｡,,中津川市 ごみの出し方ガイドブック,https://www.city.nakatsugawa.lg.jp/material/files/group/56/guidebook1.pdf,15,https://www.city.nakatsugawa.lg.jp/soshikikarasagasu/kankyocenter/1/1/gomi/7762.html,2026-04-17,,2026-08-13,False
naka-139,nakatsugawa,中津川市,鏡台（ドレッサー）,大型ごみ,,１台,中津川市 ごみの出し方ガイドブック,https://www.city.nakatsugawa.lg.jp/material/files/group/56/guidebook1.pdf,15,https://www.city.nakatsugawa.lg.jp/soshikikarasagasu/kankyocenter/1/1/gomi/7762.html,2026-04-17,,2026-08-13,False
naka-140,nakatsugawa,中津川市,金庫（耐火性）,引取りできないごみ,手提げ金庫であれば、燃えないごみ。,,中津川市 ごみの出し方ガイドブック,https://www.city.nakatsugawa.lg.jp/material/files/group/56/guidebook1.pdf,15,https://www.city.nakatsugawa.lg.jp/soshikikarasagasu/kankyocenter/1/1/gomi/7762.html,2026-04-17,,2026-08-13,False
naka-141,nakatsugawa,中津川市,空気入れ（金属製）,燃えないごみ,圧力容器があるものは、硬質ごみ｡ プラスチック製のものは、燃えるごみ。,,中津川市 ごみの出し方ガイドブック,https://www.city.nakatsugawa.lg.jp/material/files/group/56/guidebook1.pdf,15,https://www.city.nakatsugawa.lg.jp/soshikikarasagasu/kankyocenter/1/1/gomi/7762.html,2026-04-17,,2026-08-13,False
naka-142,nakatsugawa,中津川市,空気清浄機,燃えないごみ,電気コードは切って、硬質ごみ｡指定袋に収まらないものは、大型 ごみ。フロン等ガスを使用している機器については、引取り不可。,１台,中津川市 ごみの出し方ガイドブック,https://www.city.nakatsugawa.lg.jp/material/files/group/56/guidebook1.pdf,15,https://www.city.nakatsugawa.lg.jp/soshikikarasagasu/kankyocenter/1/1/gomi/7762.html,2026-04-17,,2026-08-13,False
naka-143,nakatsugawa,中津川市,クーラーボックス,大型ごみ,40cm以下であれば、燃えるごみ。,１個,中津川市 ごみの出し方ガイドブック,https://www.city.nakatsugawa.lg.jp/material/files/group/56/guidebook1.pdf,15,https://www.city.nakatsugawa.lg.jp/soshikikarasagasu/kankyocenter/1/1/gomi/7762.html,2026-04-17,,2026-08-13,False
naka-144,nakatsugawa,中津川市,釘類,燃えないごみ,,,中津川市 ごみの出し方ガイドブック,https://www.city.nakatsugawa.lg.jp/material/files/group/56/guidebook1.pdf,15,https://www.city.nakatsugawa.lg.jp/soshikikarasagasu/kankyocenter/1/1/gomi/7762.html,2026-04-17,,2026-08-13,False
naka-145,nakatsugawa,中津川市,草刈機,引取りできないごみ,廃棄物処理業者、販売店などへ相談｡,,中津川市 ごみの出し方ガイドブック,https://www.city.nakatsugawa.lg.jp/material/files/group/56/guidebook1.pdf,15,https://www.city.nakatsugawa.lg.jp/soshikikarasagasu/kankyocenter/1/1/gomi/7762.html,2026-04-17,,2026-08-13,False
naka-146,nakatsugawa,中津川市,草刈機の刃,硬質ごみ,,,中津川市 ごみの出し方ガイドブック,https://www.city.nakatsugawa.lg.jp/material/files/group/56/guidebook1.pdf,15,https://www.city.nakatsugawa.lg.jp/soshikikarasagasu/kankyocenter/1/1/gomi/7762.html,2026-04-17,,2026-08-13,False
naka-147,nakatsugawa,中津川市,草花,燃えるごみ,40cm以下に切ること。,,中津川市 ごみの出し方ガイドブック,https://www.city.nakatsugawa.lg.jp/material/files/group/56/guidebook1.pdf,15,https://www.city.nakatsugawa.lg.jp/soshikikarasagasu/kankyocenter/1/1/gomi/7762.html,2026-04-17,,2026-08-13,False
naka-148,nakatsugawa,中津川市,鎖（鉄製）,硬質ごみ,長いものは、大型ごみ。 プラスチック製のもで40cm以下であれば、燃えるごみ｡,１本,中津川市 ごみの出し方ガイドブック,https://www.city.nakatsugawa.lg.jp/material/files/group/56/guidebook1.pdf,15,https://www.city.nakatsugawa.lg.jp/soshikikarasagasu/kankyocenter/1/1/gomi/7762.html,2026-04-17,,2026-08-13,False
naka-149,nakatsugawa,中津川市,櫛（木・プラスチック製）,燃えるごみ,金属製のものは、燃えないごみ。,,中津川市 ごみの出し方ガイドブック,https://www.city.nakatsugawa.lg.jp/material/files/group/56/guidebook1.pdf,15,https://www.city.nakatsugawa.lg.jp/soshikikarasagasu/kankyocenter/1/1/gomi/7762.html,2026-04-17,,2026-08-13,False
naka-150,nakatsugawa,中津川市,串（竹製）,燃えるごみ,金属製のものは、燃えないごみ。,,中津川市 ごみの出し方ガイドブック,https://www.city.nakatsugawa.lg.jp/material/files/group/56/guidebook1.pdf,15,https://www.city.nakatsugawa.lg.jp/soshikikarasagasu/kankyocenter/1/1/gomi/7762.html,2026-04-17,,2026-08-13,False
naka-151,nakatsugawa,中津川市,薬（医薬品）,燃えるごみ,飲み忘れなどで薬がたくさん余る場合は、主治医に相談。,,中津川市 ごみの出し方ガイドブック,https://www.city.nakatsugawa.lg.jp/material/files/group/56/guidebook1.pdf,15,https://www.city.nakatsugawa.lg.jp/soshikikarasagasu/kankyocenter/1/1/gomi/7762.html,2026-04-17,,2026-08-13,False
naka-152,nakatsugawa,中津川市,薬の容器（プラスチック製）,燃えるごみ,,,中津川市 ごみの出し方ガイドブック,https://www.city.nakatsugawa.lg.jp/material/files/group/56/guidebook1.pdf,15,https://www.city.nakatsugawa.lg.jp/soshikikarasagasu/kankyocenter/1/1/gomi/7762.html,2026-04-17,,2026-08-13,False
naka-153,nakatsugawa,中津川市,口紅ケース（金属製）,燃えないごみ,プラスチック製のものは、燃えるごみ｡,,中津川市 ごみの出し方ガイドブック,https://www.city.nakatsugawa.lg.jp/material/files/group/56/guidebook1.pdf,15,https://www.city.nakatsugawa.lg.jp/soshikikarasagasu/kankyocenter/1/1/gomi/7762.html,2026-04-17,,2026-08-13,False
naka-154,nakatsugawa,中津川市,靴,燃えるごみ,スパイクなどの金属の部分ははずして、燃えないごみ｡ 安全靴で、つま先に鉄板が入っているものは、燃えないごみ。,,中津川市 ごみの出し方ガイドブック,https://www.city.nakatsugawa.lg.jp/material/files/group/56/guidebook1.pdf,15,https://www.city.nakatsugawa.lg.jp/soshikikarasagasu/kankyocenter/1/1/gomi/7762.html,2026-04-17,,2026-08-13,False
naka-155,nakatsugawa,中津川市,クッキングペーパー,燃えるごみ,,,中津川市 ごみの出し方ガイドブック,https://www.city.nakatsugawa.lg.jp/material/files/group/56/guidebook1.pdf,15,https://www.city.nakatsugawa.lg.jp/soshikikarasagasu/kankyocenter/1/1/gomi/7762.html,2026-04-17,,2026-08-13,False
naka-156,nakatsugawa,中津川市,クッション,燃えるごみ,40cmを超えるものは、大型ごみ。,１個,中津川市 ごみの出し方ガイドブック,https://www.city.nakatsugawa.lg.jp/material/files/group/56/guidebook1.pdf,15,https://www.city.nakatsugawa.lg.jp/soshikikarasagasu/kankyocenter/1/1/gomi/7762.html,2026-04-17,,2026-08-13,False
naka-157,nakatsugawa,中津川市,グラスウール,引取りできないごみ,廃棄物処理業者、販売店などへ相談｡,,中津川市 ごみの出し方ガイドブック,https://www.city.nakatsugawa.lg.jp/material/files/group/56/guidebook1.pdf,15,https://www.city.nakatsugawa.lg.jp/soshikikarasagasu/kankyocenter/1/1/gomi/7762.html,2026-04-17,,2026-08-13,False
naka-158,nakatsugawa,中津川市,クリスマスツリー（木・ プラスチック製）,燃えるごみ,電気コードは切って、硬質ごみ｡,,中津川市 ごみの出し方ガイドブック,https://www.city.nakatsugawa.lg.jp/material/files/group/56/guidebook1.pdf,15,https://www.city.nakatsugawa.lg.jp/soshikikarasagasu/kankyocenter/1/1/gomi/7762.html,2026-04-17,,2026-08-13,False
naka-159,nakatsugawa,中津川市,クリップ,燃えないごみ,,,中津川市 ごみの出し方ガイドブック,https://www.city.nakatsugawa.lg.jp/material/files/group/56/guidebook1.pdf,15,https://www.city.nakatsugawa.lg.jp/soshikikarasagasu/kankyocenter/1/1/gomi/7762.html,2026-04-17,,2026-08-13,False
naka-160,nakatsugawa,中津川市,クリーンヒーター,大型ごみ,,１台,中津川市 ごみの出し方ガイドブック,https://www.city.nakatsugawa.lg.jp/material/files/group/56/guidebook1.pdf,15,https://www.city.nakatsugawa.lg.jp/soshikikarasagasu/kankyocenter/1/1/gomi/7762.html,2026-04-17,,2026-08-13,False
naka-161,nakatsugawa,中津川市,車椅子（電動）,引取りできないごみ,電動でないものは、大型ごみ。,１台,中津川市 ごみの出し方ガイドブック,https://www.city.nakatsugawa.lg.jp/material/files/group/56/guidebook1.pdf,15,https://www.city.nakatsugawa.lg.jp/soshikikarasagasu/kankyocenter/1/1/gomi/7762.html,2026-04-17,,2026-08-13,False
naka-162,nakatsugawa,中津川市,グレーチング,大型ごみ,家庭用に限る。,１個,中津川市 ごみの出し方ガイドブック,https://www.city.nakatsugawa.lg.jp/material/files/group/56/guidebook1.pdf,15,https://www.city.nakatsugawa.lg.jp/soshikikarasagasu/kankyocenter/1/1/gomi/7762.html,2026-04-17,,2026-08-13,False
naka-163,nakatsugawa,中津川市,グローブ,燃えるごみ,,,中津川市 ごみの出し方ガイドブック,https://www.city.nakatsugawa.lg.jp/material/files/group/56/guidebook1.pdf,16,https://www.city.nakatsugawa.lg.jp/soshikikarasagasu/kankyocenter/1/1/gomi/7762.html,2026-04-17,,2026-08-13,False
naka-164,nakatsugawa,中津川市,グローランプ（点灯管）,燃えないごみ,,,中津川市 ごみの出し方ガイドブック,https://www.city.nakatsugawa.lg.jp/material/files/group/56/guidebook1.pdf,16,https://www.city.nakatsugawa.lg.jp/soshikikarasagasu/kankyocenter/1/1/gomi/7762.html,2026-04-17,,2026-08-13,False
naka-165,nakatsugawa,中津川市,黒マルチ,引取りできないごみ,廃棄物処理業者、販売店、農協などへ相談｡,,中津川市 ごみの出し方ガイドブック,https://www.city.nakatsugawa.lg.jp/material/files/group/56/guidebook1.pdf,16,https://www.city.nakatsugawa.lg.jp/soshikikarasagasu/kankyocenter/1/1/gomi/7762.html,2026-04-17,,2026-08-13,False
naka-166,nakatsugawa,中津川市,鍬,硬質ごみ,木製の柄の部分は、40cm以下に切って、燃えるごみ。,,中津川市 ごみの出し方ガイドブック,https://www.city.nakatsugawa.lg.jp/material/files/group/56/guidebook1.pdf,16,https://www.city.nakatsugawa.lg.jp/soshikikarasagasu/kankyocenter/1/1/gomi/7762.html,2026-04-17,,2026-08-13,False
naka-167,nakatsugawa,中津川市,燻蒸式殺虫剤,有害ごみ,未使用のものは、引取り不可。,,中津川市 ごみの出し方ガイドブック,https://www.city.nakatsugawa.lg.jp/material/files/group/56/guidebook1.pdf,16,https://www.city.nakatsugawa.lg.jp/soshikikarasagasu/kankyocenter/1/1/gomi/7762.html,2026-04-17,,2026-08-13,False
naka-168,nakatsugawa,中津川市,軍手,燃えるごみ,,,中津川市 ごみの出し方ガイドブック,https://www.city.nakatsugawa.lg.jp/material/files/group/56/guidebook1.pdf,16,https://www.city.nakatsugawa.lg.jp/soshikikarasagasu/kankyocenter/1/1/gomi/7762.html,2026-04-17,,2026-08-13,False
naka-169,nakatsugawa,中津川市,携行缶（ポリ製）,燃えるごみ,中身を完全に抜き、ふたを外して出す｡,,中津川市 ごみの出し方ガイドブック,https://www.city.nakatsugawa.lg.jp/material/files/group/56/guidebook1.pdf,16,https://www.city.nakatsugawa.lg.jp/soshikikarasagasu/kankyocenter/1/1/gomi/7762.html,2026-04-17,,2026-08-13,False
naka-170,nakatsugawa,中津川市,蛍光灯（管）,有害ごみ,紙カバーを外し、束ねずにそのままコンテナに出す｡ 割れてしまったものは、燃えないごみの袋に入れてコンテナに出す。,,中津川市 ごみの出し方ガイドブック,https://www.city.nakatsugawa.lg.jp/material/files/group/56/guidebook1.pdf,16,https://www.city.nakatsugawa.lg.jp/soshikikarasagasu/kankyocenter/1/1/gomi/7762.html,2026-04-17,,2026-08-13,False
naka-171,nakatsugawa,中津川市,計算機・電卓,燃えないごみ,電池は外して、有害ごみ｡,,中津川市 ごみの出し方ガイドブック,https://www.city.nakatsugawa.lg.jp/material/files/group/56/guidebook1.pdf,16,https://www.city.nakatsugawa.lg.jp/soshikikarasagasu/kankyocenter/1/1/gomi/7762.html,2026-04-17,,2026-08-13,False
naka-172,nakatsugawa,中津川市,珪藻土（けいそうど）製品,大型ごみ,珪藻土のバスマットなど。,１個,中津川市 ごみの出し方ガイドブック,https://www.city.nakatsugawa.lg.jp/material/files/group/56/guidebook1.pdf,16,https://www.city.nakatsugawa.lg.jp/soshikikarasagasu/kankyocenter/1/1/gomi/7762.html,2026-04-17,,2026-08-13,False
naka-173,nakatsugawa,中津川市,携帯電話,燃えないごみ,バッテリー部分は外して有害ごみ。 取り外せないものは販売店へ。,,中津川市 ごみの出し方ガイドブック,https://www.city.nakatsugawa.lg.jp/material/files/group/56/guidebook1.pdf,16,https://www.city.nakatsugawa.lg.jp/soshikikarasagasu/kankyocenter/1/1/gomi/7762.html,2026-04-17,,2026-08-13,False
naka-174,nakatsugawa,中津川市,毛糸,燃えるごみ,,,中津川市 ごみの出し方ガイドブック,https://www.city.nakatsugawa.lg.jp/material/files/group/56/guidebook1.pdf,16,https://www.city.nakatsugawa.lg.jp/soshikikarasagasu/kankyocenter/1/1/gomi/7762.html,2026-04-17,,2026-08-13,False
naka-175,nakatsugawa,中津川市,計量器・はかり,燃えないごみ,電池を使用しているものは、電池は外して、有害ごみ。 プラスチック製で中に金属を使用していないものは、燃えるごみ。,,中津川市 ごみの出し方ガイドブック,https://www.city.nakatsugawa.lg.jp/material/files/group/56/guidebook1.pdf,16,https://www.city.nakatsugawa.lg.jp/soshikikarasagasu/kankyocenter/1/1/gomi/7762.html,2026-04-17,,2026-08-13,False
naka-176,nakatsugawa,中津川市,ゲートボール スティック（金属）,硬質ごみ,木製のものは、40cm以下に切って、燃えるごみ。,,中津川市 ごみの出し方ガイドブック,https://www.city.nakatsugawa.lg.jp/material/files/group/56/guidebook1.pdf,16,https://www.city.nakatsugawa.lg.jp/soshikikarasagasu/kankyocenter/1/1/gomi/7762.html,2026-04-17,,2026-08-13,False
naka-177,nakatsugawa,中津川市,ゲーム機,燃えないごみ,電気コードは切って、硬質ごみ｡,,中津川市 ごみの出し方ガイドブック,https://www.city.nakatsugawa.lg.jp/material/files/group/56/guidebook1.pdf,16,https://www.city.nakatsugawa.lg.jp/soshikikarasagasu/kankyocenter/1/1/gomi/7762.html,2026-04-17,,2026-08-13,False
naka-178,nakatsugawa,中津川市,ゲームソフト,燃えるごみ,,,中津川市 ごみの出し方ガイドブック,https://www.city.nakatsugawa.lg.jp/material/files/group/56/guidebook1.pdf,16,https://www.city.nakatsugawa.lg.jp/soshikikarasagasu/kankyocenter/1/1/gomi/7762.html,2026-04-17,,2026-08-13,False
naka-179,nakatsugawa,中津川市,化粧品瓶,燃えないごみ,,,中津川市 ごみの出し方ガイドブック,https://www.city.nakatsugawa.lg.jp/material/files/group/56/guidebook1.pdf,16,https://www.city.nakatsugawa.lg.jp/soshikikarasagasu/kankyocenter/1/1/gomi/7762.html,2026-04-17,,2026-08-13,False
naka-180,nakatsugawa,中津川市,下駄箱,大型ごみ,,１個,中津川市 ごみの出し方ガイドブック,https://www.city.nakatsugawa.lg.jp/material/files/group/56/guidebook1.pdf,16,https://www.city.nakatsugawa.lg.jp/soshikikarasagasu/kankyocenter/1/1/gomi/7762.html,2026-04-17,,2026-08-13,False
naka-181,nakatsugawa,中津川市,血圧計（デジタル）,燃えないごみ,電池は外して、有害ごみ｡水銀式のものは、有害ごみ。,,中津川市 ごみの出し方ガイドブック,https://www.city.nakatsugawa.lg.jp/material/files/group/56/guidebook1.pdf,16,https://www.city.nakatsugawa.lg.jp/soshikikarasagasu/kankyocenter/1/1/gomi/7762.html,2026-04-17,,2026-08-13,False
naka-182,nakatsugawa,中津川市,玄関マット（ナイロン製）,燃えるごみ,金属製のものは、燃えないごみ。 40cmを超えるものは、大型ごみ。,１枚,中津川市 ごみの出し方ガイドブック,https://www.city.nakatsugawa.lg.jp/material/files/group/56/guidebook1.pdf,16,https://www.city.nakatsugawa.lg.jp/soshikikarasagasu/kankyocenter/1/1/gomi/7762.html,2026-04-17,,2026-08-13,False
naka-183,nakatsugawa,中津川市,健康器具,大型ごみ,電気コードは切って、硬質ごみ｡,１個,中津川市 ごみの出し方ガイドブック,https://www.city.nakatsugawa.lg.jp/material/files/group/56/guidebook1.pdf,16,https://www.city.nakatsugawa.lg.jp/soshikikarasagasu/kankyocenter/1/1/gomi/7762.html,2026-04-17,,2026-08-13,False
naka-184,nakatsugawa,中津川市,剣山,硬質ごみ,,,中津川市 ごみの出し方ガイドブック,https://www.city.nakatsugawa.lg.jp/material/files/group/56/guidebook1.pdf,16,https://www.city.nakatsugawa.lg.jp/soshikikarasagasu/kankyocenter/1/1/gomi/7762.html,2026-04-17,,2026-08-13,False
naka-185,nakatsugawa,中津川市,建築廃材,引取りできないごみ,家屋を解体した廃材、ボードその他全て。 廃棄物処理業者、販売店などへ相談｡,,中津川市 ごみの出し方ガイドブック,https://www.city.nakatsugawa.lg.jp/material/files/group/56/guidebook1.pdf,16,https://www.city.nakatsugawa.lg.jp/soshikikarasagasu/kankyocenter/1/1/gomi/7762.html,2026-04-17,,2026-08-13,False
naka-186,nakatsugawa,中津川市,鍵盤ハーモニカ,燃えるごみ,,,中津川市 ごみの出し方ガイドブック,https://www.city.nakatsugawa.lg.jp/material/files/group/56/guidebook1.pdf,16,https://www.city.nakatsugawa.lg.jp/soshikikarasagasu/kankyocenter/1/1/gomi/7762.html,2026-04-17,,2026-08-13,False
naka-187,nakatsugawa,中津川市,碁石,燃えないごみ,,,中津川市 ごみの出し方ガイドブック,https://www.city.nakatsugawa.lg.jp/material/files/group/56/guidebook1.pdf,16,https://www.city.nakatsugawa.lg.jp/soshikikarasagasu/kankyocenter/1/1/gomi/7762.html,2026-04-17,,2026-08-13,False
naka-188,nakatsugawa,中津川市,鯉のぼり,燃えるごみ,40cm以下に切って出す。,,中津川市 ごみの出し方ガイドブック,https://www.city.nakatsugawa.lg.jp/material/files/group/56/guidebook1.pdf,16,https://www.city.nakatsugawa.lg.jp/soshikikarasagasu/kankyocenter/1/1/gomi/7762.html,2026-04-17,,2026-08-13,False
naka-189,nakatsugawa,中津川市,鯉のぼり（ポール、風車）,燃えないごみ,ポールは、指定袋に入る大きさにして出す。,,中津川市 ごみの出し方ガイドブック,https://www.city.nakatsugawa.lg.jp/material/files/group/56/guidebook1.pdf,16,https://www.city.nakatsugawa.lg.jp/soshikikarasagasu/kankyocenter/1/1/gomi/7762.html,2026-04-17,,2026-08-13,False
naka-190,nakatsugawa,中津川市,高圧洗浄機,燃えないごみ,指定袋に収まらないものは、大型ごみ｡ エンジン式のものは、引取り不可。,１台,中津川市 ごみの出し方ガイドブック,https://www.city.nakatsugawa.lg.jp/material/files/group/56/guidebook1.pdf,16,https://www.city.nakatsugawa.lg.jp/soshikikarasagasu/kankyocenter/1/1/gomi/7762.html,2026-04-17,,2026-08-13,False
naka-191,nakatsugawa,中津川市,耕運機,引取りできないごみ,廃棄物処理業者、販売店、農協などへ相談｡,,中津川市 ごみの出し方ガイドブック,https://www.city.nakatsugawa.lg.jp/material/files/group/56/guidebook1.pdf,16,https://www.city.nakatsugawa.lg.jp/soshikikarasagasu/kankyocenter/1/1/gomi/7762.html,2026-04-17,,2026-08-13,False
naka-192,nakatsugawa,中津川市,工具箱（金属製）,燃えないごみ,プラスチック製のものは、燃えるごみ｡ 指定袋に収まらないものは、大型ごみ。,１個,中津川市 ごみの出し方ガイドブック,https://www.city.nakatsugawa.lg.jp/material/files/group/56/guidebook1.pdf,16,https://www.city.nakatsugawa.lg.jp/soshikikarasagasu/kankyocenter/1/1/gomi/7762.html,2026-04-17,,2026-08-13,False
naka-193,nakatsugawa,中津川市,工具類 （ドライバー・ペンチなど）,硬質ごみ,,,中津川市 ごみの出し方ガイドブック,https://www.city.nakatsugawa.lg.jp/material/files/group/56/guidebook1.pdf,16,https://www.city.nakatsugawa.lg.jp/soshikikarasagasu/kankyocenter/1/1/gomi/7762.html,2026-04-17,,2026-08-13,False
naka-194,nakatsugawa,中津川市,行李（こうり）,大型ごみ,,１セット,中津川市 ごみの出し方ガイドブック,https://www.city.nakatsugawa.lg.jp/material/files/group/56/guidebook1.pdf,16,https://www.city.nakatsugawa.lg.jp/soshikikarasagasu/kankyocenter/1/1/gomi/7762.html,2026-04-17,,2026-08-13,False
naka-195,nakatsugawa,中津川市,ゴーグル,燃えないごみ,プラスチック製のものは、燃えるごみ｡,,中津川市 ごみの出し方ガイドブック,https://www.city.nakatsugawa.lg.jp/material/files/group/56/guidebook1.pdf,16,https://www.city.nakatsugawa.lg.jp/soshikikarasagasu/kankyocenter/1/1/gomi/7762.html,2026-04-17,,2026-08-13,False
naka-196,nakatsugawa,中津川市,コードリール,硬質ごみ,,,中津川市 ごみの出し方ガイドブック,https://www.city.nakatsugawa.lg.jp/material/files/group/56/guidebook1.pdf,16,https://www.city.nakatsugawa.lg.jp/soshikikarasagasu/kankyocenter/1/1/gomi/7762.html,2026-04-17,,2026-08-13,False
naka-197,nakatsugawa,中津川市,コーヒーメーカー,燃えないごみ,電気コードは切って、硬質ごみ。,,中津川市 ごみの出し方ガイドブック,https://www.city.nakatsugawa.lg.jp/material/files/group/56/guidebook1.pdf,16,https://www.city.nakatsugawa.lg.jp/soshikikarasagasu/kankyocenter/1/1/gomi/7762.html,2026-04-17,,2026-08-13,False
naka-198,nakatsugawa,中津川市,小型電化製品,燃えないごみ,電気コードは切って、硬質ごみ｡ 指定袋に収まらないものは、大型ごみ。,１台,中津川市 ごみの出し方ガイドブック,https://www.city.nakatsugawa.lg.jp/material/files/group/56/guidebook1.pdf,16,https://www.city.nakatsugawa.lg.jp/soshikikarasagasu/kankyocenter/1/1/gomi/7762.html,2026-04-17,,2026-08-13,False
naka-199,nakatsugawa,中津川市,小型焼却炉（家庭用）,引取りできないごみ,廃棄物処理業者、販売店などへ相談｡,,中津川市 ごみの出し方ガイドブック,https://www.city.nakatsugawa.lg.jp/material/files/group/56/guidebook1.pdf,16,https://www.city.nakatsugawa.lg.jp/soshikikarasagasu/kankyocenter/1/1/gomi/7762.html,2026-04-17,,2026-08-13,False
naka-200,nakatsugawa,中津川市,固形燃料,燃えるごみ,,,中津川市 ごみの出し方ガイドブック,https://www.city.nakatsugawa.lg.jp/material/files/group/56/guidebook1.pdf,16,https://www.city.nakatsugawa.lg.jp/soshikikarasagasu/kankyocenter/1/1/gomi/7762.html,2026-04-17,,2026-08-13,False
naka-201,nakatsugawa,中津川市,ござ,燃えるごみ,40cmを超えるものは、大型ごみ。,１枚,中津川市 ごみの出し方ガイドブック,https://www.city.nakatsugawa.lg.jp/material/files/group/56/guidebook1.pdf,16,https://www.city.nakatsugawa.lg.jp/soshikikarasagasu/kankyocenter/1/1/gomi/7762.html,2026-04-17,,2026-08-13,False
naka-202,nakatsugawa,中津川市,コタツ掛け・コタツ布団,大型ごみ,たたんで縛って出す｡燃えるごみに出す場合、40cm以下に切り （わたも切る）、指定袋に切ってあることを明記。,２枚まで 束ねて,中津川市 ごみの出し方ガイドブック,https://www.city.nakatsugawa.lg.jp/material/files/group/56/guidebook1.pdf,16,https://www.city.nakatsugawa.lg.jp/soshikikarasagasu/kankyocenter/1/1/gomi/7762.html,2026-04-17,,2026-08-13,False
naka-203,nakatsugawa,中津川市,コタツ・コタツ板,大型ごみ,電気コードは切って、硬質ごみ｡,１セット を束ねて,中津川市 ごみの出し方ガイドブック,https://www.city.nakatsugawa.lg.jp/material/files/group/56/guidebook1.pdf,16,https://www.city.nakatsugawa.lg.jp/soshikikarasagasu/kankyocenter/1/1/gomi/7762.html,2026-04-17,,2026-08-13,False
naka-204,nakatsugawa,中津川市,コタツの暖房器具 （豆炭コタツ）,有害ごみ,アスベスト含有のおそれのあるものは、燃えないごみの袋 に入れ、有害ごみ。,,中津川市 ごみの出し方ガイドブック,https://www.city.nakatsugawa.lg.jp/material/files/group/56/guidebook1.pdf,16,https://www.city.nakatsugawa.lg.jp/soshikikarasagasu/kankyocenter/1/1/gomi/7762.html,2026-04-17,,2026-08-13,False
naka-205,nakatsugawa,中津川市,コタツの電熱部,燃えないごみ,電気コードは切って、硬質ごみ｡,,中津川市 ごみの出し方ガイドブック,https://www.city.nakatsugawa.lg.jp/material/files/group/56/guidebook1.pdf,16,https://www.city.nakatsugawa.lg.jp/soshikikarasagasu/kankyocenter/1/1/gomi/7762.html,2026-04-17,,2026-08-13,False
naka-206,nakatsugawa,中津川市,コタツのダクトホース （省エネダクト）,大型ごみ,,１個,中津川市 ごみの出し方ガイドブック,https://www.city.nakatsugawa.lg.jp/material/files/group/56/guidebook1.pdf,16,https://www.city.nakatsugawa.lg.jp/soshikikarasagasu/kankyocenter/1/1/gomi/7762.html,2026-04-17,,2026-08-13,False
naka-207,nakatsugawa,中津川市,コップ （ガラス製・金属製・陶器製）,燃えないごみ,プラスチック製のものは、燃えるごみ｡,,中津川市 ごみの出し方ガイドブック,https://www.city.nakatsugawa.lg.jp/material/files/group/56/guidebook1.pdf,16,https://www.city.nakatsugawa.lg.jp/soshikikarasagasu/kankyocenter/1/1/gomi/7762.html,2026-04-17,,2026-08-13,False
naka-208,nakatsugawa,中津川市,琴,大型ごみ,最大サイズ【140cm×90cm×200cm】を超えるものは、 引取り不可。,１個,中津川市 ごみの出し方ガイドブック,https://www.city.nakatsugawa.lg.jp/material/files/group/56/guidebook1.pdf,16,https://www.city.nakatsugawa.lg.jp/soshikikarasagasu/kankyocenter/1/1/gomi/7762.html,2026-04-17,,2026-08-13,False
naka-209,nakatsugawa,中津川市,ごとく,硬質ごみ,,,中津川市 ごみの出し方ガイドブック,https://www.city.nakatsugawa.lg.jp/material/files/group/56/guidebook1.pdf,16,https://www.city.nakatsugawa.lg.jp/soshikikarasagasu/kankyocenter/1/1/gomi/7762.html,2026-04-17,,2026-08-13,False
naka-210,nakatsugawa,中津川市,碁盤（木製）,燃えるごみ,１辺が40cm以下で厚みが８cm以下のものに限る。 上記サイズを超えるものは、大型ごみ。,１台,中津川市 ごみの出し方ガイドブック,https://www.city.nakatsugawa.lg.jp/material/files/group/56/guidebook1.pdf,16,https://www.city.nakatsugawa.lg.jp/soshikikarasagasu/kankyocenter/1/1/gomi/7762.html,2026-04-17,,2026-08-13,False
naka-211,nakatsugawa,中津川市,コピー機（家庭用）,燃えないごみ,卓上で使用するもので家庭用に限る。業務用のものは引取 不可。電気コードは切って、硬質ごみ。,,中津川市 ごみの出し方ガイドブック,https://www.city.nakatsugawa.lg.jp/material/files/group/56/guidebook1.pdf,16,https://www.city.nakatsugawa.lg.jp/soshikikarasagasu/kankyocenter/1/1/gomi/7762.html,2026-04-17,,2026-08-13,False
naka-212,nakatsugawa,中津川市,ゴム手袋,燃えるごみ,,,中津川市 ごみの出し方ガイドブック,https://www.city.nakatsugawa.lg.jp/material/files/group/56/guidebook1.pdf,16,https://www.city.nakatsugawa.lg.jp/soshikikarasagasu/kankyocenter/1/1/gomi/7762.html,2026-04-17,,2026-08-13,False
naka-213,nakatsugawa,中津川市,ゴムマット,燃えるごみ,40cmを超えるものは、大型ごみ。,１枚,中津川市 ごみの出し方ガイドブック,https://www.city.nakatsugawa.lg.jp/material/files/group/56/guidebook1.pdf,16,https://www.city.nakatsugawa.lg.jp/soshikikarasagasu/kankyocenter/1/1/gomi/7762.html,2026-04-17,,2026-08-13,False
naka-214,nakatsugawa,中津川市,米、古米,燃えるごみ,,,中津川市 ごみの出し方ガイドブック,https://www.city.nakatsugawa.lg.jp/material/files/group/56/guidebook1.pdf,16,https://www.city.nakatsugawa.lg.jp/soshikikarasagasu/kankyocenter/1/1/gomi/7762.html,2026-04-17,,2026-08-13,False
naka-215,nakatsugawa,中津川市,米つき機（精米機）,大型ごみ,,１台,中津川市 ごみの出し方ガイドブック,https://www.city.nakatsugawa.lg.jp/material/files/group/56/guidebook1.pdf,16,https://www.city.nakatsugawa.lg.jp/soshikikarasagasu/kankyocenter/1/1/gomi/7762.html,2026-04-17,,2026-08-13,False
naka-216,nakatsugawa,中津川市,米びつ,大型ごみ,冷却機能付きの米びつは引取り不可。,１台,中津川市 ごみの出し方ガイドブック,https://www.city.nakatsugawa.lg.jp/material/files/group/56/guidebook1.pdf,16,https://www.city.nakatsugawa.lg.jp/soshikikarasagasu/kankyocenter/1/1/gomi/7762.html,2026-04-17,,2026-08-13,False
naka-217,nakatsugawa,中津川市,米袋,燃えるごみ,40cm以下にして出す。,,中津川市 ごみの出し方ガイドブック,https://www.city.nakatsugawa.lg.jp/material/files/group/56/guidebook1.pdf,17,https://www.city.nakatsugawa.lg.jp/soshikikarasagasu/kankyocenter/1/1/gomi/7762.html,2026-04-17,,2026-08-13,False
naka-218,nakatsugawa,中津川市,ゴルフクラブ,大型ごみ,,７本まで 束ねて,中津川市 ごみの出し方ガイドブック,https://www.city.nakatsugawa.lg.jp/material/files/group/56/guidebook1.pdf,17,https://www.city.nakatsugawa.lg.jp/soshikikarasagasu/kankyocenter/1/1/gomi/7762.html,2026-04-17,,2026-08-13,False
naka-219,nakatsugawa,中津川市,ゴルフバック,大型ごみ,,１個,中津川市 ごみの出し方ガイドブック,https://www.city.nakatsugawa.lg.jp/material/files/group/56/guidebook1.pdf,17,https://www.city.nakatsugawa.lg.jp/soshikikarasagasu/kankyocenter/1/1/gomi/7762.html,2026-04-17,,2026-08-13,False
naka-220,nakatsugawa,中津川市,ゴルフマット,大型ごみ,40cm以下に切れば、燃えるごみ。,１枚,中津川市 ごみの出し方ガイドブック,https://www.city.nakatsugawa.lg.jp/material/files/group/56/guidebook1.pdf,17,https://www.city.nakatsugawa.lg.jp/soshikikarasagasu/kankyocenter/1/1/gomi/7762.html,2026-04-17,,2026-08-13,False
naka-221,nakatsugawa,中津川市,コンクリートブロック,引取りできないごみ,廃棄物処理業者へ相談｡,,中津川市 ごみの出し方ガイドブック,https://www.city.nakatsugawa.lg.jp/material/files/group/56/guidebook1.pdf,17,https://www.city.nakatsugawa.lg.jp/soshikikarasagasu/kankyocenter/1/1/gomi/7762.html,2026-04-17,,2026-08-13,False
naka-222,nakatsugawa,中津川市,コンタクトレンズ,燃えるごみ,,,中津川市 ごみの出し方ガイドブック,https://www.city.nakatsugawa.lg.jp/material/files/group/56/guidebook1.pdf,17,https://www.city.nakatsugawa.lg.jp/soshikikarasagasu/kankyocenter/1/1/gomi/7762.html,2026-04-17,,2026-08-13,False
naka-223,nakatsugawa,中津川市,コンパクトディスク（CD）,燃えるごみ,ＤＶＤ（ディーブイディー）、ＢD（ブルーレイディスク）も同様。,,中津川市 ごみの出し方ガイドブック,https://www.city.nakatsugawa.lg.jp/material/files/group/56/guidebook1.pdf,17,https://www.city.nakatsugawa.lg.jp/soshikikarasagasu/kankyocenter/1/1/gomi/7762.html,2026-04-17,,2026-08-13,False
naka-224,nakatsugawa,中津川市,コンパネ,大型ごみ,コンクリート型枠用合板や、最大サイズ【140cm×90cm×200cm】 を超えるものは、引取り不可。,１枚,中津川市 ごみの出し方ガイドブック,https://www.city.nakatsugawa.lg.jp/material/files/group/56/guidebook1.pdf,17,https://www.city.nakatsugawa.lg.jp/soshikikarasagasu/kankyocenter/1/1/gomi/7762.html,2026-04-17,,2026-08-13,False
naka-225,nakatsugawa,中津川市,コンプレッサー,大型ごみ,ホームセンター等で売っているくらいの大きさであれば、引取り可。,１個,中津川市 ごみの出し方ガイドブック,https://www.city.nakatsugawa.lg.jp/material/files/group/56/guidebook1.pdf,17,https://www.city.nakatsugawa.lg.jp/soshikikarasagasu/kankyocenter/1/1/gomi/7762.html,2026-04-17,,2026-08-13,False
naka-226,nakatsugawa,中津川市,コンポ,燃えないごみ,指定袋に収まらないものは、大型ごみ。 電気コードは切って、硬質ごみ。,１セットに まとめて,中津川市 ごみの出し方ガイドブック,https://www.city.nakatsugawa.lg.jp/material/files/group/56/guidebook1.pdf,17,https://www.city.nakatsugawa.lg.jp/soshikikarasagasu/kankyocenter/1/1/gomi/7762.html,2026-04-17,,2026-08-13,False
naka-227,nakatsugawa,中津川市,梱包材,燃えるごみ,40cm以下に切ること。長くて丸めてある物は大型ごみ。 ただし、丸めた状態で断面が10cm以下とする。,１巻,中津川市 ごみの出し方ガイドブック,https://www.city.nakatsugawa.lg.jp/material/files/group/56/guidebook1.pdf,17,https://www.city.nakatsugawa.lg.jp/soshikikarasagasu/kankyocenter/1/1/gomi/7762.html,2026-04-17,,2026-08-13,False
naka-228,nakatsugawa,中津川市,コンロ,大型ごみ,指定袋に収まるものであれば、燃えないごみ。 着火用の電池ははずして、有害ごみ。,１個,中津川市 ごみの出し方ガイドブック,https://www.city.nakatsugawa.lg.jp/material/files/group/56/guidebook1.pdf,17,https://www.city.nakatsugawa.lg.jp/soshikikarasagasu/kankyocenter/1/1/gomi/7762.html,2026-04-17,,2026-08-13,False
naka-229,nakatsugawa,中津川市,サーフボード,大型ごみ,最大サイズ【140cm×90cm×200cm】を超えるものは、引取り不可。,１個,中津川市 ごみの出し方ガイドブック,https://www.city.nakatsugawa.lg.jp/material/files/group/56/guidebook1.pdf,17,https://www.city.nakatsugawa.lg.jp/soshikikarasagasu/kankyocenter/1/1/gomi/7762.html,2026-04-17,,2026-08-13,False
naka-230,nakatsugawa,中津川市,在宅医療廃棄物,燃えるごみ,インスリン自己注射器・針は引取り不可。（病院・薬局に相談）非鋭利 なもので感染の恐れのないもの（。ポリ袋等に入れてから、指定袋へ。）,,中津川市 ごみの出し方ガイドブック,https://www.city.nakatsugawa.lg.jp/material/files/group/56/guidebook1.pdf,17,https://www.city.nakatsugawa.lg.jp/soshikikarasagasu/kankyocenter/1/1/gomi/7762.html,2026-04-17,,2026-08-13,False
naka-231,nakatsugawa,中津川市,サイドボード,大型ごみ,最大サイズ【140cm×90cm×200cm】を超えるものは、引取り不可。,１枚,中津川市 ごみの出し方ガイドブック,https://www.city.nakatsugawa.lg.jp/material/files/group/56/guidebook1.pdf,17,https://www.city.nakatsugawa.lg.jp/soshikikarasagasu/kankyocenter/1/1/gomi/7762.html,2026-04-17,,2026-08-13,False
naka-232,nakatsugawa,中津川市,サウナ,引取りできないごみ,分解し、最大サイズ【140cm×90cm×200cm】以下であれ ば、大型ごみ（。家庭用のもので直接搬入に限る。）,,中津川市 ごみの出し方ガイドブック,https://www.city.nakatsugawa.lg.jp/material/files/group/56/guidebook1.pdf,17,https://www.city.nakatsugawa.lg.jp/soshikikarasagasu/kankyocenter/1/1/gomi/7762.html,2026-04-17,,2026-08-13,False
naka-233,nakatsugawa,中津川市,サスペンダー,燃えるごみ,金具ははずして、燃えないごみ｡,,中津川市 ごみの出し方ガイドブック,https://www.city.nakatsugawa.lg.jp/material/files/group/56/guidebook1.pdf,17,https://www.city.nakatsugawa.lg.jp/soshikikarasagasu/kankyocenter/1/1/gomi/7762.html,2026-04-17,,2026-08-13,False
naka-234,nakatsugawa,中津川市,座卓,大型ごみ,,１台,中津川市 ごみの出し方ガイドブック,https://www.city.nakatsugawa.lg.jp/material/files/group/56/guidebook1.pdf,17,https://www.city.nakatsugawa.lg.jp/soshikikarasagasu/kankyocenter/1/1/gomi/7762.html,2026-04-17,,2026-08-13,False
naka-235,nakatsugawa,中津川市,サッシ,大型ごみ,ガラスは付けたままで、引取り可。,１枚,中津川市 ごみの出し方ガイドブック,https://www.city.nakatsugawa.lg.jp/material/files/group/56/guidebook1.pdf,17,https://www.city.nakatsugawa.lg.jp/soshikikarasagasu/kankyocenter/1/1/gomi/7762.html,2026-04-17,,2026-08-13,False
naka-236,nakatsugawa,中津川市,殺虫剤（電池、電気式）,燃えないごみ,電池は外して有害ごみ。電気コードは切って硬質ごみ。スプレー 缶タイプのものは「スプレー缶（」34ページ）参照。,,中津川市 ごみの出し方ガイドブック,https://www.city.nakatsugawa.lg.jp/material/files/group/56/guidebook1.pdf,17,https://www.city.nakatsugawa.lg.jp/soshikikarasagasu/kankyocenter/1/1/gomi/7762.html,2026-04-17,,2026-08-13,False
naka-237,nakatsugawa,中津川市,座布団・長座布団,大型ごみ,燃えるごみに出す場合、40cm以下に切り（わたも切る）、指定袋に 切ってあることを明記（。長座布団は、２枚でシール１枚）,５枚まで 束ねて,中津川市 ごみの出し方ガイドブック,https://www.city.nakatsugawa.lg.jp/material/files/group/56/guidebook1.pdf,17,https://www.city.nakatsugawa.lg.jp/soshikikarasagasu/kankyocenter/1/1/gomi/7762.html,2026-04-17,,2026-08-13,False
naka-238,nakatsugawa,中津川市,ざる類 （竹・プラスチック類）,燃えるごみ,金属製のものは、燃えないごみ。,,中津川市 ごみの出し方ガイドブック,https://www.city.nakatsugawa.lg.jp/material/files/group/56/guidebook1.pdf,17,https://www.city.nakatsugawa.lg.jp/soshikikarasagasu/kankyocenter/1/1/gomi/7762.html,2026-04-17,,2026-08-13,False
naka-239,nakatsugawa,中津川市,三角コーナー （プラスチック製）,燃えるごみ,金属製のものは、燃えないごみ。,,中津川市 ごみの出し方ガイドブック,https://www.city.nakatsugawa.lg.jp/material/files/group/56/guidebook1.pdf,17,https://www.city.nakatsugawa.lg.jp/soshikikarasagasu/kankyocenter/1/1/gomi/7762.html,2026-04-17,,2026-08-13,False
naka-240,nakatsugawa,中津川市,三角コーン,大型ごみ,プラスチック製のもので40cm以下のものであれば、燃えるごみ。,３個まで 重ねて,中津川市 ごみの出し方ガイドブック,https://www.city.nakatsugawa.lg.jp/material/files/group/56/guidebook1.pdf,17,https://www.city.nakatsugawa.lg.jp/soshikikarasagasu/kankyocenter/1/1/gomi/7762.html,2026-04-17,,2026-08-13,False
naka-241,nakatsugawa,中津川市,サングラス,燃えないごみ,プラスチック製のものは、燃えるごみ｡,,中津川市 ごみの出し方ガイドブック,https://www.city.nakatsugawa.lg.jp/material/files/group/56/guidebook1.pdf,17,https://www.city.nakatsugawa.lg.jp/soshikikarasagasu/kankyocenter/1/1/gomi/7762.html,2026-04-17,,2026-08-13,False
naka-242,nakatsugawa,中津川市,散布器（除草剤、水）,大型ごみ,家庭用の手動式のものに限る。 袋に収まるものであれば、燃えないごみ。,１個,中津川市 ごみの出し方ガイドブック,https://www.city.nakatsugawa.lg.jp/material/files/group/56/guidebook1.pdf,17,https://www.city.nakatsugawa.lg.jp/soshikikarasagasu/kankyocenter/1/1/gomi/7762.html,2026-04-17,,2026-08-13,False
naka-243,nakatsugawa,中津川市,三面鏡,大型ごみ,,１個,中津川市 ごみの出し方ガイドブック,https://www.city.nakatsugawa.lg.jp/material/files/group/56/guidebook1.pdf,17,https://www.city.nakatsugawa.lg.jp/soshikikarasagasu/kankyocenter/1/1/gomi/7762.html,2026-04-17,,2026-08-13,False
naka-244,nakatsugawa,中津川市,三輪車（幼児用）,大型ごみ,指定袋に収まるものは、燃えないごみ。,１台,中津川市 ごみの出し方ガイドブック,https://www.city.nakatsugawa.lg.jp/material/files/group/56/guidebook1.pdf,17,https://www.city.nakatsugawa.lg.jp/soshikikarasagasu/kankyocenter/1/1/gomi/7762.html,2026-04-17,,2026-08-13,False
naka-245,nakatsugawa,中津川市,ＣＤラジカセ,燃えないごみ,電気コードは切って、硬質ごみ。,,中津川市 ごみの出し方ガイドブック,https://www.city.nakatsugawa.lg.jp/material/files/group/56/guidebook1.pdf,17,https://www.city.nakatsugawa.lg.jp/soshikikarasagasu/kankyocenter/1/1/gomi/7762.html,2026-04-17,,2026-08-13,False
naka-246,nakatsugawa,中津川市,磁気健康布団,大型ごみ,中身が磁石だけのものに限る。 中に熱線が入っているも のは、引取り不可。,１枚,中津川市 ごみの出し方ガイドブック,https://www.city.nakatsugawa.lg.jp/material/files/group/56/guidebook1.pdf,17,https://www.city.nakatsugawa.lg.jp/soshikikarasagasu/kankyocenter/1/1/gomi/7762.html,2026-04-17,,2026-08-13,False
naka-247,nakatsugawa,中津川市,磁石,燃えないごみ,,,中津川市 ごみの出し方ガイドブック,https://www.city.nakatsugawa.lg.jp/material/files/group/56/guidebook1.pdf,17,https://www.city.nakatsugawa.lg.jp/soshikikarasagasu/kankyocenter/1/1/gomi/7762.html,2026-04-17,,2026-08-13,False
naka-248,nakatsugawa,中津川市,システムキッチン,引取りできないごみ,廃棄物処理業者、販売店などへ相談｡,,中津川市 ごみの出し方ガイドブック,https://www.city.nakatsugawa.lg.jp/material/files/group/56/guidebook1.pdf,17,https://www.city.nakatsugawa.lg.jp/soshikikarasagasu/kankyocenter/1/1/gomi/7762.html,2026-04-17,,2026-08-13,False
naka-249,nakatsugawa,中津川市,七輪（木炭コンロ）,燃えないごみ,,,中津川市 ごみの出し方ガイドブック,https://www.city.nakatsugawa.lg.jp/material/files/group/56/guidebook1.pdf,17,https://www.city.nakatsugawa.lg.jp/soshikikarasagasu/kankyocenter/1/1/gomi/7762.html,2026-04-17,,2026-08-13,False
naka-250,nakatsugawa,中津川市,室外・内アンテナ,燃えないごみ,指定袋に収まらないものは、大型ごみ。 電気コードは切って、硬質ごみ。,１台,中津川市 ごみの出し方ガイドブック,https://www.city.nakatsugawa.lg.jp/material/files/group/56/guidebook1.pdf,17,https://www.city.nakatsugawa.lg.jp/soshikikarasagasu/kankyocenter/1/1/gomi/7762.html,2026-04-17,,2026-08-13,False
naka-251,nakatsugawa,中津川市,自転車、電動自転車,大型ごみ,,１台,中津川市 ごみの出し方ガイドブック,https://www.city.nakatsugawa.lg.jp/material/files/group/56/guidebook1.pdf,17,https://www.city.nakatsugawa.lg.jp/soshikikarasagasu/kankyocenter/1/1/gomi/7762.html,2026-04-17,,2026-08-13,False
naka-252,nakatsugawa,中津川市,自転車空気入れ （圧力容器付）,硬質ごみ,ゴム・プラスチック類ははずして、燃えるごみ｡,,中津川市 ごみの出し方ガイドブック,https://www.city.nakatsugawa.lg.jp/material/files/group/56/guidebook1.pdf,17,https://www.city.nakatsugawa.lg.jp/soshikikarasagasu/kankyocenter/1/1/gomi/7762.html,2026-04-17,,2026-08-13,False
naka-253,nakatsugawa,中津川市,自転車のタイヤ （チューブ含む）,燃えるごみ,40cmを超えるものは、大型ごみ。 リムははずして、燃えないごみ。,１本,中津川市 ごみの出し方ガイドブック,https://www.city.nakatsugawa.lg.jp/material/files/group/56/guidebook1.pdf,17,https://www.city.nakatsugawa.lg.jp/soshikikarasagasu/kankyocenter/1/1/gomi/7762.html,2026-04-17,,2026-08-13,False
naka-254,nakatsugawa,中津川市,自動車部品,引取りできないごみ,廃棄物処理業者、販売店などへ相談｡,,中津川市 ごみの出し方ガイドブック,https://www.city.nakatsugawa.lg.jp/material/files/group/56/guidebook1.pdf,17,https://www.city.nakatsugawa.lg.jp/soshikikarasagasu/kankyocenter/1/1/gomi/7762.html,2026-04-17,,2026-08-13,False
naka-255,nakatsugawa,中津川市,芝刈り機,引取りできないごみ,手動のものであれば、大型ごみ。 電動のものは、廃棄物処理業者、販売店、農協などへ相談｡,１台,中津川市 ごみの出し方ガイドブック,https://www.city.nakatsugawa.lg.jp/material/files/group/56/guidebook1.pdf,17,https://www.city.nakatsugawa.lg.jp/soshikikarasagasu/kankyocenter/1/1/gomi/7762.html,2026-04-17,,2026-08-13,False
naka-256,nakatsugawa,中津川市,蛇口,硬質ごみ,,,中津川市 ごみの出し方ガイドブック,https://www.city.nakatsugawa.lg.jp/material/files/group/56/guidebook1.pdf,17,https://www.city.nakatsugawa.lg.jp/soshikikarasagasu/kankyocenter/1/1/gomi/7762.html,2026-04-17,,2026-08-13,False
naka-257,nakatsugawa,中津川市,ジャッキ（油圧ジャッキ）,引取りできないごみ,油圧ジャッキでないものは、燃えないごみ。,,中津川市 ごみの出し方ガイドブック,https://www.city.nakatsugawa.lg.jp/material/files/group/56/guidebook1.pdf,17,https://www.city.nakatsugawa.lg.jp/soshikikarasagasu/kankyocenter/1/1/gomi/7762.html,2026-04-17,,2026-08-13,False
naka-258,nakatsugawa,中津川市,シャベル,硬質ごみ,木製の柄の部分は、断面直径8ｃｍ以下・長さ40cm以下 であれば、燃えるごみ。,,中津川市 ごみの出し方ガイドブック,https://www.city.nakatsugawa.lg.jp/material/files/group/56/guidebook1.pdf,17,https://www.city.nakatsugawa.lg.jp/soshikikarasagasu/kankyocenter/1/1/gomi/7762.html,2026-04-17,,2026-08-13,False
naka-259,nakatsugawa,中津川市,しゃもじ,燃えるごみ,,,中津川市 ごみの出し方ガイドブック,https://www.city.nakatsugawa.lg.jp/material/files/group/56/guidebook1.pdf,17,https://www.city.nakatsugawa.lg.jp/soshikikarasagasu/kankyocenter/1/1/gomi/7762.html,2026-04-17,,2026-08-13,False
naka-260,nakatsugawa,中津川市,シャンデリア,大型ごみ,電球ははずして、燃えないごみ。,１個,中津川市 ごみの出し方ガイドブック,https://www.city.nakatsugawa.lg.jp/material/files/group/56/guidebook1.pdf,17,https://www.city.nakatsugawa.lg.jp/soshikikarasagasu/kankyocenter/1/1/gomi/7762.html,2026-04-17,,2026-08-13,False
naka-261,nakatsugawa,中津川市,ジューサー・ミキサー,燃えないごみ,電気コードは切って、硬質ごみ。 指定袋に収まらないものは、大型ごみ。,１台,中津川市 ごみの出し方ガイドブック,https://www.city.nakatsugawa.lg.jp/material/files/group/56/guidebook1.pdf,17,https://www.city.nakatsugawa.lg.jp/soshikikarasagasu/kankyocenter/1/1/gomi/7762.html,2026-04-17,,2026-08-13,False
naka-262,nakatsugawa,中津川市,ジュースケース,大型ごみ,きれいで状態の良いものは、販売店に引取りを依頼。 販売店で引取り不可の場合、引取り可。,１個,中津川市 ごみの出し方ガイドブック,https://www.city.nakatsugawa.lg.jp/material/files/group/56/guidebook1.pdf,17,https://www.city.nakatsugawa.lg.jp/soshikikarasagasu/kankyocenter/1/1/gomi/7762.html,2026-04-17,,2026-08-13,False
naka-263,nakatsugawa,中津川市,ジュースの蓋 （プラスチック製）,燃えるごみ,金属製のものは、燃えないごみ。,,中津川市 ごみの出し方ガイドブック,https://www.city.nakatsugawa.lg.jp/material/files/group/56/guidebook1.pdf,17,https://www.city.nakatsugawa.lg.jp/soshikikarasagasu/kankyocenter/1/1/gomi/7762.html,2026-04-17,,2026-08-13,False
naka-264,nakatsugawa,中津川市,絨毯（じゅうたん）,大型ごみ,40cm以下に切れば、燃えるごみ。 電気絨毯は、ホットカーペットを参照。,１枚,中津川市 ごみの出し方ガイドブック,https://www.city.nakatsugawa.lg.jp/material/files/group/56/guidebook1.pdf,17,https://www.city.nakatsugawa.lg.jp/soshikikarasagasu/kankyocenter/1/1/gomi/7762.html,2026-04-17,,2026-08-13,False
naka-265,nakatsugawa,中津川市,充電器,燃えないごみ,電気コードは切って、硬質ごみ。,,中津川市 ごみの出し方ガイドブック,https://www.city.nakatsugawa.lg.jp/material/files/group/56/guidebook1.pdf,17,https://www.city.nakatsugawa.lg.jp/soshikikarasagasu/kankyocenter/1/1/gomi/7762.html,2026-04-17,,2026-08-13,False
naka-266,nakatsugawa,中津川市,収納ケース （木・プラスチック製）,大型ごみ,,１個,中津川市 ごみの出し方ガイドブック,https://www.city.nakatsugawa.lg.jp/material/files/group/56/guidebook1.pdf,17,https://www.city.nakatsugawa.lg.jp/soshikikarasagasu/kankyocenter/1/1/gomi/7762.html,2026-04-17,,2026-08-13,False
naka-267,nakatsugawa,中津川市,重箱（木・プラスチック製）,燃えるごみ,,,中津川市 ごみの出し方ガイドブック,https://www.city.nakatsugawa.lg.jp/material/files/group/56/guidebook1.pdf,17,https://www.city.nakatsugawa.lg.jp/soshikikarasagasu/kankyocenter/1/1/gomi/7762.html,2026-04-17,,2026-08-13,False
naka-268,nakatsugawa,中津川市,ジュニアシート（車用）,燃えないごみ,指定袋に収まらないものは、大型ごみ。,１個,中津川市 ごみの出し方ガイドブック,https://www.city.nakatsugawa.lg.jp/material/files/group/56/guidebook1.pdf,17,https://www.city.nakatsugawa.lg.jp/soshikikarasagasu/kankyocenter/1/1/gomi/7762.html,2026-04-17,,2026-08-13,False
naka-269,nakatsugawa,中津川市,シュレッダー,大型ごみ,指定袋に収まるものは、燃えないごみ。,１台,中津川市 ごみの出し方ガイドブック,https://www.city.nakatsugawa.lg.jp/material/files/group/56/guidebook1.pdf,17,https://www.city.nakatsugawa.lg.jp/soshikikarasagasu/kankyocenter/1/1/gomi/7762.html,2026-04-17,,2026-08-13,False
naka-270,nakatsugawa,中津川市,除湿機,引取りできないごみ,冷媒（れいばい）・フロン等記載のあるものは、引取り不可。冷媒・ フロン等記載のないものは大型ごみ。電気コードは切って硬質ごみ。,１台,中津川市 ごみの出し方ガイドブック,https://www.city.nakatsugawa.lg.jp/material/files/group/56/guidebook1.pdf,17,https://www.city.nakatsugawa.lg.jp/soshikikarasagasu/kankyocenter/1/1/gomi/7762.html,2026-04-17,,2026-08-13,False
naka-271,nakatsugawa,中津川市,消火器,引取りできないごみ,消火器リサイクル法対象品。消火器取扱店等へ相談。,,中津川市 ごみの出し方ガイドブック,https://www.city.nakatsugawa.lg.jp/material/files/group/56/guidebook1.pdf,18,https://www.city.nakatsugawa.lg.jp/soshikikarasagasu/kankyocenter/1/1/gomi/7762.html,2026-04-17,,2026-08-13,False
naka-272,nakatsugawa,中津川市,定規（木・プラスチック製）,燃えるごみ,金属製のものは、燃えないごみ。,,中津川市 ごみの出し方ガイドブック,https://www.city.nakatsugawa.lg.jp/material/files/group/56/guidebook1.pdf,18,https://www.city.nakatsugawa.lg.jp/soshikikarasagasu/kankyocenter/1/1/gomi/7762.html,2026-04-17,,2026-08-13,False
naka-273,nakatsugawa,中津川市,将棋盤（木製）,燃えるごみ,１辺が40cm以下で厚みが8cm以下のものに限る。 上記サイズを超えるものは、大型ごみ。,１枚,中津川市 ごみの出し方ガイドブック,https://www.city.nakatsugawa.lg.jp/material/files/group/56/guidebook1.pdf,18,https://www.city.nakatsugawa.lg.jp/soshikikarasagasu/kankyocenter/1/1/gomi/7762.html,2026-04-17,,2026-08-13,False
naka-274,nakatsugawa,中津川市,焼却灰,引取りできないごみ,廃棄物処理業者へ相談｡,,中津川市 ごみの出し方ガイドブック,https://www.city.nakatsugawa.lg.jp/material/files/group/56/guidebook1.pdf,18,https://www.city.nakatsugawa.lg.jp/soshikikarasagasu/kankyocenter/1/1/gomi/7762.html,2026-04-17,,2026-08-13,False
naka-275,nakatsugawa,中津川市,障子戸,大型ごみ,,１枚,中津川市 ごみの出し方ガイドブック,https://www.city.nakatsugawa.lg.jp/material/files/group/56/guidebook1.pdf,18,https://www.city.nakatsugawa.lg.jp/soshikikarasagasu/kankyocenter/1/1/gomi/7762.html,2026-04-17,,2026-08-13,False
naka-276,nakatsugawa,中津川市,浄水器,燃えないごみ,指定袋に収まらないものは、大型ごみ。,１台,中津川市 ごみの出し方ガイドブック,https://www.city.nakatsugawa.lg.jp/material/files/group/56/guidebook1.pdf,18,https://www.city.nakatsugawa.lg.jp/soshikikarasagasu/kankyocenter/1/1/gomi/7762.html,2026-04-17,,2026-08-13,False
naka-277,nakatsugawa,中津川市,小動物の死がい,火葬,野良で餌等を与えていない小動物であれば、引取り可。敷地内で死ん でいた小動物は、事前予約の上、環境センターへ直接持ち込むこと。,,中津川市 ごみの出し方ガイドブック,https://www.city.nakatsugawa.lg.jp/material/files/group/56/guidebook1.pdf,18,https://www.city.nakatsugawa.lg.jp/soshikikarasagasu/kankyocenter/1/1/gomi/7762.html,2026-04-17,,2026-08-13,False
naka-278,nakatsugawa,中津川市,消毒器,大型ごみ,家庭用の手動式噴霧器に限る。上記以外は、廃棄物処理業 者・販売店等へ相談。,１個,中津川市 ごみの出し方ガイドブック,https://www.city.nakatsugawa.lg.jp/material/files/group/56/guidebook1.pdf,18,https://www.city.nakatsugawa.lg.jp/soshikikarasagasu/kankyocenter/1/1/gomi/7762.html,2026-04-17,,2026-08-13,False
naka-279,nakatsugawa,中津川市,照明器具 （木・プラスチック類）,燃えるごみ,電気コードは切って、硬質ごみ。 蛍光管ははずして、有害 ごみ。 金属部分ははずして、燃えないごみ｡,,中津川市 ごみの出し方ガイドブック,https://www.city.nakatsugawa.lg.jp/material/files/group/56/guidebook1.pdf,18,https://www.city.nakatsugawa.lg.jp/soshikikarasagasu/kankyocenter/1/1/gomi/7762.html,2026-04-17,,2026-08-13,False
naka-280,nakatsugawa,中津川市,じょうろ（プラスチック製）,燃えるごみ,金属製のものは、燃えないごみ。,,中津川市 ごみの出し方ガイドブック,https://www.city.nakatsugawa.lg.jp/material/files/group/56/guidebook1.pdf,18,https://www.city.nakatsugawa.lg.jp/soshikikarasagasu/kankyocenter/1/1/gomi/7762.html,2026-04-17,,2026-08-13,False
naka-281,nakatsugawa,中津川市,食品トレイ（白色）,資源となるごみ,きれいに洗って乾かして出す。汚れたもの、色のついたもの、柄のついた ものは、燃えるごみ。リサイクルＢＯＸ、スーパーなどの回収箱へ出す。,,中津川市 ごみの出し方ガイドブック,https://www.city.nakatsugawa.lg.jp/material/files/group/56/guidebook1.pdf,18,https://www.city.nakatsugawa.lg.jp/soshikikarasagasu/kankyocenter/1/1/gomi/7762.html,2026-04-17,,2026-08-13,False
naka-282,nakatsugawa,中津川市,食器洗い機・乾燥機,燃えないごみ,電気コードは切って、硬質ごみ｡ 指定袋に収まらないものは、大型ごみ。,１台,中津川市 ごみの出し方ガイドブック,https://www.city.nakatsugawa.lg.jp/material/files/group/56/guidebook1.pdf,18,https://www.city.nakatsugawa.lg.jp/soshikikarasagasu/kankyocenter/1/1/gomi/7762.html,2026-04-17,,2026-08-13,False
naka-283,nakatsugawa,中津川市,食器棚（水屋）,大型ごみ,扉・ガラス等そのままで可。最大サイズ【140ｃｍ×90ｃｍ ×200ｃｍ】を超えるものは、引取り不可。,１個,中津川市 ごみの出し方ガイドブック,https://www.city.nakatsugawa.lg.jp/material/files/group/56/guidebook1.pdf,18,https://www.city.nakatsugawa.lg.jp/soshikikarasagasu/kankyocenter/1/1/gomi/7762.html,2026-04-17,,2026-08-13,False
naka-284,nakatsugawa,中津川市,人口肛門 ( 医療器具 ),燃えるごみ,汚物は取り除くこと（。ポリ袋等に入れてから、指定袋へ。）,,中津川市 ごみの出し方ガイドブック,https://www.city.nakatsugawa.lg.jp/material/files/group/56/guidebook1.pdf,18,https://www.city.nakatsugawa.lg.jp/soshikikarasagasu/kankyocenter/1/1/gomi/7762.html,2026-04-17,,2026-08-13,False
naka-285,nakatsugawa,中津川市,人工芝,大型ごみ,土は取り除いて出す。,１巻,中津川市 ごみの出し方ガイドブック,https://www.city.nakatsugawa.lg.jp/material/files/group/56/guidebook1.pdf,18,https://www.city.nakatsugawa.lg.jp/soshikikarasagasu/kankyocenter/1/1/gomi/7762.html,2026-04-17,,2026-08-13,False
naka-286,nakatsugawa,中津川市,新聞紙,資源となるごみ,リサイクルＢＯＸ、学校等の資源回収へ出す｡,,中津川市 ごみの出し方ガイドブック,https://www.city.nakatsugawa.lg.jp/material/files/group/56/guidebook1.pdf,18,https://www.city.nakatsugawa.lg.jp/soshikikarasagasu/kankyocenter/1/1/gomi/7762.html,2026-04-17,,2026-08-13,False
naka-287,nakatsugawa,中津川市,水槽（プラスチック製）,燃えるごみ,40cmを超えるものは、大型ごみ。 ガラス製で袋に収まるものであれば、燃えないごみ。,１個,中津川市 ごみの出し方ガイドブック,https://www.city.nakatsugawa.lg.jp/material/files/group/56/guidebook1.pdf,18,https://www.city.nakatsugawa.lg.jp/soshikikarasagasu/kankyocenter/1/1/gomi/7762.html,2026-04-17,,2026-08-13,False
naka-288,nakatsugawa,中津川市,水中めがね （プラスチック製）,燃えるごみ,,,中津川市 ごみの出し方ガイドブック,https://www.city.nakatsugawa.lg.jp/material/files/group/56/guidebook1.pdf,18,https://www.city.nakatsugawa.lg.jp/soshikikarasagasu/kankyocenter/1/1/gomi/7762.html,2026-04-17,,2026-08-13,False
naka-289,nakatsugawa,中津川市,水筒（金属製）,燃えないごみ,プラスチック製のものは、燃えるごみ｡,,中津川市 ごみの出し方ガイドブック,https://www.city.nakatsugawa.lg.jp/material/files/group/56/guidebook1.pdf,18,https://www.city.nakatsugawa.lg.jp/soshikikarasagasu/kankyocenter/1/1/gomi/7762.html,2026-04-17,,2026-08-13,False
naka-290,nakatsugawa,中津川市,炊飯器,燃えないごみ,電気コードは切って、硬質ごみ。,,中津川市 ごみの出し方ガイドブック,https://www.city.nakatsugawa.lg.jp/material/files/group/56/guidebook1.pdf,18,https://www.city.nakatsugawa.lg.jp/soshikikarasagasu/kankyocenter/1/1/gomi/7762.html,2026-04-17,,2026-08-13,False
naka-291,nakatsugawa,中津川市,スーツケース,大型ごみ,40cm以下のものは、燃えるごみ。,１個,中津川市 ごみの出し方ガイドブック,https://www.city.nakatsugawa.lg.jp/material/files/group/56/guidebook1.pdf,18,https://www.city.nakatsugawa.lg.jp/soshikikarasagasu/kankyocenter/1/1/gomi/7762.html,2026-04-17,,2026-08-13,False
naka-292,nakatsugawa,中津川市,スキーキャリア,大型ごみ,,１個,中津川市 ごみの出し方ガイドブック,https://www.city.nakatsugawa.lg.jp/material/files/group/56/guidebook1.pdf,18,https://www.city.nakatsugawa.lg.jp/soshikikarasagasu/kankyocenter/1/1/gomi/7762.html,2026-04-17,,2026-08-13,False
naka-293,nakatsugawa,中津川市,スキー靴,燃えるごみ,,,中津川市 ごみの出し方ガイドブック,https://www.city.nakatsugawa.lg.jp/material/files/group/56/guidebook1.pdf,18,https://www.city.nakatsugawa.lg.jp/soshikikarasagasu/kankyocenter/1/1/gomi/7762.html,2026-04-17,,2026-08-13,False
naka-294,nakatsugawa,中津川市,スキー板,大型ごみ,スキー板２枚・ストック２本（１人分）をまとめて、シール１枚。,１人分を まとめて,中津川市 ごみの出し方ガイドブック,https://www.city.nakatsugawa.lg.jp/material/files/group/56/guidebook1.pdf,18,https://www.city.nakatsugawa.lg.jp/soshikikarasagasu/kankyocenter/1/1/gomi/7762.html,2026-04-17,,2026-08-13,False
naka-295,nakatsugawa,中津川市,スキーグローブ（手袋）,燃えるごみ,,,中津川市 ごみの出し方ガイドブック,https://www.city.nakatsugawa.lg.jp/material/files/group/56/guidebook1.pdf,18,https://www.city.nakatsugawa.lg.jp/soshikikarasagasu/kankyocenter/1/1/gomi/7762.html,2026-04-17,,2026-08-13,False
naka-296,nakatsugawa,中津川市,スキーストック,大型ごみ,スキー板を参照。,,中津川市 ごみの出し方ガイドブック,https://www.city.nakatsugawa.lg.jp/material/files/group/56/guidebook1.pdf,18,https://www.city.nakatsugawa.lg.jp/soshikikarasagasu/kankyocenter/1/1/gomi/7762.html,2026-04-17,,2026-08-13,False
naka-297,nakatsugawa,中津川市,スタンプ台 （プラスチック製）,燃えるごみ,金属製のものは、燃えないごみ。,,中津川市 ごみの出し方ガイドブック,https://www.city.nakatsugawa.lg.jp/material/files/group/56/guidebook1.pdf,18,https://www.city.nakatsugawa.lg.jp/soshikikarasagasu/kankyocenter/1/1/gomi/7762.html,2026-04-17,,2026-08-13,False
naka-298,nakatsugawa,中津川市,スケート靴,燃えないごみ,,,中津川市 ごみの出し方ガイドブック,https://www.city.nakatsugawa.lg.jp/material/files/group/56/guidebook1.pdf,18,https://www.city.nakatsugawa.lg.jp/soshikikarasagasu/kankyocenter/1/1/gomi/7762.html,2026-04-17,,2026-08-13,False
naka-299,nakatsugawa,中津川市,スケートボード,燃えるごみ,40cmを超えるものは、大型ごみ ローラーなど金属部分ははずして、燃えないごみ｡,１個,中津川市 ごみの出し方ガイドブック,https://www.city.nakatsugawa.lg.jp/material/files/group/56/guidebook1.pdf,18,https://www.city.nakatsugawa.lg.jp/soshikikarasagasu/kankyocenter/1/1/gomi/7762.html,2026-04-17,,2026-08-13,False
naka-300,nakatsugawa,中津川市,スコップ（園芸用・金属）,燃えないごみ,プラスチック製のものは、燃えるごみ｡,,中津川市 ごみの出し方ガイドブック,https://www.city.nakatsugawa.lg.jp/material/files/group/56/guidebook1.pdf,18,https://www.city.nakatsugawa.lg.jp/soshikikarasagasu/kankyocenter/1/1/gomi/7762.html,2026-04-17,,2026-08-13,False
naka-301,nakatsugawa,中津川市,硯（すずり）,燃えないごみ,,,中津川市 ごみの出し方ガイドブック,https://www.city.nakatsugawa.lg.jp/material/files/group/56/guidebook1.pdf,18,https://www.city.nakatsugawa.lg.jp/soshikikarasagasu/kankyocenter/1/1/gomi/7762.html,2026-04-17,,2026-08-13,False
naka-302,nakatsugawa,中津川市,すだれ,大型ごみ,40cm以下に切れば、燃えるごみ。,１枚,中津川市 ごみの出し方ガイドブック,https://www.city.nakatsugawa.lg.jp/material/files/group/56/guidebook1.pdf,18,https://www.city.nakatsugawa.lg.jp/soshikikarasagasu/kankyocenter/1/1/gomi/7762.html,2026-04-17,,2026-08-13,False
naka-303,nakatsugawa,中津川市,スチーム式洗浄機,燃えないごみ,電気コードは切って、硬質ごみ。 指定袋に収まらないものは、大型ごみ。,１台,中津川市 ごみの出し方ガイドブック,https://www.city.nakatsugawa.lg.jp/material/files/group/56/guidebook1.pdf,18,https://www.city.nakatsugawa.lg.jp/soshikikarasagasu/kankyocenter/1/1/gomi/7762.html,2026-04-17,,2026-08-13,False
naka-304,nakatsugawa,中津川市,ステレオ,燃えないごみ,電気コードは切って、硬質ごみ。 指定袋に収まらないものは、大型ごみ。,１セットを まとめて,中津川市 ごみの出し方ガイドブック,https://www.city.nakatsugawa.lg.jp/material/files/group/56/guidebook1.pdf,18,https://www.city.nakatsugawa.lg.jp/soshikikarasagasu/kankyocenter/1/1/gomi/7762.html,2026-04-17,,2026-08-13,False
naka-305,nakatsugawa,中津川市,ステンレスジャー,燃えないごみ,フードジャー・スープジャーなど。 プラスチック製の蓋は、燃えるごみ。,,中津川市 ごみの出し方ガイドブック,https://www.city.nakatsugawa.lg.jp/material/files/group/56/guidebook1.pdf,18,https://www.city.nakatsugawa.lg.jp/soshikikarasagasu/kankyocenter/1/1/gomi/7762.html,2026-04-17,,2026-08-13,False
naka-306,nakatsugawa,中津川市,ストーブ（石油ストーブ）,大型ごみ,灯油を空にして出す。ファンヒーターの電気コードは切って、 コードは硬質ごみ。,１台,中津川市 ごみの出し方ガイドブック,https://www.city.nakatsugawa.lg.jp/material/files/group/56/guidebook1.pdf,18,https://www.city.nakatsugawa.lg.jp/soshikikarasagasu/kankyocenter/1/1/gomi/7762.html,2026-04-17,,2026-08-13,False
naka-307,nakatsugawa,中津川市,ストーブ（電気ストーブ）,燃えないごみ,電気コードを切って、コードは硬質ごみ。指定袋に収まら ないものは、大型ごみ。,１台,中津川市 ごみの出し方ガイドブック,https://www.city.nakatsugawa.lg.jp/material/files/group/56/guidebook1.pdf,18,https://www.city.nakatsugawa.lg.jp/soshikikarasagasu/kankyocenter/1/1/gomi/7762.html,2026-04-17,,2026-08-13,False
naka-308,nakatsugawa,中津川市,砂,引取りできないごみ,廃棄物処理業者へ相談｡,,中津川市 ごみの出し方ガイドブック,https://www.city.nakatsugawa.lg.jp/material/files/group/56/guidebook1.pdf,18,https://www.city.nakatsugawa.lg.jp/soshikikarasagasu/kankyocenter/1/1/gomi/7762.html,2026-04-17,,2026-08-13,False
naka-309,nakatsugawa,中津川市,スノーボード,大型ごみ,,１枚,中津川市 ごみの出し方ガイドブック,https://www.city.nakatsugawa.lg.jp/material/files/group/56/guidebook1.pdf,18,https://www.city.nakatsugawa.lg.jp/soshikikarasagasu/kankyocenter/1/1/gomi/7762.html,2026-04-17,,2026-08-13,False
naka-310,nakatsugawa,中津川市,すのこ （木・プラスチック類）,大型ごみ,40cm以下に切れば、燃えるごみ。,２枚まで 束ねて,中津川市 ごみの出し方ガイドブック,https://www.city.nakatsugawa.lg.jp/material/files/group/56/guidebook1.pdf,18,https://www.city.nakatsugawa.lg.jp/soshikikarasagasu/kankyocenter/1/1/gomi/7762.html,2026-04-17,,2026-08-13,False
naka-311,nakatsugawa,中津川市,スピーカー,燃えないごみ,電気コードは切って、硬質ごみ。 指定袋に収まらないものは、大型ごみ。,１組,中津川市 ごみの出し方ガイドブック,https://www.city.nakatsugawa.lg.jp/material/files/group/56/guidebook1.pdf,18,https://www.city.nakatsugawa.lg.jp/soshikikarasagasu/kankyocenter/1/1/gomi/7762.html,2026-04-17,,2026-08-13,False
naka-312,nakatsugawa,中津川市,スプーン,燃えないごみ,木製・プラスチック製のものは、燃えるごみ。,,中津川市 ごみの出し方ガイドブック,https://www.city.nakatsugawa.lg.jp/material/files/group/56/guidebook1.pdf,18,https://www.city.nakatsugawa.lg.jp/soshikikarasagasu/kankyocenter/1/1/gomi/7762.html,2026-04-17,,2026-08-13,False
naka-313,nakatsugawa,中津川市,スプレー缶,有害ごみ,使い切ったあと、必ず穴を開ける。,,中津川市 ごみの出し方ガイドブック,https://www.city.nakatsugawa.lg.jp/material/files/group/56/guidebook1.pdf,18,https://www.city.nakatsugawa.lg.jp/soshikikarasagasu/kankyocenter/1/1/gomi/7762.html,2026-04-17,,2026-08-13,False
naka-314,nakatsugawa,中津川市,スベリ台,大型ごみ,最大サイズ【140cm×90cm×200cm】を超えるもの は、引取り不可。,１台,中津川市 ごみの出し方ガイドブック,https://www.city.nakatsugawa.lg.jp/material/files/group/56/guidebook1.pdf,18,https://www.city.nakatsugawa.lg.jp/soshikikarasagasu/kankyocenter/1/1/gomi/7762.html,2026-04-17,,2026-08-13,False
naka-315,nakatsugawa,中津川市,スポンジマットレス,大型ごみ,40cm以下に切れば、燃えるごみ。,１枚,中津川市 ごみの出し方ガイドブック,https://www.city.nakatsugawa.lg.jp/material/files/group/56/guidebook1.pdf,18,https://www.city.nakatsugawa.lg.jp/soshikikarasagasu/kankyocenter/1/1/gomi/7762.html,2026-04-17,,2026-08-13,False
naka-316,nakatsugawa,中津川市,ズボンプレッサー,燃えないごみ,電気コードは切って、硬質ごみ。 指定袋に収まらないものは、大型ごみ。,１台,中津川市 ごみの出し方ガイドブック,https://www.city.nakatsugawa.lg.jp/material/files/group/56/guidebook1.pdf,18,https://www.city.nakatsugawa.lg.jp/soshikikarasagasu/kankyocenter/1/1/gomi/7762.html,2026-04-17,,2026-08-13,False
naka-317,nakatsugawa,中津川市,スリッパ,燃えるごみ,,,中津川市 ごみの出し方ガイドブック,https://www.city.nakatsugawa.lg.jp/material/files/group/56/guidebook1.pdf,18,https://www.city.nakatsugawa.lg.jp/soshikikarasagasu/kankyocenter/1/1/gomi/7762.html,2026-04-17,,2026-08-13,False
naka-318,nakatsugawa,中津川市,すり鉢,燃えないごみ,,,中津川市 ごみの出し方ガイドブック,https://www.city.nakatsugawa.lg.jp/material/files/group/56/guidebook1.pdf,18,https://www.city.nakatsugawa.lg.jp/soshikikarasagasu/kankyocenter/1/1/gomi/7762.html,2026-04-17,,2026-08-13,False
naka-319,nakatsugawa,中津川市,スレート,引取りできないごみ,屋根や外装に使う石質の薄い板。 廃棄物処理業者、販売店などへ相談｡,,中津川市 ごみの出し方ガイドブック,https://www.city.nakatsugawa.lg.jp/material/files/group/56/guidebook1.pdf,18,https://www.city.nakatsugawa.lg.jp/soshikikarasagasu/kankyocenter/1/1/gomi/7762.html,2026-04-17,,2026-08-13,False
naka-320,nakatsugawa,中津川市,スロット台,引取りできないごみ,販売店や処理業者などへ相談。業務用ではない形状（家庭用のもの）に 限り、可能な限り分解すれば、大型ごみ（ただし、直接搬入に限る）。,,中津川市 ごみの出し方ガイドブック,https://www.city.nakatsugawa.lg.jp/material/files/group/56/guidebook1.pdf,18,https://www.city.nakatsugawa.lg.jp/soshikikarasagasu/kankyocenter/1/1/gomi/7762.html,2026-04-17,,2026-08-13,False
naka-321,nakatsugawa,中津川市,精米機,大型ごみ,家庭用で卓上で使用するものであれば、燃えないごみ。 電気コードは切って、硬質ごみ｡,１個,中津川市 ごみの出し方ガイドブック,https://www.city.nakatsugawa.lg.jp/material/files/group/56/guidebook1.pdf,18,https://www.city.nakatsugawa.lg.jp/soshikikarasagasu/kankyocenter/1/1/gomi/7762.html,2026-04-17,,2026-08-13,False
naka-322,nakatsugawa,中津川市,整理棚,大型ごみ,,１個,中津川市 ごみの出し方ガイドブック,https://www.city.nakatsugawa.lg.jp/material/files/group/56/guidebook1.pdf,18,https://www.city.nakatsugawa.lg.jp/soshikikarasagasu/kankyocenter/1/1/gomi/7762.html,2026-04-17,,2026-08-13,False
naka-323,nakatsugawa,中津川市,石灰,引取りできないごみ,廃棄物処理業者、販売店などへ相談｡,,中津川市 ごみの出し方ガイドブック,https://www.city.nakatsugawa.lg.jp/material/files/group/56/guidebook1.pdf,18,https://www.city.nakatsugawa.lg.jp/soshikikarasagasu/kankyocenter/1/1/gomi/7762.html,2026-04-17,,2026-08-13,False
naka-324,nakatsugawa,中津川市,石鹸,燃えるごみ,液体石鹸は、引取り不可。布に少しづつ染み込ませ、完全に 乾かしてから出すものは可。,,中津川市 ごみの出し方ガイドブック,https://www.city.nakatsugawa.lg.jp/material/files/group/56/guidebook1.pdf,18,https://www.city.nakatsugawa.lg.jp/soshikikarasagasu/kankyocenter/1/1/gomi/7762.html,2026-04-17,,2026-08-13,False
naka-325,nakatsugawa,中津川市,石膏ボード,引取りできないごみ,廃棄物処理業者、販売店などへ相談｡,,中津川市 ごみの出し方ガイドブック,https://www.city.nakatsugawa.lg.jp/material/files/group/56/guidebook1.pdf,19,https://www.city.nakatsugawa.lg.jp/soshikikarasagasu/kankyocenter/1/1/gomi/7762.html,2026-04-17,,2026-08-13,False
naka-326,nakatsugawa,中津川市,接着剤のチューブ・外箱,燃えるごみ,中身を使い切って出す。金属製のものは、燃えないごみ。,,中津川市 ごみの出し方ガイドブック,https://www.city.nakatsugawa.lg.jp/material/files/group/56/guidebook1.pdf,19,https://www.city.nakatsugawa.lg.jp/soshikikarasagasu/kankyocenter/1/1/gomi/7762.html,2026-04-17,,2026-08-13,False
naka-327,nakatsugawa,中津川市,セメント,引取りできないごみ,廃棄物処理業者、販売店などへ相談｡,,中津川市 ごみの出し方ガイドブック,https://www.city.nakatsugawa.lg.jp/material/files/group/56/guidebook1.pdf,19,https://www.city.nakatsugawa.lg.jp/soshikikarasagasu/kankyocenter/1/1/gomi/7762.html,2026-04-17,,2026-08-13,False
naka-328,nakatsugawa,中津川市,セラミックファンヒーター,燃えないごみ,電気コードは切って、硬質ごみ。 指定袋に収まらないものは、大型ごみ。,１台,中津川市 ごみの出し方ガイドブック,https://www.city.nakatsugawa.lg.jp/material/files/group/56/guidebook1.pdf,19,https://www.city.nakatsugawa.lg.jp/soshikikarasagasu/kankyocenter/1/1/gomi/7762.html,2026-04-17,,2026-08-13,False
naka-329,nakatsugawa,中津川市,扇子,燃えるごみ,,,中津川市 ごみの出し方ガイドブック,https://www.city.nakatsugawa.lg.jp/material/files/group/56/guidebook1.pdf,19,https://www.city.nakatsugawa.lg.jp/soshikikarasagasu/kankyocenter/1/1/gomi/7762.html,2026-04-17,,2026-08-13,False
naka-330,nakatsugawa,中津川市,洗濯機,リサイクル法対象品,家電リサイクル法対象品。17ページ参照。,,中津川市 ごみの出し方ガイドブック,https://www.city.nakatsugawa.lg.jp/material/files/group/56/guidebook1.pdf,19,https://www.city.nakatsugawa.lg.jp/soshikikarasagasu/kankyocenter/1/1/gomi/7762.html,2026-04-17,,2026-08-13,False
naka-331,nakatsugawa,中津川市,洗濯ばさみ （プラスチック製）,燃えるごみ,金属製のものや金属部分は、燃えないごみ。,,中津川市 ごみの出し方ガイドブック,https://www.city.nakatsugawa.lg.jp/material/files/group/56/guidebook1.pdf,19,https://www.city.nakatsugawa.lg.jp/soshikikarasagasu/kankyocenter/1/1/gomi/7762.html,2026-04-17,,2026-08-13,False
naka-332,nakatsugawa,中津川市,剪定枝、草、枯葉、 栗のイガ,燃えるごみ,40cm以下にして出す「。木くず・木片（」27ページ）を参照。,,中津川市 ごみの出し方ガイドブック,https://www.city.nakatsugawa.lg.jp/material/files/group/56/guidebook1.pdf,19,https://www.city.nakatsugawa.lg.jp/soshikikarasagasu/kankyocenter/1/1/gomi/7762.html,2026-04-17,,2026-08-13,False
naka-333,nakatsugawa,中津川市,剪定ばさみ,燃えないごみ,刃先部分を紙などで包んで出す。刃と柄を分別できない場合 は、燃えないごみ。指定袋に収まらないものは、大型ごみ。,１本,中津川市 ごみの出し方ガイドブック,https://www.city.nakatsugawa.lg.jp/material/files/group/56/guidebook1.pdf,19,https://www.city.nakatsugawa.lg.jp/soshikikarasagasu/kankyocenter/1/1/gomi/7762.html,2026-04-17,,2026-08-13,False
naka-334,nakatsugawa,中津川市,栓抜き,燃えないごみ,,,中津川市 ごみの出し方ガイドブック,https://www.city.nakatsugawa.lg.jp/material/files/group/56/guidebook1.pdf,19,https://www.city.nakatsugawa.lg.jp/soshikikarasagasu/kankyocenter/1/1/gomi/7762.html,2026-04-17,,2026-08-13,False
naka-335,nakatsugawa,中津川市,扇風機,燃えないごみ,電気コードは切って、硬質ごみ。 指定袋に収まらないものは、大型ごみ。,１台,中津川市 ごみの出し方ガイドブック,https://www.city.nakatsugawa.lg.jp/material/files/group/56/guidebook1.pdf,19,https://www.city.nakatsugawa.lg.jp/soshikikarasagasu/kankyocenter/1/1/gomi/7762.html,2026-04-17,,2026-08-13,False
naka-336,nakatsugawa,中津川市,洗面器（プラスチック製）,燃えるごみ,金属製のものは、燃えないごみ。 指定袋に収まらないものは、大型ごみ。,１個,中津川市 ごみの出し方ガイドブック,https://www.city.nakatsugawa.lg.jp/material/files/group/56/guidebook1.pdf,19,https://www.city.nakatsugawa.lg.jp/soshikikarasagasu/kankyocenter/1/1/gomi/7762.html,2026-04-17,,2026-08-13,False
naka-337,nakatsugawa,中津川市,洗面台,大型ごみ,,１台,中津川市 ごみの出し方ガイドブック,https://www.city.nakatsugawa.lg.jp/material/files/group/56/guidebook1.pdf,19,https://www.city.nakatsugawa.lg.jp/soshikikarasagasu/kankyocenter/1/1/gomi/7762.html,2026-04-17,,2026-08-13,False
naka-338,nakatsugawa,中津川市,双眼鏡,燃えないごみ,,,中津川市 ごみの出し方ガイドブック,https://www.city.nakatsugawa.lg.jp/material/files/group/56/guidebook1.pdf,19,https://www.city.nakatsugawa.lg.jp/soshikikarasagasu/kankyocenter/1/1/gomi/7762.html,2026-04-17,,2026-08-13,False
naka-339,nakatsugawa,中津川市,掃除機,燃えないごみ,電気コードは切って、硬質ごみ。 指定袋に収まらないものは、大型ごみ。,１台,中津川市 ごみの出し方ガイドブック,https://www.city.nakatsugawa.lg.jp/material/files/group/56/guidebook1.pdf,19,https://www.city.nakatsugawa.lg.jp/soshikikarasagasu/kankyocenter/1/1/gomi/7762.html,2026-04-17,,2026-08-13,False
naka-340,nakatsugawa,中津川市,ソファ,大型ごみ,,１台,中津川市 ごみの出し方ガイドブック,https://www.city.nakatsugawa.lg.jp/material/files/group/56/guidebook1.pdf,19,https://www.city.nakatsugawa.lg.jp/soshikikarasagasu/kankyocenter/1/1/gomi/7762.html,2026-04-17,,2026-08-13,False
naka-341,nakatsugawa,中津川市,ソリ（子供用玩具）,燃えるごみ,40cmを超えるものは、大型ごみ,１個,中津川市 ごみの出し方ガイドブック,https://www.city.nakatsugawa.lg.jp/material/files/group/56/guidebook1.pdf,19,https://www.city.nakatsugawa.lg.jp/soshikikarasagasu/kankyocenter/1/1/gomi/7762.html,2026-04-17,,2026-08-13,False
naka-342,nakatsugawa,中津川市,そろばん,燃えるごみ,,,中津川市 ごみの出し方ガイドブック,https://www.city.nakatsugawa.lg.jp/material/files/group/56/guidebook1.pdf,19,https://www.city.nakatsugawa.lg.jp/soshikikarasagasu/kankyocenter/1/1/gomi/7762.html,2026-04-17,,2026-08-13,False
naka-343,nakatsugawa,中津川市,体温計,燃えないごみ,電池ははずして、有害ごみ｡水銀式のものは、有害ごみ。,,中津川市 ごみの出し方ガイドブック,https://www.city.nakatsugawa.lg.jp/material/files/group/56/guidebook1.pdf,19,https://www.city.nakatsugawa.lg.jp/soshikikarasagasu/kankyocenter/1/1/gomi/7762.html,2026-04-17,,2026-08-13,False
naka-344,nakatsugawa,中津川市,台車,大型ごみ,,１台,中津川市 ごみの出し方ガイドブック,https://www.city.nakatsugawa.lg.jp/material/files/group/56/guidebook1.pdf,19,https://www.city.nakatsugawa.lg.jp/soshikikarasagasu/kankyocenter/1/1/gomi/7762.html,2026-04-17,,2026-08-13,False
naka-345,nakatsugawa,中津川市,体重計・ヘルスメーター,燃えないごみ,電池を使用しているものは、電池ははずして、有害ごみ。,,中津川市 ごみの出し方ガイドブック,https://www.city.nakatsugawa.lg.jp/material/files/group/56/guidebook1.pdf,19,https://www.city.nakatsugawa.lg.jp/soshikikarasagasu/kankyocenter/1/1/gomi/7762.html,2026-04-17,,2026-08-13,False
naka-346,nakatsugawa,中津川市,耐熱ガラス,燃えないごみ,中身が見える状態で出す。,,中津川市 ごみの出し方ガイドブック,https://www.city.nakatsugawa.lg.jp/material/files/group/56/guidebook1.pdf,19,https://www.city.nakatsugawa.lg.jp/soshikikarasagasu/kankyocenter/1/1/gomi/7762.html,2026-04-17,,2026-08-13,False
naka-347,nakatsugawa,中津川市,タイヤ（一輪車（運搬）用）,燃えないごみ,自動車・バイクのタイヤは、引取り不可のため、廃棄物処理 業者、販売店などへ相談。,,中津川市 ごみの出し方ガイドブック,https://www.city.nakatsugawa.lg.jp/material/files/group/56/guidebook1.pdf,19,https://www.city.nakatsugawa.lg.jp/soshikikarasagasu/kankyocenter/1/1/gomi/7762.html,2026-04-17,,2026-08-13,False
naka-348,nakatsugawa,中津川市,タイヤチェーン（金属）,硬質ごみ,ゴム製のものは金属を取り除き、40cm以下にして、燃えるごみ。,,中津川市 ごみの出し方ガイドブック,https://www.city.nakatsugawa.lg.jp/material/files/group/56/guidebook1.pdf,19,https://www.city.nakatsugawa.lg.jp/soshikikarasagasu/kankyocenter/1/1/gomi/7762.html,2026-04-17,,2026-08-13,False
naka-349,nakatsugawa,中津川市,タイヤホイール,引取りできないごみ,廃棄物処理業者、販売店などへ相談｡,,中津川市 ごみの出し方ガイドブック,https://www.city.nakatsugawa.lg.jp/material/files/group/56/guidebook1.pdf,19,https://www.city.nakatsugawa.lg.jp/soshikikarasagasu/kankyocenter/1/1/gomi/7762.html,2026-04-17,,2026-08-13,False
naka-350,nakatsugawa,中津川市,太陽光パネル,引取りできないごみ,設置業者、販売店などへ相談｡,,中津川市 ごみの出し方ガイドブック,https://www.city.nakatsugawa.lg.jp/material/files/group/56/guidebook1.pdf,19,https://www.city.nakatsugawa.lg.jp/soshikikarasagasu/kankyocenter/1/1/gomi/7762.html,2026-04-17,,2026-08-13,False
naka-351,nakatsugawa,中津川市,タイル,引取りできないごみ,廃棄物処理業者、販売店などへ相談｡,,中津川市 ごみの出し方ガイドブック,https://www.city.nakatsugawa.lg.jp/material/files/group/56/guidebook1.pdf,19,https://www.city.nakatsugawa.lg.jp/soshikikarasagasu/kankyocenter/1/1/gomi/7762.html,2026-04-17,,2026-08-13,False
naka-352,nakatsugawa,中津川市,高枝ばさみ,大型ごみ,,１本,中津川市 ごみの出し方ガイドブック,https://www.city.nakatsugawa.lg.jp/material/files/group/56/guidebook1.pdf,19,https://www.city.nakatsugawa.lg.jp/soshikikarasagasu/kankyocenter/1/1/gomi/7762.html,2026-04-17,,2026-08-13,False
naka-353,nakatsugawa,中津川市,竹,燃えるごみ,40cm以下に切って出す。「木くず・木片」（27ページ）を参照。,,中津川市 ごみの出し方ガイドブック,https://www.city.nakatsugawa.lg.jp/material/files/group/56/guidebook1.pdf,19,https://www.city.nakatsugawa.lg.jp/soshikikarasagasu/kankyocenter/1/1/gomi/7762.html,2026-04-17,,2026-08-13,False
naka-354,nakatsugawa,中津川市,畳,大型ごみ,,１枚,中津川市 ごみの出し方ガイドブック,https://www.city.nakatsugawa.lg.jp/material/files/group/56/guidebook1.pdf,19,https://www.city.nakatsugawa.lg.jp/soshikikarasagasu/kankyocenter/1/1/gomi/7762.html,2026-04-17,,2026-08-13,False
naka-355,nakatsugawa,中津川市,裁ち板,大型ごみ,最大サイズ【140cm×90cm×200cm】を超えるもの は、引取り不可。（板の厚みは10cm以下）,１枚,中津川市 ごみの出し方ガイドブック,https://www.city.nakatsugawa.lg.jp/material/files/group/56/guidebook1.pdf,19,https://www.city.nakatsugawa.lg.jp/soshikikarasagasu/kankyocenter/1/1/gomi/7762.html,2026-04-17,,2026-08-13,False
naka-356,nakatsugawa,中津川市,卓球台,大型ごみ,最大サイズ【140cm×90cm×200cm】を超えるもの は、引取り不可。,１台,中津川市 ごみの出し方ガイドブック,https://www.city.nakatsugawa.lg.jp/material/files/group/56/guidebook1.pdf,19,https://www.city.nakatsugawa.lg.jp/soshikikarasagasu/kankyocenter/1/1/gomi/7762.html,2026-04-17,,2026-08-13,False
naka-357,nakatsugawa,中津川市,脱穀機,引取りできないごみ,廃棄物処理業者、販売店などへ相談｡木製のものは厚み10cm 以内に割り、長さ１ｍ以内とすれば大型ごみで出せる。,１台,中津川市 ごみの出し方ガイドブック,https://www.city.nakatsugawa.lg.jp/material/files/group/56/guidebook1.pdf,19,https://www.city.nakatsugawa.lg.jp/soshikikarasagasu/kankyocenter/1/1/gomi/7762.html,2026-04-17,,2026-08-13,False
naka-358,nakatsugawa,中津川市,脱臭剤,燃えるごみ,,,中津川市 ごみの出し方ガイドブック,https://www.city.nakatsugawa.lg.jp/material/files/group/56/guidebook1.pdf,19,https://www.city.nakatsugawa.lg.jp/soshikikarasagasu/kankyocenter/1/1/gomi/7762.html,2026-04-17,,2026-08-13,False
naka-359,nakatsugawa,中津川市,煙草,燃えるごみ,電子タバコ本体は、有害ごみ。,,中津川市 ごみの出し方ガイドブック,https://www.city.nakatsugawa.lg.jp/material/files/group/56/guidebook1.pdf,19,https://www.city.nakatsugawa.lg.jp/soshikikarasagasu/kankyocenter/1/1/gomi/7762.html,2026-04-17,,2026-08-13,False
naka-360,nakatsugawa,中津川市,タブレット端末,燃えないごみ,情報漏えいが心配な方は販売店へ相談。,,中津川市 ごみの出し方ガイドブック,https://www.city.nakatsugawa.lg.jp/material/files/group/56/guidebook1.pdf,19,https://www.city.nakatsugawa.lg.jp/soshikikarasagasu/kankyocenter/1/1/gomi/7762.html,2026-04-17,,2026-08-13,False
naka-361,nakatsugawa,中津川市,卵パックケース （紙・プラスチック）,燃えるごみ,できるだけ小売店にあるリサイクルＢＯＸなどに出す。,,中津川市 ごみの出し方ガイドブック,https://www.city.nakatsugawa.lg.jp/material/files/group/56/guidebook1.pdf,19,https://www.city.nakatsugawa.lg.jp/soshikikarasagasu/kankyocenter/1/1/gomi/7762.html,2026-04-17,,2026-08-13,False
naka-362,nakatsugawa,中津川市,樽（たる）,大型ごみ,40cm以下に切れば、燃えるごみ｡,１個,中津川市 ごみの出し方ガイドブック,https://www.city.nakatsugawa.lg.jp/material/files/group/56/guidebook1.pdf,19,https://www.city.nakatsugawa.lg.jp/soshikikarasagasu/kankyocenter/1/1/gomi/7762.html,2026-04-17,,2026-08-13,False
naka-363,nakatsugawa,中津川市,達磨（だるま）,燃えるごみ,,,中津川市 ごみの出し方ガイドブック,https://www.city.nakatsugawa.lg.jp/material/files/group/56/guidebook1.pdf,19,https://www.city.nakatsugawa.lg.jp/soshikikarasagasu/kankyocenter/1/1/gomi/7762.html,2026-04-17,,2026-08-13,False
naka-364,nakatsugawa,中津川市,たわし類,燃えるごみ,金属製のものは、燃えないごみ。,,中津川市 ごみの出し方ガイドブック,https://www.city.nakatsugawa.lg.jp/material/files/group/56/guidebook1.pdf,19,https://www.city.nakatsugawa.lg.jp/soshikikarasagasu/kankyocenter/1/1/gomi/7762.html,2026-04-17,,2026-08-13,False
naka-365,nakatsugawa,中津川市,箪笥（たんす）,大型ごみ,最大サイズ【140cm×90cm×200cm】を超えるもの は、引取り不可。,１本,中津川市 ごみの出し方ガイドブック,https://www.city.nakatsugawa.lg.jp/material/files/group/56/guidebook1.pdf,19,https://www.city.nakatsugawa.lg.jp/soshikikarasagasu/kankyocenter/1/1/gomi/7762.html,2026-04-17,,2026-08-13,False
naka-366,nakatsugawa,中津川市,断熱材,引取りできないごみ,廃棄物処理業者、販売店などへ相談｡,,中津川市 ごみの出し方ガイドブック,https://www.city.nakatsugawa.lg.jp/material/files/group/56/guidebook1.pdf,19,https://www.city.nakatsugawa.lg.jp/soshikikarasagasu/kankyocenter/1/1/gomi/7762.html,2026-04-17,,2026-08-13,False
naka-367,nakatsugawa,中津川市,ダンボール,資源となるごみ,束ねてリサイクルＢＯＸ、学校等の資源回収へ出す｡,,中津川市 ごみの出し方ガイドブック,https://www.city.nakatsugawa.lg.jp/material/files/group/56/guidebook1.pdf,19,https://www.city.nakatsugawa.lg.jp/soshikikarasagasu/kankyocenter/1/1/gomi/7762.html,2026-04-17,,2026-08-13,False
naka-368,nakatsugawa,中津川市,チェーンソー,引取りできないごみ,エンジンのついたものは取扱いできないため、廃棄物処理 業者、販売店などへ相談｡電動のものは、燃えないごみ。,,中津川市 ごみの出し方ガイドブック,https://www.city.nakatsugawa.lg.jp/material/files/group/56/guidebook1.pdf,19,https://www.city.nakatsugawa.lg.jp/soshikikarasagasu/kankyocenter/1/1/gomi/7762.html,2026-04-17,,2026-08-13,False
naka-369,nakatsugawa,中津川市,チャイルドシート,大型ごみ,金具ははずして、燃えないごみ｡,１個,中津川市 ごみの出し方ガイドブック,https://www.city.nakatsugawa.lg.jp/material/files/group/56/guidebook1.pdf,19,https://www.city.nakatsugawa.lg.jp/soshikikarasagasu/kankyocenter/1/1/gomi/7762.html,2026-04-17,,2026-08-13,False
naka-370,nakatsugawa,中津川市,茶器,燃えないごみ,,,中津川市 ごみの出し方ガイドブック,https://www.city.nakatsugawa.lg.jp/material/files/group/56/guidebook1.pdf,19,https://www.city.nakatsugawa.lg.jp/soshikikarasagasu/kankyocenter/1/1/gomi/7762.html,2026-04-17,,2026-08-13,False
naka-371,nakatsugawa,中津川市,注射器（医療）,引取りできないごみ,病院へ相談｡,,中津川市 ごみの出し方ガイドブック,https://www.city.nakatsugawa.lg.jp/material/files/group/56/guidebook1.pdf,19,https://www.city.nakatsugawa.lg.jp/soshikikarasagasu/kankyocenter/1/1/gomi/7762.html,2026-04-17,,2026-08-13,False
naka-372,nakatsugawa,中津川市,注射針（医療）,引取りできないごみ,病院へ相談｡,,中津川市 ごみの出し方ガイドブック,https://www.city.nakatsugawa.lg.jp/material/files/group/56/guidebook1.pdf,19,https://www.city.nakatsugawa.lg.jp/soshikikarasagasu/kankyocenter/1/1/gomi/7762.html,2026-04-17,,2026-08-13,False
naka-373,nakatsugawa,中津川市,チューナー,燃えないごみ,電気コード類は切って、硬質ごみ。,,中津川市 ごみの出し方ガイドブック,https://www.city.nakatsugawa.lg.jp/material/files/group/56/guidebook1.pdf,19,https://www.city.nakatsugawa.lg.jp/soshikikarasagasu/kankyocenter/1/1/gomi/7762.html,2026-04-17,,2026-08-13,False
naka-374,nakatsugawa,中津川市,提灯（針金製）,燃えないごみ,竹・紙・プラスチックのみのものは、燃えるごみ。,,中津川市 ごみの出し方ガイドブック,https://www.city.nakatsugawa.lg.jp/material/files/group/56/guidebook1.pdf,19,https://www.city.nakatsugawa.lg.jp/soshikikarasagasu/kankyocenter/1/1/gomi/7762.html,2026-04-17,,2026-08-13,False
naka-375,nakatsugawa,中津川市,調味料の容器 （紙・プラスチック製）,燃えるごみ,,,中津川市 ごみの出し方ガイドブック,https://www.city.nakatsugawa.lg.jp/material/files/group/56/guidebook1.pdf,19,https://www.city.nakatsugawa.lg.jp/soshikikarasagasu/kankyocenter/1/1/gomi/7762.html,2026-04-17,,2026-08-13,False
naka-376,nakatsugawa,中津川市,チラシ（広告）,資源となるごみ,リサイクルＢＯＸ、学校等の資源回収へ出す｡,,中津川市 ごみの出し方ガイドブック,https://www.city.nakatsugawa.lg.jp/material/files/group/56/guidebook1.pdf,19,https://www.city.nakatsugawa.lg.jp/soshikikarasagasu/kankyocenter/1/1/gomi/7762.html,2026-04-17,,2026-08-13,False
naka-377,nakatsugawa,中津川市,使い捨てカイロ,燃えるごみ,使用済みのものに限る。,,中津川市 ごみの出し方ガイドブック,https://www.city.nakatsugawa.lg.jp/material/files/group/56/guidebook1.pdf,19,https://www.city.nakatsugawa.lg.jp/soshikikarasagasu/kankyocenter/1/1/gomi/7762.html,2026-04-17,,2026-08-13,False
naka-378,nakatsugawa,中津川市,机,大型ごみ,,１台,中津川市 ごみの出し方ガイドブック,https://www.city.nakatsugawa.lg.jp/material/files/group/56/guidebook1.pdf,19,https://www.city.nakatsugawa.lg.jp/soshikikarasagasu/kankyocenter/1/1/gomi/7762.html,2026-04-17,,2026-08-13,False
naka-379,nakatsugawa,中津川市,漬物用重石,引取りできないごみ,プラスチック製で水を入れて使用するものであれば、燃え るごみ。廃棄物処理業者、販売店などへ相談｡,,中津川市 ごみの出し方ガイドブック,https://www.city.nakatsugawa.lg.jp/material/files/group/56/guidebook1.pdf,20,https://www.city.nakatsugawa.lg.jp/soshikikarasagasu/kankyocenter/1/1/gomi/7762.html,2026-04-17,,2026-08-13,False
naka-380,nakatsugawa,中津川市,土,引取りできないごみ,廃棄物処理業者へ相談｡,,中津川市 ごみの出し方ガイドブック,https://www.city.nakatsugawa.lg.jp/material/files/group/56/guidebook1.pdf,20,https://www.city.nakatsugawa.lg.jp/soshikikarasagasu/kankyocenter/1/1/gomi/7762.html,2026-04-17,,2026-08-13,False
naka-381,nakatsugawa,中津川市,突っ張り棒 （プラスチック製）,燃えるごみ,40cmを超えるものは、大型ごみ。 金属製のものは、燃えないごみ。,３本まで 束ねて,中津川市 ごみの出し方ガイドブック,https://www.city.nakatsugawa.lg.jp/material/files/group/56/guidebook1.pdf,20,https://www.city.nakatsugawa.lg.jp/soshikikarasagasu/kankyocenter/1/1/gomi/7762.html,2026-04-17,,2026-08-13,False
naka-382,nakatsugawa,中津川市,積木 （木・プラスチック製）,燃えるごみ,,,中津川市 ごみの出し方ガイドブック,https://www.city.nakatsugawa.lg.jp/material/files/group/56/guidebook1.pdf,20,https://www.city.nakatsugawa.lg.jp/soshikikarasagasu/kankyocenter/1/1/gomi/7762.html,2026-04-17,,2026-08-13,False
naka-383,nakatsugawa,中津川市,爪切り,燃えないごみ,プラスチックのカバーがついている場合ははずして、燃えるごみ。,,中津川市 ごみの出し方ガイドブック,https://www.city.nakatsugawa.lg.jp/material/files/group/56/guidebook1.pdf,20,https://www.city.nakatsugawa.lg.jp/soshikikarasagasu/kankyocenter/1/1/gomi/7762.html,2026-04-17,,2026-08-13,False
naka-384,nakatsugawa,中津川市,釣竿 （竹製・カーボン製）,燃えるごみ,40cmを超えるものは、大型ごみ。,２本まで 束ねて,中津川市 ごみの出し方ガイドブック,https://www.city.nakatsugawa.lg.jp/material/files/group/56/guidebook1.pdf,20,https://www.city.nakatsugawa.lg.jp/soshikikarasagasu/kankyocenter/1/1/gomi/7762.html,2026-04-17,,2026-08-13,False
naka-385,nakatsugawa,中津川市,釣りリール,燃えないごみ,,,中津川市 ごみの出し方ガイドブック,https://www.city.nakatsugawa.lg.jp/material/files/group/56/guidebook1.pdf,20,https://www.city.nakatsugawa.lg.jp/soshikikarasagasu/kankyocenter/1/1/gomi/7762.html,2026-04-17,,2026-08-13,False
naka-386,nakatsugawa,中津川市,テープカッター,燃えないごみ,重石が入っていないプラスチック製のものは、燃えるごみ。,,中津川市 ごみの出し方ガイドブック,https://www.city.nakatsugawa.lg.jp/material/files/group/56/guidebook1.pdf,20,https://www.city.nakatsugawa.lg.jp/soshikikarasagasu/kankyocenter/1/1/gomi/7762.html,2026-04-17,,2026-08-13,False
naka-387,nakatsugawa,中津川市,テーブル,大型ごみ,,１台,中津川市 ごみの出し方ガイドブック,https://www.city.nakatsugawa.lg.jp/material/files/group/56/guidebook1.pdf,20,https://www.city.nakatsugawa.lg.jp/soshikikarasagasu/kankyocenter/1/1/gomi/7762.html,2026-04-17,,2026-08-13,False
naka-388,nakatsugawa,中津川市,テーブルクロス,燃えるごみ,40cmを超えるものは、大型ごみ。布製のきれいな物で状態の 良いものは、できるだけ資源回収などのリサイクルに出す｡,２枚まで 束ねて,中津川市 ごみの出し方ガイドブック,https://www.city.nakatsugawa.lg.jp/material/files/group/56/guidebook1.pdf,20,https://www.city.nakatsugawa.lg.jp/soshikikarasagasu/kankyocenter/1/1/gomi/7762.html,2026-04-17,,2026-08-13,False
naka-389,nakatsugawa,中津川市,DVD,燃えるごみ,CD（コンパクトディスク）、BD（ブルーレイディスク）も同様。,,中津川市 ごみの出し方ガイドブック,https://www.city.nakatsugawa.lg.jp/material/files/group/56/guidebook1.pdf,20,https://www.city.nakatsugawa.lg.jp/soshikikarasagasu/kankyocenter/1/1/gomi/7762.html,2026-04-17,,2026-08-13,False
naka-390,nakatsugawa,中津川市,手押し車 （シルバーカート）,大型ごみ,,１台,中津川市 ごみの出し方ガイドブック,https://www.city.nakatsugawa.lg.jp/material/files/group/56/guidebook1.pdf,20,https://www.city.nakatsugawa.lg.jp/soshikikarasagasu/kankyocenter/1/1/gomi/7762.html,2026-04-17,,2026-08-13,False
naka-391,nakatsugawa,中津川市,デスクマット,燃えるごみ,40cmを超えるものは、大型ごみ。,２枚まで 束ねて,中津川市 ごみの出し方ガイドブック,https://www.city.nakatsugawa.lg.jp/material/files/group/56/guidebook1.pdf,20,https://www.city.nakatsugawa.lg.jp/soshikikarasagasu/kankyocenter/1/1/gomi/7762.html,2026-04-17,,2026-08-13,False
naka-392,nakatsugawa,中津川市,鉄アレイ・ダンベル,硬質ごみ,,,中津川市 ごみの出し方ガイドブック,https://www.city.nakatsugawa.lg.jp/material/files/group/56/guidebook1.pdf,20,https://www.city.nakatsugawa.lg.jp/soshikikarasagasu/kankyocenter/1/1/gomi/7762.html,2026-04-17,,2026-08-13,False
naka-393,nakatsugawa,中津川市,鉄板,燃えないごみ,,,中津川市 ごみの出し方ガイドブック,https://www.city.nakatsugawa.lg.jp/material/files/group/56/guidebook1.pdf,20,https://www.city.nakatsugawa.lg.jp/soshikikarasagasu/kankyocenter/1/1/gomi/7762.html,2026-04-17,,2026-08-13,False
naka-394,nakatsugawa,中津川市,鉄棒,大型ごみ,,１台,中津川市 ごみの出し方ガイドブック,https://www.city.nakatsugawa.lg.jp/material/files/group/56/guidebook1.pdf,20,https://www.city.nakatsugawa.lg.jp/soshikikarasagasu/kankyocenter/1/1/gomi/7762.html,2026-04-17,,2026-08-13,False
naka-395,nakatsugawa,中津川市,テニスラケット,大型ごみ,木製のものは40cm以下に切れば、燃えるごみ｡,２本まで 束ねて,中津川市 ごみの出し方ガイドブック,https://www.city.nakatsugawa.lg.jp/material/files/group/56/guidebook1.pdf,20,https://www.city.nakatsugawa.lg.jp/soshikikarasagasu/kankyocenter/1/1/gomi/7762.html,2026-04-17,,2026-08-13,False
naka-396,nakatsugawa,中津川市,テレビ,リサイクル対象品,家電リサイクル法対象品。 非対象品については、燃えないごみ。17ページ参照。,,中津川市 ごみの出し方ガイドブック,https://www.city.nakatsugawa.lg.jp/material/files/group/56/guidebook1.pdf,20,https://www.city.nakatsugawa.lg.jp/soshikikarasagasu/kankyocenter/1/1/gomi/7762.html,2026-04-17,,2026-08-13,False
naka-397,nakatsugawa,中津川市,テレビ台,大型ごみ,,１個,中津川市 ごみの出し方ガイドブック,https://www.city.nakatsugawa.lg.jp/material/files/group/56/guidebook1.pdf,20,https://www.city.nakatsugawa.lg.jp/soshikikarasagasu/kankyocenter/1/1/gomi/7762.html,2026-04-17,,2026-08-13,False
naka-398,nakatsugawa,中津川市,電気あんか,燃えないごみ,電気コードは切って、硬質ごみ。,,中津川市 ごみの出し方ガイドブック,https://www.city.nakatsugawa.lg.jp/material/files/group/56/guidebook1.pdf,20,https://www.city.nakatsugawa.lg.jp/soshikikarasagasu/kankyocenter/1/1/gomi/7762.html,2026-04-17,,2026-08-13,False
naka-399,nakatsugawa,中津川市,電気温水器,引取りできないごみ,廃棄物処理業者、販売店などへ相談｡,,中津川市 ごみの出し方ガイドブック,https://www.city.nakatsugawa.lg.jp/material/files/group/56/guidebook1.pdf,20,https://www.city.nakatsugawa.lg.jp/soshikikarasagasu/kankyocenter/1/1/gomi/7762.html,2026-04-17,,2026-08-13,False
naka-400,nakatsugawa,中津川市,電気カーペット,引取りできないごみ,廃棄物処理業者へ相談｡分解して中の電気コード類を取り 出せば、燃えるごみ（。電気コードは硬質ごみ。）,,中津川市 ごみの出し方ガイドブック,https://www.city.nakatsugawa.lg.jp/material/files/group/56/guidebook1.pdf,20,https://www.city.nakatsugawa.lg.jp/soshikikarasagasu/kankyocenter/1/1/gomi/7762.html,2026-04-17,,2026-08-13,False
naka-401,nakatsugawa,中津川市,電気蚊取り器,燃えないごみ,電気コードは切って、硬質ごみ。,,中津川市 ごみの出し方ガイドブック,https://www.city.nakatsugawa.lg.jp/material/files/group/56/guidebook1.pdf,20,https://www.city.nakatsugawa.lg.jp/soshikikarasagasu/kankyocenter/1/1/gomi/7762.html,2026-04-17,,2026-08-13,False
naka-402,nakatsugawa,中津川市,電動カンナ,燃えないごみ,電気コードは切って、硬質ごみ。 指定袋に収まらないものは、大型ごみ。,１個,中津川市 ごみの出し方ガイドブック,https://www.city.nakatsugawa.lg.jp/material/files/group/56/guidebook1.pdf,20,https://www.city.nakatsugawa.lg.jp/soshikikarasagasu/kankyocenter/1/1/gomi/7762.html,2026-04-17,,2026-08-13,False
naka-403,nakatsugawa,中津川市,電気基盤,引取りできないごみ,テレビ・パソコンなどのリサイクル対象品の基盤は出せま せん。17・18ページ参照。,,中津川市 ごみの出し方ガイドブック,https://www.city.nakatsugawa.lg.jp/material/files/group/56/guidebook1.pdf,20,https://www.city.nakatsugawa.lg.jp/soshikikarasagasu/kankyocenter/1/1/gomi/7762.html,2026-04-17,,2026-08-13,False
naka-404,nakatsugawa,中津川市,電気コード・ケーブル,硬質ごみ,,,中津川市 ごみの出し方ガイドブック,https://www.city.nakatsugawa.lg.jp/material/files/group/56/guidebook1.pdf,20,https://www.city.nakatsugawa.lg.jp/soshikikarasagasu/kankyocenter/1/1/gomi/7762.html,2026-04-17,,2026-08-13,False
naka-405,nakatsugawa,中津川市,電気シェーバー（髭剃り）,燃えないごみ,電気コードは切って、硬質ごみ。,,中津川市 ごみの出し方ガイドブック,https://www.city.nakatsugawa.lg.jp/material/files/group/56/guidebook1.pdf,20,https://www.city.nakatsugawa.lg.jp/soshikikarasagasu/kankyocenter/1/1/gomi/7762.html,2026-04-17,,2026-08-13,False
naka-406,nakatsugawa,中津川市,電気スタンド,燃えないごみ,電気コードは切って、硬質ごみ。,,中津川市 ごみの出し方ガイドブック,https://www.city.nakatsugawa.lg.jp/material/files/group/56/guidebook1.pdf,20,https://www.city.nakatsugawa.lg.jp/soshikikarasagasu/kankyocenter/1/1/gomi/7762.html,2026-04-17,,2026-08-13,False
naka-407,nakatsugawa,中津川市,電気のこぎり,燃えないごみ,モーター部分は燃えないごみ。 刃ははずして、硬質ごみ。,,中津川市 ごみの出し方ガイドブック,https://www.city.nakatsugawa.lg.jp/material/files/group/56/guidebook1.pdf,20,https://www.city.nakatsugawa.lg.jp/soshikikarasagasu/kankyocenter/1/1/gomi/7762.html,2026-04-17,,2026-08-13,False
naka-408,nakatsugawa,中津川市,電気バリカン（髪用）,燃えないごみ,電気コードは切って、硬質ごみ。,,中津川市 ごみの出し方ガイドブック,https://www.city.nakatsugawa.lg.jp/material/files/group/56/guidebook1.pdf,20,https://www.city.nakatsugawa.lg.jp/soshikikarasagasu/kankyocenter/1/1/gomi/7762.html,2026-04-17,,2026-08-13,False
naka-409,nakatsugawa,中津川市,電気ポット,燃えないごみ,電気コードは切って、硬質ごみ。,,中津川市 ごみの出し方ガイドブック,https://www.city.nakatsugawa.lg.jp/material/files/group/56/guidebook1.pdf,20,https://www.city.nakatsugawa.lg.jp/soshikikarasagasu/kankyocenter/1/1/gomi/7762.html,2026-04-17,,2026-08-13,False
naka-410,nakatsugawa,中津川市,電気毛布,引取りできないごみ,廃棄物処理業者へ相談｡分解して中の電気コード類を取り 出せば、燃えるごみ。（電気コードは硬質ごみ。）,,中津川市 ごみの出し方ガイドブック,https://www.city.nakatsugawa.lg.jp/material/files/group/56/guidebook1.pdf,20,https://www.city.nakatsugawa.lg.jp/soshikikarasagasu/kankyocenter/1/1/gomi/7762.html,2026-04-17,,2026-08-13,False
naka-411,nakatsugawa,中津川市,電球,燃えないごみ,電球、豆電球、LED電球など。,,中津川市 ごみの出し方ガイドブック,https://www.city.nakatsugawa.lg.jp/material/files/group/56/guidebook1.pdf,20,https://www.city.nakatsugawa.lg.jp/soshikikarasagasu/kankyocenter/1/1/gomi/7762.html,2026-04-17,,2026-08-13,False
naka-412,nakatsugawa,中津川市,電球ソケット,燃えないごみ,,１台,中津川市 ごみの出し方ガイドブック,https://www.city.nakatsugawa.lg.jp/material/files/group/56/guidebook1.pdf,20,https://www.city.nakatsugawa.lg.jp/soshikikarasagasu/kankyocenter/1/1/gomi/7762.html,2026-04-17,,2026-08-13,False
naka-413,nakatsugawa,中津川市,電子ピアノ,大型ごみ,電気コードは切って、硬質ごみ｡,,中津川市 ごみの出し方ガイドブック,https://www.city.nakatsugawa.lg.jp/material/files/group/56/guidebook1.pdf,20,https://www.city.nakatsugawa.lg.jp/soshikikarasagasu/kankyocenter/1/1/gomi/7762.html,2026-04-17,,2026-08-13,False
naka-414,nakatsugawa,中津川市,電飾,硬質ごみ,イルミネーションの電飾なども切らずにコンテナへ出せる。,１個,中津川市 ごみの出し方ガイドブック,https://www.city.nakatsugawa.lg.jp/material/files/group/56/guidebook1.pdf,20,https://www.city.nakatsugawa.lg.jp/soshikikarasagasu/kankyocenter/1/1/gomi/7762.html,2026-04-17,,2026-08-13,False
naka-415,nakatsugawa,中津川市,電子レンジ,大型ごみ,電気コードは切って、硬質ごみ｡,１個,中津川市 ごみの出し方ガイドブック,https://www.city.nakatsugawa.lg.jp/material/files/group/56/guidebook1.pdf,20,https://www.city.nakatsugawa.lg.jp/soshikikarasagasu/kankyocenter/1/1/gomi/7762.html,2026-04-17,,2026-08-13,False
naka-416,nakatsugawa,中津川市,天水器,大型ごみ,最大サイズ【140cm×90cm×200cm】を超えるもの は、引取り不可。,１個,中津川市 ごみの出し方ガイドブック,https://www.city.nakatsugawa.lg.jp/material/files/group/56/guidebook1.pdf,20,https://www.city.nakatsugawa.lg.jp/soshikikarasagasu/kankyocenter/1/1/gomi/7762.html,2026-04-17,,2026-08-13,False
naka-417,nakatsugawa,中津川市,天体望遠鏡,燃えないごみ,指定袋に収まらないものは、大型ごみ。,,中津川市 ごみの出し方ガイドブック,https://www.city.nakatsugawa.lg.jp/material/files/group/56/guidebook1.pdf,20,https://www.city.nakatsugawa.lg.jp/soshikikarasagasu/kankyocenter/1/1/gomi/7762.html,2026-04-17,,2026-08-13,False
naka-418,nakatsugawa,中津川市,電卓・計算機,燃えないごみ,電池を使用しているものは、電池ははずして、有害ごみ｡,,中津川市 ごみの出し方ガイドブック,https://www.city.nakatsugawa.lg.jp/material/files/group/56/guidebook1.pdf,20,https://www.city.nakatsugawa.lg.jp/soshikikarasagasu/kankyocenter/1/1/gomi/7762.html,2026-04-17,,2026-08-13,False
naka-419,nakatsugawa,中津川市,電池,有害ごみ,「乾電池」を参照。,,中津川市 ごみの出し方ガイドブック,https://www.city.nakatsugawa.lg.jp/material/files/group/56/guidebook1.pdf,20,https://www.city.nakatsugawa.lg.jp/soshikikarasagasu/kankyocenter/1/1/gomi/7762.html,2026-04-17,,2026-08-13,False
naka-420,nakatsugawa,中津川市,電動工具類,燃えないごみ,大型の工具類は、引き取り不可。 廃棄物処理業者、販売店などへ相談｡,１セットを まとめて,中津川市 ごみの出し方ガイドブック,https://www.city.nakatsugawa.lg.jp/material/files/group/56/guidebook1.pdf,20,https://www.city.nakatsugawa.lg.jp/soshikikarasagasu/kankyocenter/1/1/gomi/7762.html,2026-04-17,,2026-08-13,False
naka-421,nakatsugawa,中津川市,テント （骨組み部分・金属）,燃えないごみ,指定袋に収まらないものは、大型ごみ。,１張り,中津川市 ごみの出し方ガイドブック,https://www.city.nakatsugawa.lg.jp/material/files/group/56/guidebook1.pdf,20,https://www.city.nakatsugawa.lg.jp/soshikikarasagasu/kankyocenter/1/1/gomi/7762.html,2026-04-17,,2026-08-13,False
naka-422,nakatsugawa,中津川市,テント（幌部分）,大型ごみ,40cm以下に切れば、燃えるごみ｡,,中津川市 ごみの出し方ガイドブック,https://www.city.nakatsugawa.lg.jp/material/files/group/56/guidebook1.pdf,20,https://www.city.nakatsugawa.lg.jp/soshikikarasagasu/kankyocenter/1/1/gomi/7762.html,2026-04-17,,2026-08-13,False
naka-423,nakatsugawa,中津川市,電話機,燃えないごみ,電気コードは切って、硬質ごみ｡,１枚,中津川市 ごみの出し方ガイドブック,https://www.city.nakatsugawa.lg.jp/material/files/group/56/guidebook1.pdf,20,https://www.city.nakatsugawa.lg.jp/soshikikarasagasu/kankyocenter/1/1/gomi/7762.html,2026-04-17,,2026-08-13,False
naka-424,nakatsugawa,中津川市,ドア,大型ごみ,,,中津川市 ごみの出し方ガイドブック,https://www.city.nakatsugawa.lg.jp/material/files/group/56/guidebook1.pdf,20,https://www.city.nakatsugawa.lg.jp/soshikikarasagasu/kankyocenter/1/1/gomi/7762.html,2026-04-17,,2026-08-13,False
naka-425,nakatsugawa,中津川市,ドアノブ,燃えないごみ,,,中津川市 ごみの出し方ガイドブック,https://www.city.nakatsugawa.lg.jp/material/files/group/56/guidebook1.pdf,20,https://www.city.nakatsugawa.lg.jp/soshikikarasagasu/kankyocenter/1/1/gomi/7762.html,2026-04-17,,2026-08-13,False
naka-426,nakatsugawa,中津川市,砥石,引取りできないごみ,廃棄物処理業者へ相談｡,,中津川市 ごみの出し方ガイドブック,https://www.city.nakatsugawa.lg.jp/material/files/group/56/guidebook1.pdf,20,https://www.city.nakatsugawa.lg.jp/soshikikarasagasu/kankyocenter/1/1/gomi/7762.html,2026-04-17,,2026-08-13,False
naka-427,nakatsugawa,中津川市,トイレコーナー （プラスチック製）,燃えるごみ,金属製のものは、燃えないごみ。,,中津川市 ごみの出し方ガイドブック,https://www.city.nakatsugawa.lg.jp/material/files/group/56/guidebook1.pdf,20,https://www.city.nakatsugawa.lg.jp/soshikikarasagasu/kankyocenter/1/1/gomi/7762.html,2026-04-17,,2026-08-13,False
naka-428,nakatsugawa,中津川市,陶器類（食器など）,燃えないごみ,中身の見える状態で出す。 素焼きの植木鉢は、「植木鉢」（23ページ）を参照。,１個,中津川市 ごみの出し方ガイドブック,https://www.city.nakatsugawa.lg.jp/material/files/group/56/guidebook1.pdf,20,https://www.city.nakatsugawa.lg.jp/soshikikarasagasu/kankyocenter/1/1/gomi/7762.html,2026-04-17,,2026-08-13,False
naka-429,nakatsugawa,中津川市,籐（敷物）,大型ごみ,最大サイズ【140cm×90cm×200cm】を超えるもの は、引取り不可。,１枚,中津川市 ごみの出し方ガイドブック,https://www.city.nakatsugawa.lg.jp/material/files/group/56/guidebook1.pdf,20,https://www.city.nakatsugawa.lg.jp/soshikikarasagasu/kankyocenter/1/1/gomi/7762.html,2026-04-17,,2026-08-13,False
naka-430,nakatsugawa,中津川市,唐箕,大型ごみ,手動式のもので、分解したものに限る。,１台,中津川市 ごみの出し方ガイドブック,https://www.city.nakatsugawa.lg.jp/material/files/group/56/guidebook1.pdf,20,https://www.city.nakatsugawa.lg.jp/soshikikarasagasu/kankyocenter/1/1/gomi/7762.html,2026-04-17,,2026-08-13,False
naka-431,nakatsugawa,中津川市,灯油タンク（金属）,大型ごみ,最大容量 100ℓ以下のものに限る。球形・ドラム缶・丸型 のタンクや、厚みのあるものは引取り不可。,１個,中津川市 ごみの出し方ガイドブック,https://www.city.nakatsugawa.lg.jp/material/files/group/56/guidebook1.pdf,20,https://www.city.nakatsugawa.lg.jp/soshikikarasagasu/kankyocenter/1/1/gomi/7762.html,2026-04-17,,2026-08-13,False
naka-432,nakatsugawa,中津川市,トースター,燃えないごみ,電気コードは切って、硬質ごみ。,,中津川市 ごみの出し方ガイドブック,https://www.city.nakatsugawa.lg.jp/material/files/group/56/guidebook1.pdf,20,https://www.city.nakatsugawa.lg.jp/soshikikarasagasu/kankyocenter/1/1/gomi/7762.html,2026-04-17,,2026-08-13,False
naka-433,nakatsugawa,中津川市,土管,引取りできないごみ,ビニール製のものは、引取り可。,,中津川市 ごみの出し方ガイドブック,https://www.city.nakatsugawa.lg.jp/material/files/group/56/guidebook1.pdf,21,https://www.city.nakatsugawa.lg.jp/soshikikarasagasu/kankyocenter/1/1/gomi/7762.html,2026-04-17,,2026-08-13,False
naka-434,nakatsugawa,中津川市,時計,燃えないごみ,電池ははずして、有害ごみ｡ 指定袋に収まらないものは、大型ごみ。,１個,中津川市 ごみの出し方ガイドブック,https://www.city.nakatsugawa.lg.jp/material/files/group/56/guidebook1.pdf,21,https://www.city.nakatsugawa.lg.jp/soshikikarasagasu/kankyocenter/1/1/gomi/7762.html,2026-04-17,,2026-08-13,False
naka-435,nakatsugawa,中津川市,戸棚,大型ごみ,最大サイズ【140cm×90cm×200cm】を超えるものは、 引取り不可。,１個,中津川市 ごみの出し方ガイドブック,https://www.city.nakatsugawa.lg.jp/material/files/group/56/guidebook1.pdf,21,https://www.city.nakatsugawa.lg.jp/soshikikarasagasu/kankyocenter/1/1/gomi/7762.html,2026-04-17,,2026-08-13,False
naka-436,nakatsugawa,中津川市,トタン,大型ごみ,最大サイズ【140cm×90cm×200cm】を超えるものは、 引取り不可。,１枚,中津川市 ごみの出し方ガイドブック,https://www.city.nakatsugawa.lg.jp/material/files/group/56/guidebook1.pdf,21,https://www.city.nakatsugawa.lg.jp/soshikikarasagasu/kankyocenter/1/1/gomi/7762.html,2026-04-17,,2026-08-13,False
naka-437,nakatsugawa,中津川市,トナー,資源となるごみ,店舗回収を利用。 ページプリンター用は購入した店へ問い合わせ。,,中津川市 ごみの出し方ガイドブック,https://www.city.nakatsugawa.lg.jp/material/files/group/56/guidebook1.pdf,21,https://www.city.nakatsugawa.lg.jp/soshikikarasagasu/kankyocenter/1/1/gomi/7762.html,2026-04-17,,2026-08-13,False
naka-438,nakatsugawa,中津川市,ドライバー,硬質ごみ,,,中津川市 ごみの出し方ガイドブック,https://www.city.nakatsugawa.lg.jp/material/files/group/56/guidebook1.pdf,21,https://www.city.nakatsugawa.lg.jp/soshikikarasagasu/kankyocenter/1/1/gomi/7762.html,2026-04-17,,2026-08-13,False
naka-439,nakatsugawa,中津川市,ドライヤー,燃えないごみ,電気コードは切って、硬質ごみ。,,中津川市 ごみの出し方ガイドブック,https://www.city.nakatsugawa.lg.jp/material/files/group/56/guidebook1.pdf,21,https://www.city.nakatsugawa.lg.jp/soshikikarasagasu/kankyocenter/1/1/gomi/7762.html,2026-04-17,,2026-08-13,False
naka-440,nakatsugawa,中津川市,ドラム（楽器）,大型ごみ,,１セット（分 かるようまとめる）,中津川市 ごみの出し方ガイドブック,https://www.city.nakatsugawa.lg.jp/material/files/group/56/guidebook1.pdf,21,https://www.city.nakatsugawa.lg.jp/soshikikarasagasu/kankyocenter/1/1/gomi/7762.html,2026-04-17,,2026-08-13,False
naka-441,nakatsugawa,中津川市,ドラム缶,引取りできないごみ,廃棄物処理業者、販売店などへ相談｡ お米を入れておく丸缶であれば、大型ごみで出せる。,,中津川市 ごみの出し方ガイドブック,https://www.city.nakatsugawa.lg.jp/material/files/group/56/guidebook1.pdf,21,https://www.city.nakatsugawa.lg.jp/soshikikarasagasu/kankyocenter/1/1/gomi/7762.html,2026-04-17,,2026-08-13,False
naka-442,nakatsugawa,中津川市,トランシーバー（無線機）,燃えないごみ,電気コードは切って、硬質ごみ。,,中津川市 ごみの出し方ガイドブック,https://www.city.nakatsugawa.lg.jp/material/files/group/56/guidebook1.pdf,21,https://www.city.nakatsugawa.lg.jp/soshikikarasagasu/kankyocenter/1/1/gomi/7762.html,2026-04-17,,2026-08-13,False
naka-443,nakatsugawa,中津川市,鳥籠（金属製）,燃えないごみ,木・竹・プラスチック製のものは、燃えるごみ。,,中津川市 ごみの出し方ガイドブック,https://www.city.nakatsugawa.lg.jp/material/files/group/56/guidebook1.pdf,21,https://www.city.nakatsugawa.lg.jp/soshikikarasagasu/kankyocenter/1/1/gomi/7762.html,2026-04-17,,2026-08-13,False
naka-444,nakatsugawa,中津川市,塗料,引取りできないごみ,廃棄物処理業者、販売店などへ相談｡,,中津川市 ごみの出し方ガイドブック,https://www.city.nakatsugawa.lg.jp/material/files/group/56/guidebook1.pdf,21,https://www.city.nakatsugawa.lg.jp/soshikikarasagasu/kankyocenter/1/1/gomi/7762.html,2026-04-17,,2026-08-13,False
naka-445,nakatsugawa,中津川市,トレーニング器具,燃えないごみ,指定袋に入らないものは、大型ごみ。,１個,中津川市 ごみの出し方ガイドブック,https://www.city.nakatsugawa.lg.jp/material/files/group/56/guidebook1.pdf,21,https://www.city.nakatsugawa.lg.jp/soshikikarasagasu/kankyocenter/1/1/gomi/7762.html,2026-04-17,,2026-08-13,False
naka-446,nakatsugawa,中津川市,長靴,燃えるごみ,,,中津川市 ごみの出し方ガイドブック,https://www.city.nakatsugawa.lg.jp/material/files/group/56/guidebook1.pdf,21,https://www.city.nakatsugawa.lg.jp/soshikikarasagasu/kankyocenter/1/1/gomi/7762.html,2026-04-17,,2026-08-13,False
naka-447,nakatsugawa,中津川市,流し台（簡易型）,大型ごみ,流し台単体であればだせる｡システム型（キッチンと一体になって いるもの）は引取り不可。処理業者、販売店などへ相談。,１台,中津川市 ごみの出し方ガイドブック,https://www.city.nakatsugawa.lg.jp/material/files/group/56/guidebook1.pdf,21,https://www.city.nakatsugawa.lg.jp/soshikikarasagasu/kankyocenter/1/1/gomi/7762.html,2026-04-17,,2026-08-13,False
naka-448,nakatsugawa,中津川市,ナタ,燃えないごみ,中身が見える状態で出す。刃先部分を保護して出してもよい。,,中津川市 ごみの出し方ガイドブック,https://www.city.nakatsugawa.lg.jp/material/files/group/56/guidebook1.pdf,21,https://www.city.nakatsugawa.lg.jp/soshikikarasagasu/kankyocenter/1/1/gomi/7762.html,2026-04-17,,2026-08-13,False
naka-449,nakatsugawa,中津川市,鍋,燃えないごみ,指定袋に収まらないものは、大型ごみ。,１個,中津川市 ごみの出し方ガイドブック,https://www.city.nakatsugawa.lg.jp/material/files/group/56/guidebook1.pdf,21,https://www.city.nakatsugawa.lg.jp/soshikikarasagasu/kankyocenter/1/1/gomi/7762.html,2026-04-17,,2026-08-13,False
naka-450,nakatsugawa,中津川市,生ごみ（厨芥類）,燃えるごみ,できるだけ、生ごみ処理機やコンポストを利用し自家処理 をすること｡,,中津川市 ごみの出し方ガイドブック,https://www.city.nakatsugawa.lg.jp/material/files/group/56/guidebook1.pdf,21,https://www.city.nakatsugawa.lg.jp/soshikikarasagasu/kankyocenter/1/1/gomi/7762.html,2026-04-17,,2026-08-13,False
naka-451,nakatsugawa,中津川市,生ごみ処理機,大型ごみ,外した電気コードは硬質ごみに出す｡,１個,中津川市 ごみの出し方ガイドブック,https://www.city.nakatsugawa.lg.jp/material/files/group/56/guidebook1.pdf,21,https://www.city.nakatsugawa.lg.jp/soshikikarasagasu/kankyocenter/1/1/gomi/7762.html,2026-04-17,,2026-08-13,False
naka-452,nakatsugawa,中津川市,縄,燃えるごみ,40cmを超えるものは、大型ごみ。,１巻,中津川市 ごみの出し方ガイドブック,https://www.city.nakatsugawa.lg.jp/material/files/group/56/guidebook1.pdf,21,https://www.city.nakatsugawa.lg.jp/soshikikarasagasu/kankyocenter/1/1/gomi/7762.html,2026-04-17,,2026-08-13,False
naka-453,nakatsugawa,中津川市,荷造り紐,燃えるごみ,40cm以下に切ること。,,中津川市 ごみの出し方ガイドブック,https://www.city.nakatsugawa.lg.jp/material/files/group/56/guidebook1.pdf,21,https://www.city.nakatsugawa.lg.jp/soshikikarasagasu/kankyocenter/1/1/gomi/7762.html,2026-04-17,,2026-08-13,False
naka-454,nakatsugawa,中津川市,人形,燃えるごみ,できるだけ、人形供養に出すこと｡,,中津川市 ごみの出し方ガイドブック,https://www.city.nakatsugawa.lg.jp/material/files/group/56/guidebook1.pdf,21,https://www.city.nakatsugawa.lg.jp/soshikikarasagasu/kankyocenter/1/1/gomi/7762.html,2026-04-17,,2026-08-13,False
naka-455,nakatsugawa,中津川市,ぬいぐるみ,燃えるごみ,できるだけ、人形供養に出すこと｡,,中津川市 ごみの出し方ガイドブック,https://www.city.nakatsugawa.lg.jp/material/files/group/56/guidebook1.pdf,21,https://www.city.nakatsugawa.lg.jp/soshikikarasagasu/kankyocenter/1/1/gomi/7762.html,2026-04-17,,2026-08-13,False
naka-456,nakatsugawa,中津川市,布,燃えるごみ,40cm以下に切ること。ロール状のものは引取り不可。 ロールを解き１人で持てる重さに束ねれば、大型ごみ。,１束,中津川市 ごみの出し方ガイドブック,https://www.city.nakatsugawa.lg.jp/material/files/group/56/guidebook1.pdf,21,https://www.city.nakatsugawa.lg.jp/soshikikarasagasu/kankyocenter/1/1/gomi/7762.html,2026-04-17,,2026-08-13,False
naka-457,nakatsugawa,中津川市,ネジ類,燃えないごみ,,,中津川市 ごみの出し方ガイドブック,https://www.city.nakatsugawa.lg.jp/material/files/group/56/guidebook1.pdf,21,https://www.city.nakatsugawa.lg.jp/soshikikarasagasu/kankyocenter/1/1/gomi/7762.html,2026-04-17,,2026-08-13,False
naka-458,nakatsugawa,中津川市,ネズミ取り器,燃えないごみ,,,中津川市 ごみの出し方ガイドブック,https://www.city.nakatsugawa.lg.jp/material/files/group/56/guidebook1.pdf,21,https://www.city.nakatsugawa.lg.jp/soshikikarasagasu/kankyocenter/1/1/gomi/7762.html,2026-04-17,,2026-08-13,False
naka-459,nakatsugawa,中津川市,ネット（網）,大型ごみ,40cm以下に切れば、燃えるごみ。最大サイズ【140cm×90cm×200cm】 を超えるもの農業用のものは、引取り不可。,１枚,中津川市 ごみの出し方ガイドブック,https://www.city.nakatsugawa.lg.jp/material/files/group/56/guidebook1.pdf,21,https://www.city.nakatsugawa.lg.jp/soshikikarasagasu/kankyocenter/1/1/gomi/7762.html,2026-04-17,,2026-08-13,False
naka-460,nakatsugawa,中津川市,寝袋,燃えるごみ,40cm以下に切ること。そのままの場合は、大型ごみ。,１枚,中津川市 ごみの出し方ガイドブック,https://www.city.nakatsugawa.lg.jp/material/files/group/56/guidebook1.pdf,21,https://www.city.nakatsugawa.lg.jp/soshikikarasagasu/kankyocenter/1/1/gomi/7762.html,2026-04-17,,2026-08-13,False
naka-461,nakatsugawa,中津川市,粘土（教材用）,燃えるごみ,,,中津川市 ごみの出し方ガイドブック,https://www.city.nakatsugawa.lg.jp/material/files/group/56/guidebook1.pdf,21,https://www.city.nakatsugawa.lg.jp/soshikikarasagasu/kankyocenter/1/1/gomi/7762.html,2026-04-17,,2026-08-13,False
naka-462,nakatsugawa,中津川市,農機具類,引取りできないごみ,廃棄物処理業者、販売店、農協などへ相談｡,,中津川市 ごみの出し方ガイドブック,https://www.city.nakatsugawa.lg.jp/material/files/group/56/guidebook1.pdf,21,https://www.city.nakatsugawa.lg.jp/soshikikarasagasu/kankyocenter/1/1/gomi/7762.html,2026-04-17,,2026-08-13,False
naka-463,nakatsugawa,中津川市,農薬,引取りできないごみ,廃棄物処理業者、販売店、農協などへ相談｡,,中津川市 ごみの出し方ガイドブック,https://www.city.nakatsugawa.lg.jp/material/files/group/56/guidebook1.pdf,21,https://www.city.nakatsugawa.lg.jp/soshikikarasagasu/kankyocenter/1/1/gomi/7762.html,2026-04-17,,2026-08-13,False
naka-464,nakatsugawa,中津川市,ノートパソコン,リサイクル対象品,パソコンリサイクル対象品。18ページ参照。,,中津川市 ごみの出し方ガイドブック,https://www.city.nakatsugawa.lg.jp/material/files/group/56/guidebook1.pdf,21,https://www.city.nakatsugawa.lg.jp/soshikikarasagasu/kankyocenter/1/1/gomi/7762.html,2026-04-17,,2026-08-13,False
naka-465,nakatsugawa,中津川市,のこぎり,燃えないごみ,中身が見える状態で出す。刃先部分を保護して出してもよい。,,中津川市 ごみの出し方ガイドブック,https://www.city.nakatsugawa.lg.jp/material/files/group/56/guidebook1.pdf,21,https://www.city.nakatsugawa.lg.jp/soshikikarasagasu/kankyocenter/1/1/gomi/7762.html,2026-04-17,,2026-08-13,False
naka-466,nakatsugawa,中津川市,ハードディスク,燃えないごみ,,,中津川市 ごみの出し方ガイドブック,https://www.city.nakatsugawa.lg.jp/material/files/group/56/guidebook1.pdf,21,https://www.city.nakatsugawa.lg.jp/soshikikarasagasu/kankyocenter/1/1/gomi/7762.html,2026-04-17,,2026-08-13,False
naka-467,nakatsugawa,中津川市,バーベキューコンロ,燃えないごみ,指定袋に収まらないものは、大型ごみ。,１セットを まとめて,中津川市 ごみの出し方ガイドブック,https://www.city.nakatsugawa.lg.jp/material/files/group/56/guidebook1.pdf,21,https://www.city.nakatsugawa.lg.jp/soshikikarasagasu/kankyocenter/1/1/gomi/7762.html,2026-04-17,,2026-08-13,False
naka-468,nakatsugawa,中津川市,廃材（リフォーム）,大型ごみ,自分で作業したものに限る。 太さ10cm、長さ１m以下の木材であれば出せる。,１個,中津川市 ごみの出し方ガイドブック,https://www.city.nakatsugawa.lg.jp/material/files/group/56/guidebook1.pdf,21,https://www.city.nakatsugawa.lg.jp/soshikikarasagasu/kankyocenter/1/1/gomi/7762.html,2026-04-17,,2026-08-13,False
naka-469,nakatsugawa,中津川市,灰皿,燃えないごみ,,,中津川市 ごみの出し方ガイドブック,https://www.city.nakatsugawa.lg.jp/material/files/group/56/guidebook1.pdf,21,https://www.city.nakatsugawa.lg.jp/soshikikarasagasu/kankyocenter/1/1/gomi/7762.html,2026-04-17,,2026-08-13,False
naka-470,nakatsugawa,中津川市,パイプいす,大型ごみ,,１個,中津川市 ごみの出し方ガイドブック,https://www.city.nakatsugawa.lg.jp/material/files/group/56/guidebook1.pdf,21,https://www.city.nakatsugawa.lg.jp/soshikikarasagasu/kankyocenter/1/1/gomi/7762.html,2026-04-17,,2026-08-13,False
naka-471,nakatsugawa,中津川市,パイプ（塩ビ管）,燃えるごみ,長さ40cm以下、径８cm以下のもの。,,中津川市 ごみの出し方ガイドブック,https://www.city.nakatsugawa.lg.jp/material/files/group/56/guidebook1.pdf,21,https://www.city.nakatsugawa.lg.jp/soshikikarasagasu/kankyocenter/1/1/gomi/7762.html,2026-04-17,,2026-08-13,False
naka-472,nakatsugawa,中津川市,パイプラック,大型ごみ,パイプの状態にして硬質ごみのコンテナに入る場合は、硬質ごみ。,１個,中津川市 ごみの出し方ガイドブック,https://www.city.nakatsugawa.lg.jp/material/files/group/56/guidebook1.pdf,21,https://www.city.nakatsugawa.lg.jp/soshikikarasagasu/kankyocenter/1/1/gomi/7762.html,2026-04-17,,2026-08-13,False
naka-473,nakatsugawa,中津川市,廃油（自動車用など）,引取りできないごみ,ガソリン・軽油・灯油・エンジンオイル等。 廃棄物処理業者、販売店などへ相談｡,,中津川市 ごみの出し方ガイドブック,https://www.city.nakatsugawa.lg.jp/material/files/group/56/guidebook1.pdf,21,https://www.city.nakatsugawa.lg.jp/soshikikarasagasu/kankyocenter/1/1/gomi/7762.html,2026-04-17,,2026-08-13,False
naka-474,nakatsugawa,中津川市,廃油（食用油）,燃えるごみ,ボロ布にしみこませるか固めて出す｡ できるだけ、リサイクルセンターの廃油回収に出す。,,中津川市 ごみの出し方ガイドブック,https://www.city.nakatsugawa.lg.jp/material/files/group/56/guidebook1.pdf,21,https://www.city.nakatsugawa.lg.jp/soshikikarasagasu/kankyocenter/1/1/gomi/7762.html,2026-04-17,,2026-08-13,False
naka-475,nakatsugawa,中津川市,灰・焼却灰,引取りできないごみ,廃棄物処理業者へ相談｡,,中津川市 ごみの出し方ガイドブック,https://www.city.nakatsugawa.lg.jp/material/files/group/56/guidebook1.pdf,21,https://www.city.nakatsugawa.lg.jp/soshikikarasagasu/kankyocenter/1/1/gomi/7762.html,2026-04-17,,2026-08-13,False
naka-476,nakatsugawa,中津川市,はく製,燃えるごみ,40cmを超えるものは、大型ごみ。,１体,中津川市 ごみの出し方ガイドブック,https://www.city.nakatsugawa.lg.jp/material/files/group/56/guidebook1.pdf,21,https://www.city.nakatsugawa.lg.jp/soshikikarasagasu/kankyocenter/1/1/gomi/7762.html,2026-04-17,,2026-08-13,False
naka-477,nakatsugawa,中津川市,バケツ（プラスチック製）,燃えるごみ,金属製のものや金属部分は、燃えないごみ。,,中津川市 ごみの出し方ガイドブック,https://www.city.nakatsugawa.lg.jp/material/files/group/56/guidebook1.pdf,21,https://www.city.nakatsugawa.lg.jp/soshikikarasagasu/kankyocenter/1/1/gomi/7762.html,2026-04-17,,2026-08-13,False
naka-478,nakatsugawa,中津川市,箸,燃えるごみ,金属性のものは、燃えないごみ。,,中津川市 ごみの出し方ガイドブック,https://www.city.nakatsugawa.lg.jp/material/files/group/56/guidebook1.pdf,21,https://www.city.nakatsugawa.lg.jp/soshikikarasagasu/kankyocenter/1/1/gomi/7762.html,2026-04-17,,2026-08-13,False
naka-479,nakatsugawa,中津川市,梯子（はしご）,大型ごみ,140cm×200cm以下にして出す｡,１個,中津川市 ごみの出し方ガイドブック,https://www.city.nakatsugawa.lg.jp/material/files/group/56/guidebook1.pdf,21,https://www.city.nakatsugawa.lg.jp/soshikikarasagasu/kankyocenter/1/1/gomi/7762.html,2026-04-17,,2026-08-13,False
naka-480,nakatsugawa,中津川市,パソコン,リサイクル対象品,パソコンリサイクル対象品。 環境センターで引取りしていません。18ページ参照。,,中津川市 ごみの出し方ガイドブック,https://www.city.nakatsugawa.lg.jp/material/files/group/56/guidebook1.pdf,21,https://www.city.nakatsugawa.lg.jp/soshikikarasagasu/kankyocenter/1/1/gomi/7762.html,2026-04-17,,2026-08-13,False
naka-481,nakatsugawa,中津川市,パチンコ台,引取りできないごみ,廃棄物処理業者、販売店などへ相談｡,,中津川市 ごみの出し方ガイドブック,https://www.city.nakatsugawa.lg.jp/material/files/group/56/guidebook1.pdf,21,https://www.city.nakatsugawa.lg.jp/soshikikarasagasu/kankyocenter/1/1/gomi/7762.html,2026-04-17,,2026-08-13,False
naka-482,nakatsugawa,中津川市,発炎筒（使用済み）,燃えるごみ,使用済みのものに限る。未使用のものは、自動車販売店も しくは製造メーカーに相談。,,中津川市 ごみの出し方ガイドブック,https://www.city.nakatsugawa.lg.jp/material/files/group/56/guidebook1.pdf,21,https://www.city.nakatsugawa.lg.jp/soshikikarasagasu/kankyocenter/1/1/gomi/7762.html,2026-04-17,,2026-08-13,False
naka-483,nakatsugawa,中津川市,バッテリー,引取りできないごみ,廃棄物処理業者、販売店などへ相談｡,,中津川市 ごみの出し方ガイドブック,https://www.city.nakatsugawa.lg.jp/material/files/group/56/guidebook1.pdf,21,https://www.city.nakatsugawa.lg.jp/soshikikarasagasu/kankyocenter/1/1/gomi/7762.html,2026-04-17,,2026-08-13,False
naka-484,nakatsugawa,中津川市,発電機,引取りできないごみ,廃棄物処理業者、販売店などへ相談｡,,中津川市 ごみの出し方ガイドブック,https://www.city.nakatsugawa.lg.jp/material/files/group/56/guidebook1.pdf,21,https://www.city.nakatsugawa.lg.jp/soshikikarasagasu/kankyocenter/1/1/gomi/7762.html,2026-04-17,,2026-08-13,False
naka-485,nakatsugawa,中津川市,バット（木・プラスチッ ク製・スポーツ用）,燃えるごみ,40cmを超えるものや金属製のものは、大型ごみ。,１本,中津川市 ごみの出し方ガイドブック,https://www.city.nakatsugawa.lg.jp/material/files/group/56/guidebook1.pdf,21,https://www.city.nakatsugawa.lg.jp/soshikikarasagasu/kankyocenter/1/1/gomi/7762.html,2026-04-17,,2026-08-13,False
naka-486,nakatsugawa,中津川市,バット（調理用）,燃えないごみ,プラスチック製のもで40cm以下に切れば、燃えるごみ。 指定袋に収まらないものは、大型ごみ。,５枚まで 束ねて,中津川市 ごみの出し方ガイドブック,https://www.city.nakatsugawa.lg.jp/material/files/group/56/guidebook1.pdf,21,https://www.city.nakatsugawa.lg.jp/soshikikarasagasu/kankyocenter/1/1/gomi/7762.html,2026-04-17,,2026-08-13,False
naka-487,nakatsugawa,中津川市,発砲スチロール,資源となるごみ,汚れているもので40cm以下であれば、燃えるごみ。 汚れているもので40cmを超えるものは、大型ごみ。,１個,中津川市 ごみの出し方ガイドブック,https://www.city.nakatsugawa.lg.jp/material/files/group/56/guidebook1.pdf,22,https://www.city.nakatsugawa.lg.jp/soshikikarasagasu/kankyocenter/1/1/gomi/7762.html,2026-04-17,,2026-08-13,False
naka-488,nakatsugawa,中津川市,花火,燃えるごみ,使用済みのものに限る。 未使用のものは火災の原因となるため、引取り不可。,,中津川市 ごみの出し方ガイドブック,https://www.city.nakatsugawa.lg.jp/material/files/group/56/guidebook1.pdf,22,https://www.city.nakatsugawa.lg.jp/soshikikarasagasu/kankyocenter/1/1/gomi/7762.html,2026-04-17,,2026-08-13,False
naka-489,nakatsugawa,中津川市,歯磨きチューブ,燃えるごみ,,,中津川市 ごみの出し方ガイドブック,https://www.city.nakatsugawa.lg.jp/material/files/group/56/guidebook1.pdf,22,https://www.city.nakatsugawa.lg.jp/soshikikarasagasu/kankyocenter/1/1/gomi/7762.html,2026-04-17,,2026-08-13,False
naka-490,nakatsugawa,中津川市,刃物類（包丁、ナイフ、 はさみなど）,燃えないごみ,中身が見える状態で出す。刃先部分を紙などで保護して出 してもよい。,,中津川市 ごみの出し方ガイドブック,https://www.city.nakatsugawa.lg.jp/material/files/group/56/guidebook1.pdf,22,https://www.city.nakatsugawa.lg.jp/soshikikarasagasu/kankyocenter/1/1/gomi/7762.html,2026-04-17,,2026-08-13,False
naka-491,nakatsugawa,中津川市,パラボラアンテナ,燃えないごみ,電気コードは切って、硬質ごみ。,,中津川市 ごみの出し方ガイドブック,https://www.city.nakatsugawa.lg.jp/material/files/group/56/guidebook1.pdf,22,https://www.city.nakatsugawa.lg.jp/soshikikarasagasu/kankyocenter/1/1/gomi/7762.html,2026-04-17,,2026-08-13,False
naka-492,nakatsugawa,中津川市,針金,硬質ごみ,,,中津川市 ごみの出し方ガイドブック,https://www.city.nakatsugawa.lg.jp/material/files/group/56/guidebook1.pdf,22,https://www.city.nakatsugawa.lg.jp/soshikikarasagasu/kankyocenter/1/1/gomi/7762.html,2026-04-17,,2026-08-13,False
naka-493,nakatsugawa,中津川市,針（裁縫用）,燃えないごみ,,,中津川市 ごみの出し方ガイドブック,https://www.city.nakatsugawa.lg.jp/material/files/group/56/guidebook1.pdf,22,https://www.city.nakatsugawa.lg.jp/soshikikarasagasu/kankyocenter/1/1/gomi/7762.html,2026-04-17,,2026-08-13,False
naka-494,nakatsugawa,中津川市,パレット(木製・塩ビ）,引取りできないごみ,廃棄物処理業者へ相談｡,,中津川市 ごみの出し方ガイドブック,https://www.city.nakatsugawa.lg.jp/material/files/group/56/guidebook1.pdf,22,https://www.city.nakatsugawa.lg.jp/soshikikarasagasu/kankyocenter/1/1/gomi/7762.html,2026-04-17,,2026-08-13,False
naka-495,nakatsugawa,中津川市,ハロゲンヒーター,大型ごみ,電源コードは根元から切断して硬質ごみに出す｡ 指定袋に収まる大きさであれば、燃えないごみ。,１台,中津川市 ごみの出し方ガイドブック,https://www.city.nakatsugawa.lg.jp/material/files/group/56/guidebook1.pdf,22,https://www.city.nakatsugawa.lg.jp/soshikikarasagasu/kankyocenter/1/1/gomi/7762.html,2026-04-17,,2026-08-13,False
naka-496,nakatsugawa,中津川市,ハンガー（金属製）,燃えないごみ,木、プラスチック製のものは、燃えるごみ。,,中津川市 ごみの出し方ガイドブック,https://www.city.nakatsugawa.lg.jp/material/files/group/56/guidebook1.pdf,22,https://www.city.nakatsugawa.lg.jp/soshikikarasagasu/kankyocenter/1/1/gomi/7762.html,2026-04-17,,2026-08-13,False
naka-497,nakatsugawa,中津川市,はんだ,燃えないごみ,,,中津川市 ごみの出し方ガイドブック,https://www.city.nakatsugawa.lg.jp/material/files/group/56/guidebook1.pdf,22,https://www.city.nakatsugawa.lg.jp/soshikikarasagasu/kankyocenter/1/1/gomi/7762.html,2026-04-17,,2026-08-13,False
naka-498,nakatsugawa,中津川市,はんだごて,燃えないごみ,電気コードは切って、硬質ごみ。,,中津川市 ごみの出し方ガイドブック,https://www.city.nakatsugawa.lg.jp/material/files/group/56/guidebook1.pdf,22,https://www.city.nakatsugawa.lg.jp/soshikikarasagasu/kankyocenter/1/1/gomi/7762.html,2026-04-17,,2026-08-13,False
naka-499,nakatsugawa,中津川市,ハンマー,硬質ごみ,木製の柄の部分は、40cm以下に切って、燃えるごみ。,,中津川市 ごみの出し方ガイドブック,https://www.city.nakatsugawa.lg.jp/material/files/group/56/guidebook1.pdf,22,https://www.city.nakatsugawa.lg.jp/soshikikarasagasu/kankyocenter/1/1/gomi/7762.html,2026-04-17,,2026-08-13,False
naka-500,nakatsugawa,中津川市,ピアノ,引取りできないごみ,できれば、ピアノ引取り専門業者に依頼。 上記が無理な場合、廃棄物処理業者、販売店などへ相談｡,,中津川市 ごみの出し方ガイドブック,https://www.city.nakatsugawa.lg.jp/material/files/group/56/guidebook1.pdf,22,https://www.city.nakatsugawa.lg.jp/soshikikarasagasu/kankyocenter/1/1/gomi/7762.html,2026-04-17,,2026-08-13,False
naka-501,nakatsugawa,中津川市,ビー玉,燃えないごみ,,,中津川市 ごみの出し方ガイドブック,https://www.city.nakatsugawa.lg.jp/material/files/group/56/guidebook1.pdf,22,https://www.city.nakatsugawa.lg.jp/soshikikarasagasu/kankyocenter/1/1/gomi/7762.html,2026-04-17,,2026-08-13,False
naka-502,nakatsugawa,中津川市,ビーチパラソル,燃えないごみ,布地と骨は必ず分別する。40cmを超えるものは、大型ごみ。 布地ははずして40cm以下に切れば、燃えるごみ｡,１本,中津川市 ごみの出し方ガイドブック,https://www.city.nakatsugawa.lg.jp/material/files/group/56/guidebook1.pdf,22,https://www.city.nakatsugawa.lg.jp/soshikikarasagasu/kankyocenter/1/1/gomi/7762.html,2026-04-17,,2026-08-13,False
naka-503,nakatsugawa,中津川市,ひげそり（電気）,燃えないごみ,電気コードは切って、硬質ごみ。,,中津川市 ごみの出し方ガイドブック,https://www.city.nakatsugawa.lg.jp/material/files/group/56/guidebook1.pdf,22,https://www.city.nakatsugawa.lg.jp/soshikikarasagasu/kankyocenter/1/1/gomi/7762.html,2026-04-17,,2026-08-13,False
naka-504,nakatsugawa,中津川市,ビデオカメラ,燃えないごみ,電気コードは切って、硬質ごみ。,,中津川市 ごみの出し方ガイドブック,https://www.city.nakatsugawa.lg.jp/material/files/group/56/guidebook1.pdf,22,https://www.city.nakatsugawa.lg.jp/soshikikarasagasu/kankyocenter/1/1/gomi/7762.html,2026-04-17,,2026-08-13,False
naka-505,nakatsugawa,中津川市,ビデオテープ,燃えるごみ,,,中津川市 ごみの出し方ガイドブック,https://www.city.nakatsugawa.lg.jp/material/files/group/56/guidebook1.pdf,22,https://www.city.nakatsugawa.lg.jp/soshikikarasagasu/kankyocenter/1/1/gomi/7762.html,2026-04-17,,2026-08-13,False
naka-506,nakatsugawa,中津川市,ビデオデッキ,燃えないごみ,電気コードは切って、硬質ごみ。,,中津川市 ごみの出し方ガイドブック,https://www.city.nakatsugawa.lg.jp/material/files/group/56/guidebook1.pdf,22,https://www.city.nakatsugawa.lg.jp/soshikikarasagasu/kankyocenter/1/1/gomi/7762.html,2026-04-17,,2026-08-13,False
naka-507,nakatsugawa,中津川市,雛壇,大型ごみ,,１組,中津川市 ごみの出し方ガイドブック,https://www.city.nakatsugawa.lg.jp/material/files/group/56/guidebook1.pdf,22,https://www.city.nakatsugawa.lg.jp/soshikikarasagasu/kankyocenter/1/1/gomi/7762.html,2026-04-17,,2026-08-13,False
naka-508,nakatsugawa,中津川市,雛人形,燃えるごみ,,,中津川市 ごみの出し方ガイドブック,https://www.city.nakatsugawa.lg.jp/material/files/group/56/guidebook1.pdf,22,https://www.city.nakatsugawa.lg.jp/soshikikarasagasu/kankyocenter/1/1/gomi/7762.html,2026-04-17,,2026-08-13,False
naka-509,nakatsugawa,中津川市,ビニールシート （園芸用）,燃えるごみ,家庭菜園のものに限る。 ロールを解き１人で持てる重さに束ねれ ば、大型ごみ。ロール状のもの、ビニールハウス用は、引取り不可。,１束,中津川市 ごみの出し方ガイドブック,https://www.city.nakatsugawa.lg.jp/material/files/group/56/guidebook1.pdf,22,https://www.city.nakatsugawa.lg.jp/soshikikarasagasu/kankyocenter/1/1/gomi/7762.html,2026-04-17,,2026-08-13,False
naka-510,nakatsugawa,中津川市,ビニールシート （ブルーシートなど）,大型ごみ,40cm以下に切れば、燃えるごみ。,２枚まで 束ねて,中津川市 ごみの出し方ガイドブック,https://www.city.nakatsugawa.lg.jp/material/files/group/56/guidebook1.pdf,22,https://www.city.nakatsugawa.lg.jp/soshikikarasagasu/kankyocenter/1/1/gomi/7762.html,2026-04-17,,2026-08-13,False
naka-511,nakatsugawa,中津川市,火鉢,燃えないごみ,指定袋に収まらないものは、大型ごみ。,１個,中津川市 ごみの出し方ガイドブック,https://www.city.nakatsugawa.lg.jp/material/files/group/56/guidebook1.pdf,22,https://www.city.nakatsugawa.lg.jp/soshikikarasagasu/kankyocenter/1/1/gomi/7762.html,2026-04-17,,2026-08-13,False
naka-512,nakatsugawa,中津川市,肥料,引取りできないごみ,廃棄物処理業者、農協などへ相談｡,,中津川市 ごみの出し方ガイドブック,https://www.city.nakatsugawa.lg.jp/material/files/group/56/guidebook1.pdf,22,https://www.city.nakatsugawa.lg.jp/soshikikarasagasu/kankyocenter/1/1/gomi/7762.html,2026-04-17,,2026-08-13,False
naka-513,nakatsugawa,中津川市,肥料袋（農業用）,引取りできないごみ,廃棄物処理業者、販売店、農協などへ相談｡ 家庭菜園等の肥料袋程度であれば、大型ごみ。,20枚まで 束ねて,中津川市 ごみの出し方ガイドブック,https://www.city.nakatsugawa.lg.jp/material/files/group/56/guidebook1.pdf,22,https://www.city.nakatsugawa.lg.jp/soshikikarasagasu/kankyocenter/1/1/gomi/7762.html,2026-04-17,,2026-08-13,False
naka-514,nakatsugawa,中津川市,瓶類（資源となるもの）,資源ごみ,飲食物が入っていたビンに限る。きれいに洗って出す。 化粧品・油・塗料等のビンは、燃えないごみ。,,中津川市 ごみの出し方ガイドブック,https://www.city.nakatsugawa.lg.jp/material/files/group/56/guidebook1.pdf,22,https://www.city.nakatsugawa.lg.jp/soshikikarasagasu/kankyocenter/1/1/gomi/7762.html,2026-04-17,,2026-08-13,False
naka-515,nakatsugawa,中津川市,瓶類（汚れた物）,燃えないごみ,,,中津川市 ごみの出し方ガイドブック,https://www.city.nakatsugawa.lg.jp/material/files/group/56/guidebook1.pdf,22,https://www.city.nakatsugawa.lg.jp/soshikikarasagasu/kankyocenter/1/1/gomi/7762.html,2026-04-17,,2026-08-13,False
naka-516,nakatsugawa,中津川市,ファイル,燃えるごみ,金属部分ははずして、燃えないごみ｡ 金属部分が外せない場合は、燃えないごみ。,,中津川市 ごみの出し方ガイドブック,https://www.city.nakatsugawa.lg.jp/material/files/group/56/guidebook1.pdf,22,https://www.city.nakatsugawa.lg.jp/soshikikarasagasu/kankyocenter/1/1/gomi/7762.html,2026-04-17,,2026-08-13,False
naka-517,nakatsugawa,中津川市,ファックス ( 家庭用）,燃えないごみ,電気コードは切って、硬質ごみ。,,中津川市 ごみの出し方ガイドブック,https://www.city.nakatsugawa.lg.jp/material/files/group/56/guidebook1.pdf,22,https://www.city.nakatsugawa.lg.jp/soshikikarasagasu/kankyocenter/1/1/gomi/7762.html,2026-04-17,,2026-08-13,False
naka-518,nakatsugawa,中津川市,ファンシーケース （パイプ式）,燃えないごみ,指定袋に収まらないものは、大型ごみ。,１個,中津川市 ごみの出し方ガイドブック,https://www.city.nakatsugawa.lg.jp/material/files/group/56/guidebook1.pdf,22,https://www.city.nakatsugawa.lg.jp/soshikikarasagasu/kankyocenter/1/1/gomi/7762.html,2026-04-17,,2026-08-13,False
naka-519,nakatsugawa,中津川市,ファンヒーター,大型ごみ,電気コードは切って、硬質ごみ。,,中津川市 ごみの出し方ガイドブック,https://www.city.nakatsugawa.lg.jp/material/files/group/56/guidebook1.pdf,22,https://www.city.nakatsugawa.lg.jp/soshikikarasagasu/kankyocenter/1/1/gomi/7762.html,2026-04-17,,2026-08-13,False
naka-520,nakatsugawa,中津川市,フィルム（ネガ）,燃えるごみ,,,中津川市 ごみの出し方ガイドブック,https://www.city.nakatsugawa.lg.jp/material/files/group/56/guidebook1.pdf,22,https://www.city.nakatsugawa.lg.jp/soshikikarasagasu/kankyocenter/1/1/gomi/7762.html,2026-04-17,,2026-08-13,False
naka-521,nakatsugawa,中津川市,風鈴,燃えないごみ,,,中津川市 ごみの出し方ガイドブック,https://www.city.nakatsugawa.lg.jp/material/files/group/56/guidebook1.pdf,22,https://www.city.nakatsugawa.lg.jp/soshikikarasagasu/kankyocenter/1/1/gomi/7762.html,2026-04-17,,2026-08-13,False
naka-522,nakatsugawa,中津川市,フェンス,大型ごみ,最大サイズ【140cm×90cm×200cm】以下のもので家 庭用であれば、引取り可。,１個,中津川市 ごみの出し方ガイドブック,https://www.city.nakatsugawa.lg.jp/material/files/group/56/guidebook1.pdf,22,https://www.city.nakatsugawa.lg.jp/soshikikarasagasu/kankyocenter/1/1/gomi/7762.html,2026-04-17,,2026-08-13,False
naka-523,nakatsugawa,中津川市,フォーク （金属製・食事用）,燃えないごみ,木・プラスチック製のものは、燃えるごみ,,中津川市 ごみの出し方ガイドブック,https://www.city.nakatsugawa.lg.jp/material/files/group/56/guidebook1.pdf,22,https://www.city.nakatsugawa.lg.jp/soshikikarasagasu/kankyocenter/1/1/gomi/7762.html,2026-04-17,,2026-08-13,False
naka-524,nakatsugawa,中津川市,フォーク（農具）,硬質ごみ,木製の柄の部分は、40cm以下に切って、燃えるごみ。,,中津川市 ごみの出し方ガイドブック,https://www.city.nakatsugawa.lg.jp/material/files/group/56/guidebook1.pdf,22,https://www.city.nakatsugawa.lg.jp/soshikikarasagasu/kankyocenter/1/1/gomi/7762.html,2026-04-17,,2026-08-13,False
naka-525,nakatsugawa,中津川市,ふすま,大型ごみ,,１枚,中津川市 ごみの出し方ガイドブック,https://www.city.nakatsugawa.lg.jp/material/files/group/56/guidebook1.pdf,22,https://www.city.nakatsugawa.lg.jp/soshikikarasagasu/kankyocenter/1/1/gomi/7762.html,2026-04-17,,2026-08-13,False
naka-526,nakatsugawa,中津川市,蓋類（プラスチック類）,燃えるごみ,金属製のものは、燃えないごみ。,,中津川市 ごみの出し方ガイドブック,https://www.city.nakatsugawa.lg.jp/material/files/group/56/guidebook1.pdf,22,https://www.city.nakatsugawa.lg.jp/soshikikarasagasu/kankyocenter/1/1/gomi/7762.html,2026-04-17,,2026-08-13,False
naka-527,nakatsugawa,中津川市,仏壇,大型ごみ,精を抜き（お祓い・魂抜き）、可能な限り分解して出す。 環境センターへの直接持ち込みに限る。,,中津川市 ごみの出し方ガイドブック,https://www.city.nakatsugawa.lg.jp/material/files/group/56/guidebook1.pdf,22,https://www.city.nakatsugawa.lg.jp/soshikikarasagasu/kankyocenter/1/1/gomi/7762.html,2026-04-17,,2026-08-13,False
naka-528,nakatsugawa,中津川市,筆,燃えるごみ,,,中津川市 ごみの出し方ガイドブック,https://www.city.nakatsugawa.lg.jp/material/files/group/56/guidebook1.pdf,22,https://www.city.nakatsugawa.lg.jp/soshikikarasagasu/kankyocenter/1/1/gomi/7762.html,2026-04-17,,2026-08-13,False
naka-529,nakatsugawa,中津川市,布団,大型ごみ,たたんで縛って出す｡ 燃えるごみにだす場合、40cm以下に切り （わたも切る）、指定袋に切ってあることを明記。,２枚まで 束ねて,中津川市 ごみの出し方ガイドブック,https://www.city.nakatsugawa.lg.jp/material/files/group/56/guidebook1.pdf,22,https://www.city.nakatsugawa.lg.jp/soshikikarasagasu/kankyocenter/1/1/gomi/7762.html,2026-04-17,,2026-08-13,False
naka-530,nakatsugawa,中津川市,布団カバー（シーツ）,燃えるごみ,40cmを超えるものは、大型ごみ。 できる限り、リサイクルに出してください。,５枚まで 束ねて,中津川市 ごみの出し方ガイドブック,https://www.city.nakatsugawa.lg.jp/material/files/group/56/guidebook1.pdf,22,https://www.city.nakatsugawa.lg.jp/soshikikarasagasu/kankyocenter/1/1/gomi/7762.html,2026-04-17,,2026-08-13,False
naka-531,nakatsugawa,中津川市,布団乾燥機,燃えないごみ,電気コードは切って、硬質ごみ。,,中津川市 ごみの出し方ガイドブック,https://www.city.nakatsugawa.lg.jp/material/files/group/56/guidebook1.pdf,22,https://www.city.nakatsugawa.lg.jp/soshikikarasagasu/kankyocenter/1/1/gomi/7762.html,2026-04-17,,2026-08-13,False
naka-532,nakatsugawa,中津川市,布団干し,大型ごみ,,１台,中津川市 ごみの出し方ガイドブック,https://www.city.nakatsugawa.lg.jp/material/files/group/56/guidebook1.pdf,22,https://www.city.nakatsugawa.lg.jp/soshikikarasagasu/kankyocenter/1/1/gomi/7762.html,2026-04-17,,2026-08-13,False
naka-533,nakatsugawa,中津川市,フライパン,燃えないごみ,,,中津川市 ごみの出し方ガイドブック,https://www.city.nakatsugawa.lg.jp/material/files/group/56/guidebook1.pdf,22,https://www.city.nakatsugawa.lg.jp/soshikikarasagasu/kankyocenter/1/1/gomi/7762.html,2026-04-17,,2026-08-13,False
naka-534,nakatsugawa,中津川市,ブラインド,大型ごみ,指定袋に入る大きさにできれば、プラスチック製のものは 燃えるごみに、金属製のものは燃えないごみに出す｡,１枚,中津川市 ごみの出し方ガイドブック,https://www.city.nakatsugawa.lg.jp/material/files/group/56/guidebook1.pdf,22,https://www.city.nakatsugawa.lg.jp/soshikikarasagasu/kankyocenter/1/1/gomi/7762.html,2026-04-17,,2026-08-13,False
naka-535,nakatsugawa,中津川市,ぶら下がり健康器,大型ごみ,,１台,中津川市 ごみの出し方ガイドブック,https://www.city.nakatsugawa.lg.jp/material/files/group/56/guidebook1.pdf,22,https://www.city.nakatsugawa.lg.jp/soshikikarasagasu/kankyocenter/1/1/gomi/7762.html,2026-04-17,,2026-08-13,False
naka-536,nakatsugawa,中津川市,ブラシ類,燃えるごみ,金属製のものは、燃えないごみ。,,中津川市 ごみの出し方ガイドブック,https://www.city.nakatsugawa.lg.jp/material/files/group/56/guidebook1.pdf,22,https://www.city.nakatsugawa.lg.jp/soshikikarasagasu/kankyocenter/1/1/gomi/7762.html,2026-04-17,,2026-08-13,False
naka-537,nakatsugawa,中津川市,ブランコ（幼児用）,大型ごみ,,１個,中津川市 ごみの出し方ガイドブック,https://www.city.nakatsugawa.lg.jp/material/files/group/56/guidebook1.pdf,22,https://www.city.nakatsugawa.lg.jp/soshikikarasagasu/kankyocenter/1/1/gomi/7762.html,2026-04-17,,2026-08-13,False
naka-538,nakatsugawa,中津川市,プランター,燃えるごみ,40cmを超えるものは、大型ごみ。,３個まで 重ねて,中津川市 ごみの出し方ガイドブック,https://www.city.nakatsugawa.lg.jp/material/files/group/56/guidebook1.pdf,22,https://www.city.nakatsugawa.lg.jp/soshikikarasagasu/kankyocenter/1/1/gomi/7762.html,2026-04-17,,2026-08-13,False
naka-539,nakatsugawa,中津川市,プリンター（家庭用）,燃えないごみ,電気コードは切って、硬質ごみ。,,中津川市 ごみの出し方ガイドブック,https://www.city.nakatsugawa.lg.jp/material/files/group/56/guidebook1.pdf,22,https://www.city.nakatsugawa.lg.jp/soshikikarasagasu/kankyocenter/1/1/gomi/7762.html,2026-04-17,,2026-08-13,False
naka-540,nakatsugawa,中津川市,フロアーマット,燃えるごみ,40cmを超えるものは、大型ごみ。,１枚,中津川市 ごみの出し方ガイドブック,https://www.city.nakatsugawa.lg.jp/material/files/group/56/guidebook1.pdf,22,https://www.city.nakatsugawa.lg.jp/soshikikarasagasu/kankyocenter/1/1/gomi/7762.html,2026-04-17,,2026-08-13,False
naka-541,nakatsugawa,中津川市,風呂桶・風呂釜・浴槽,引取りできないごみ,廃棄物処理業者、販売店などへ相談｡,１個,中津川市 ごみの出し方ガイドブック,https://www.city.nakatsugawa.lg.jp/material/files/group/56/guidebook1.pdf,23,https://www.city.nakatsugawa.lg.jp/soshikikarasagasu/kankyocenter/1/1/gomi/7762.html,2026-04-17,,2026-08-13,False
naka-542,nakatsugawa,中津川市,プロジェクションテレビ,大型ごみ,,１個,中津川市 ごみの出し方ガイドブック,https://www.city.nakatsugawa.lg.jp/material/files/group/56/guidebook1.pdf,23,https://www.city.nakatsugawa.lg.jp/soshikikarasagasu/kankyocenter/1/1/gomi/7762.html,2026-04-17,,2026-08-13,False
naka-543,nakatsugawa,中津川市,フロッピーディスク,燃えるごみ,,,中津川市 ごみの出し方ガイドブック,https://www.city.nakatsugawa.lg.jp/material/files/group/56/guidebook1.pdf,23,https://www.city.nakatsugawa.lg.jp/soshikikarasagasu/kankyocenter/1/1/gomi/7762.html,2026-04-17,,2026-08-13,False
naka-544,nakatsugawa,中津川市,プロパンガスボンベ,引取りできないごみ,廃棄物処理業者、販売店、取扱店などに相談｡,,中津川市 ごみの出し方ガイドブック,https://www.city.nakatsugawa.lg.jp/material/files/group/56/guidebook1.pdf,23,https://www.city.nakatsugawa.lg.jp/soshikikarasagasu/kankyocenter/1/1/gomi/7762.html,2026-04-17,,2026-08-13,False
naka-545,nakatsugawa,中津川市,風呂蓋 （木・プラスチック製）,燃えるごみ,40cmを超えるものは、大型ごみ。,１枚,中津川市 ごみの出し方ガイドブック,https://www.city.nakatsugawa.lg.jp/material/files/group/56/guidebook1.pdf,23,https://www.city.nakatsugawa.lg.jp/soshikikarasagasu/kankyocenter/1/1/gomi/7762.html,2026-04-17,,2026-08-13,False
naka-546,nakatsugawa,中津川市,風呂マット,燃えるごみ,40cmを超えるものは、大型ごみ。,２枚まで 束ねて,中津川市 ごみの出し方ガイドブック,https://www.city.nakatsugawa.lg.jp/material/files/group/56/guidebook1.pdf,23,https://www.city.nakatsugawa.lg.jp/soshikikarasagasu/kankyocenter/1/1/gomi/7762.html,2026-04-17,,2026-08-13,False
naka-547,nakatsugawa,中津川市,文鎮（金属製）,硬質ごみ,石製のものは、引取り不可。,,中津川市 ごみの出し方ガイドブック,https://www.city.nakatsugawa.lg.jp/material/files/group/56/guidebook1.pdf,23,https://www.city.nakatsugawa.lg.jp/soshikikarasagasu/kankyocenter/1/1/gomi/7762.html,2026-04-17,,2026-08-13,False
naka-548,nakatsugawa,中津川市,噴霧器,引取りできないごみ,手動のもので袋に収まるものは、燃えないごみ。,,中津川市 ごみの出し方ガイドブック,https://www.city.nakatsugawa.lg.jp/material/files/group/56/guidebook1.pdf,23,https://www.city.nakatsugawa.lg.jp/soshikikarasagasu/kankyocenter/1/1/gomi/7762.html,2026-04-17,,2026-08-13,False
naka-549,nakatsugawa,中津川市,ヘアーブラシ,燃えるごみ,金属製のものは、燃えないごみ。,,中津川市 ごみの出し方ガイドブック,https://www.city.nakatsugawa.lg.jp/material/files/group/56/guidebook1.pdf,23,https://www.city.nakatsugawa.lg.jp/soshikikarasagasu/kankyocenter/1/1/gomi/7762.html,2026-04-17,,2026-08-13,False
naka-550,nakatsugawa,中津川市,ベッド,大型ごみ,ウオーターベッドは水を抜いて出すこと。 最大サイズ【140cm×90cm×200cm】を超えるものは、引取り不可。,１台,中津川市 ごみの出し方ガイドブック,https://www.city.nakatsugawa.lg.jp/material/files/group/56/guidebook1.pdf,23,https://www.city.nakatsugawa.lg.jp/soshikikarasagasu/kankyocenter/1/1/gomi/7762.html,2026-04-17,,2026-08-13,False
naka-551,nakatsugawa,中津川市,ペット砂,燃えるごみ,糞は取り除き、ビニール袋などに入れて出す｡ 商品の説明書をよく読んでから分別する。,,中津川市 ごみの出し方ガイドブック,https://www.city.nakatsugawa.lg.jp/material/files/group/56/guidebook1.pdf,23,https://www.city.nakatsugawa.lg.jp/soshikikarasagasu/kankyocenter/1/1/gomi/7762.html,2026-04-17,,2026-08-13,False
naka-552,nakatsugawa,中津川市,ペットの遺体,火葬,事前に電話での受付が必要。個別火葬は予約が必要。 観賞魚はペットであるが、燃えるごみでも引取り可。,,中津川市 ごみの出し方ガイドブック,https://www.city.nakatsugawa.lg.jp/material/files/group/56/guidebook1.pdf,23,https://www.city.nakatsugawa.lg.jp/soshikikarasagasu/kankyocenter/1/1/gomi/7762.html,2026-04-17,,2026-08-13,False
naka-553,nakatsugawa,中津川市,ペットのゲージ,大型ごみ,,１セット を束ねて,中津川市 ごみの出し方ガイドブック,https://www.city.nakatsugawa.lg.jp/material/files/group/56/guidebook1.pdf,23,https://www.city.nakatsugawa.lg.jp/soshikikarasagasu/kankyocenter/1/1/gomi/7762.html,2026-04-17,,2026-08-13,False
naka-554,nakatsugawa,中津川市,ペットの糞,燃えるごみ,ビニール袋に入れてから、指定袋へ入れる。 糞だけであれば、トイレに流す。,,中津川市 ごみの出し方ガイドブック,https://www.city.nakatsugawa.lg.jp/material/files/group/56/guidebook1.pdf,23,https://www.city.nakatsugawa.lg.jp/soshikikarasagasu/kankyocenter/1/1/gomi/7762.html,2026-04-17,,2026-08-13,False
naka-555,nakatsugawa,中津川市,ペットボトル,資源ごみ,水洗いし軽くつぶして出す｡ ふたとラベルは外して、燃えるごみ｡ 汚れが落ちないものは、燃えるごみ。,,中津川市 ごみの出し方ガイドブック,https://www.city.nakatsugawa.lg.jp/material/files/group/56/guidebook1.pdf,23,https://www.city.nakatsugawa.lg.jp/soshikikarasagasu/kankyocenter/1/1/gomi/7762.html,2026-04-17,,2026-08-13,False
naka-556,nakatsugawa,中津川市,ペットボトルの蓋（プラ製）,資源となるごみ,金属製のものは、燃えないごみ。,,中津川市 ごみの出し方ガイドブック,https://www.city.nakatsugawa.lg.jp/material/files/group/56/guidebook1.pdf,23,https://www.city.nakatsugawa.lg.jp/soshikikarasagasu/kankyocenter/1/1/gomi/7762.html,2026-04-17,,2026-08-13,False
naka-557,nakatsugawa,中津川市,ベニヤ板,大型ごみ,２ｍを超える物は出せません。,１枚,中津川市 ごみの出し方ガイドブック,https://www.city.nakatsugawa.lg.jp/material/files/group/56/guidebook1.pdf,23,https://www.city.nakatsugawa.lg.jp/soshikikarasagasu/kankyocenter/1/1/gomi/7762.html,2026-04-17,,2026-08-13,False
naka-558,nakatsugawa,中津川市,ベビー椅子,大型ごみ,プラスチック製で40cm以下に切れば、燃えるごみ。 金属製のもので袋に収まるものは、燃えないごみ。,１個,中津川市 ごみの出し方ガイドブック,https://www.city.nakatsugawa.lg.jp/material/files/group/56/guidebook1.pdf,23,https://www.city.nakatsugawa.lg.jp/soshikikarasagasu/kankyocenter/1/1/gomi/7762.html,2026-04-17,,2026-08-13,False
naka-559,nakatsugawa,中津川市,ベビーカー,大型ごみ,「乳母車」（23ページ）を参照。,１個,中津川市 ごみの出し方ガイドブック,https://www.city.nakatsugawa.lg.jp/material/files/group/56/guidebook1.pdf,23,https://www.city.nakatsugawa.lg.jp/soshikikarasagasu/kankyocenter/1/1/gomi/7762.html,2026-04-17,,2026-08-13,False
naka-560,nakatsugawa,中津川市,便槽,引取りできないごみ,廃棄物処理業者、販売店などへ相談｡,,中津川市 ごみの出し方ガイドブック,https://www.city.nakatsugawa.lg.jp/material/files/group/56/guidebook1.pdf,23,https://www.city.nakatsugawa.lg.jp/soshikikarasagasu/kankyocenter/1/1/gomi/7762.html,2026-04-17,,2026-08-13,False
naka-561,nakatsugawa,中津川市,ベビーバス,大型ごみ,プラスチック製で40cm以下に切れば、燃えるごみ。,１個,中津川市 ごみの出し方ガイドブック,https://www.city.nakatsugawa.lg.jp/material/files/group/56/guidebook1.pdf,23,https://www.city.nakatsugawa.lg.jp/soshikikarasagasu/kankyocenter/1/1/gomi/7762.html,2026-04-17,,2026-08-13,False
naka-562,nakatsugawa,中津川市,ベビー布団,大型ごみ,たたんで縛って出す｡一片が40cm以上の物は大型ごみとして出す｡40cm以下切れば、 燃えるごみ（わたも切る）。燃えるごみにだす場合、指定袋に切ってあることを明記する。,２枚まで 束ねて,中津川市 ごみの出し方ガイドブック,https://www.city.nakatsugawa.lg.jp/material/files/group/56/guidebook1.pdf,23,https://www.city.nakatsugawa.lg.jp/soshikikarasagasu/kankyocenter/1/1/gomi/7762.html,2026-04-17,,2026-08-13,False
naka-563,nakatsugawa,中津川市,ベルト（被服用）,燃えるごみ,40cm以下に切ること。 金属部分ははずして、燃えないごみ｡,,中津川市 ごみの出し方ガイドブック,https://www.city.nakatsugawa.lg.jp/material/files/group/56/guidebook1.pdf,23,https://www.city.nakatsugawa.lg.jp/soshikikarasagasu/kankyocenter/1/1/gomi/7762.html,2026-04-17,,2026-08-13,False
naka-564,nakatsugawa,中津川市,ヘルメット,燃えるごみ,フルフェイスは、燃えないごみ。,,中津川市 ごみの出し方ガイドブック,https://www.city.nakatsugawa.lg.jp/material/files/group/56/guidebook1.pdf,23,https://www.city.nakatsugawa.lg.jp/soshikikarasagasu/kankyocenter/1/1/gomi/7762.html,2026-04-17,,2026-08-13,False
naka-565,nakatsugawa,中津川市,便器,引取りできないごみ,廃棄物処理業者、販売店などへ相談｡きれいに洗い、細かく 砕いて便器とわからなければ、燃えないごみで引取り可。,,中津川市 ごみの出し方ガイドブック,https://www.city.nakatsugawa.lg.jp/material/files/group/56/guidebook1.pdf,23,https://www.city.nakatsugawa.lg.jp/soshikikarasagasu/kankyocenter/1/1/gomi/7762.html,2026-04-17,,2026-08-13,False
naka-566,nakatsugawa,中津川市,ペンキ,引取りできないごみ,廃棄物処理業者、販売店などへ相談｡少量であれば、布に 少しづつ染み込ませて完全に乾かしてから、燃えるごみ。,,中津川市 ごみの出し方ガイドブック,https://www.city.nakatsugawa.lg.jp/material/files/group/56/guidebook1.pdf,23,https://www.city.nakatsugawa.lg.jp/soshikikarasagasu/kankyocenter/1/1/gomi/7762.html,2026-04-17,,2026-08-13,False
naka-567,nakatsugawa,中津川市,便座,燃えるごみ,洗浄機能付きは、燃えないごみ。 電気コードは切って、硬質ごみ。,,中津川市 ごみの出し方ガイドブック,https://www.city.nakatsugawa.lg.jp/material/files/group/56/guidebook1.pdf,23,https://www.city.nakatsugawa.lg.jp/soshikikarasagasu/kankyocenter/1/1/gomi/7762.html,2026-04-17,,2026-08-13,False
naka-568,nakatsugawa,中津川市,ペンチ,硬質ごみ,,,中津川市 ごみの出し方ガイドブック,https://www.city.nakatsugawa.lg.jp/material/files/group/56/guidebook1.pdf,23,https://www.city.nakatsugawa.lg.jp/soshikikarasagasu/kankyocenter/1/1/gomi/7762.html,2026-04-17,,2026-08-13,False
naka-569,nakatsugawa,中津川市,ボイラー,引取りできないごみ,廃棄物処理業者、販売店などへ相談｡,,中津川市 ごみの出し方ガイドブック,https://www.city.nakatsugawa.lg.jp/material/files/group/56/guidebook1.pdf,23,https://www.city.nakatsugawa.lg.jp/soshikikarasagasu/kankyocenter/1/1/gomi/7762.html,2026-04-17,,2026-08-13,False
naka-570,nakatsugawa,中津川市,ホイールキャップ,燃えるごみ,金属部分は外す。,,中津川市 ごみの出し方ガイドブック,https://www.city.nakatsugawa.lg.jp/material/files/group/56/guidebook1.pdf,23,https://www.city.nakatsugawa.lg.jp/soshikikarasagasu/kankyocenter/1/1/gomi/7762.html,2026-04-17,,2026-08-13,False
naka-571,nakatsugawa,中津川市,ほうき,燃えるごみ,40cmを超えるものは、大型ごみ。,２本まで 束ねて,中津川市 ごみの出し方ガイドブック,https://www.city.nakatsugawa.lg.jp/material/files/group/56/guidebook1.pdf,23,https://www.city.nakatsugawa.lg.jp/soshikikarasagasu/kankyocenter/1/1/gomi/7762.html,2026-04-17,,2026-08-13,False
naka-572,nakatsugawa,中津川市,帽子,燃えるごみ,２ｍくらいに切って束ねる。,１束,中津川市 ごみの出し方ガイドブック,https://www.city.nakatsugawa.lg.jp/material/files/group/56/guidebook1.pdf,23,https://www.city.nakatsugawa.lg.jp/soshikikarasagasu/kankyocenter/1/1/gomi/7762.html,2026-04-17,,2026-08-13,False
naka-573,nakatsugawa,中津川市,防草シート,大型ごみ,電気コードは切って、硬質ごみ。,,中津川市 ごみの出し方ガイドブック,https://www.city.nakatsugawa.lg.jp/material/files/group/56/guidebook1.pdf,23,https://www.city.nakatsugawa.lg.jp/soshikikarasagasu/kankyocenter/1/1/gomi/7762.html,2026-04-17,,2026-08-13,False
naka-574,nakatsugawa,中津川市,包丁研ぎ器,燃えないごみ,プラスチック製のものは、燃えるごみ｡,,中津川市 ごみの出し方ガイドブック,https://www.city.nakatsugawa.lg.jp/material/files/group/56/guidebook1.pdf,23,https://www.city.nakatsugawa.lg.jp/soshikikarasagasu/kankyocenter/1/1/gomi/7762.html,2026-04-17,,2026-08-13,False
naka-575,nakatsugawa,中津川市,ボウル（金属製・ガ ラス製）調理用,燃えないごみ,40cmを超えるものは、大型ごみ。,１本,中津川市 ごみの出し方ガイドブック,https://www.city.nakatsugawa.lg.jp/material/files/group/56/guidebook1.pdf,23,https://www.city.nakatsugawa.lg.jp/soshikikarasagasu/kankyocenter/1/1/gomi/7762.html,2026-04-17,,2026-08-13,False
naka-576,nakatsugawa,中津川市,ホース,燃えるごみ,40cmを超えるものは、大型ごみ。 金属製のものは、燃えないごみ。,１個,中津川市 ごみの出し方ガイドブック,https://www.city.nakatsugawa.lg.jp/material/files/group/56/guidebook1.pdf,23,https://www.city.nakatsugawa.lg.jp/soshikikarasagasu/kankyocenter/1/1/gomi/7762.html,2026-04-17,,2026-08-13,False
naka-577,nakatsugawa,中津川市,ホースリール （プラスチック）,燃えるごみ,中を空にし、きれいに洗って出す。,,中津川市 ごみの出し方ガイドブック,https://www.city.nakatsugawa.lg.jp/material/files/group/56/guidebook1.pdf,23,https://www.city.nakatsugawa.lg.jp/soshikikarasagasu/kankyocenter/1/1/gomi/7762.html,2026-04-17,,2026-08-13,False
naka-578,nakatsugawa,中津川市,ポータブルトイレ,大型ごみ,切断した電気コードは硬質ごみに出す｡,１個,中津川市 ごみの出し方ガイドブック,https://www.city.nakatsugawa.lg.jp/material/files/group/56/guidebook1.pdf,23,https://www.city.nakatsugawa.lg.jp/soshikikarasagasu/kankyocenter/1/1/gomi/7762.html,2026-04-17,,2026-08-13,False
naka-579,nakatsugawa,中津川市,ホームベーカリー,大型ごみ,金属製のものや金属部分は、燃えないごみ。,,中津川市 ごみの出し方ガイドブック,https://www.city.nakatsugawa.lg.jp/material/files/group/56/guidebook1.pdf,23,https://www.city.nakatsugawa.lg.jp/soshikikarasagasu/kankyocenter/1/1/gomi/7762.html,2026-04-17,,2026-08-13,False
naka-580,nakatsugawa,中津川市,ボールペン,燃えるごみ,ボーリングの球は、引取り不可。,,中津川市 ごみの出し方ガイドブック,https://www.city.nakatsugawa.lg.jp/material/files/group/56/guidebook1.pdf,23,https://www.city.nakatsugawa.lg.jp/soshikikarasagasu/kankyocenter/1/1/gomi/7762.html,2026-04-17,,2026-08-13,False
naka-581,nakatsugawa,中津川市,ボール類（スポーツ用品）,燃えるごみ,「冷温庫」であれば、家電リサイクル対象品。電気コードは 切って、硬質ごみ。指定袋に収まらないものは、大型ごみ。,１台,中津川市 ごみの出し方ガイドブック,https://www.city.nakatsugawa.lg.jp/material/files/group/56/guidebook1.pdf,23,https://www.city.nakatsugawa.lg.jp/soshikikarasagasu/kankyocenter/1/1/gomi/7762.html,2026-04-17,,2026-08-13,False
naka-582,nakatsugawa,中津川市,保温庫,燃えないごみ,指定袋に収まらないものは、大型ごみ。,１台,中津川市 ごみの出し方ガイドブック,https://www.city.nakatsugawa.lg.jp/material/files/group/56/guidebook1.pdf,23,https://www.city.nakatsugawa.lg.jp/soshikikarasagasu/kankyocenter/1/1/gomi/7762.html,2026-04-17,,2026-08-13,False
naka-583,nakatsugawa,中津川市,歩行器（幼児用）,燃えないごみ,,,中津川市 ごみの出し方ガイドブック,https://www.city.nakatsugawa.lg.jp/material/files/group/56/guidebook1.pdf,23,https://www.city.nakatsugawa.lg.jp/soshikikarasagasu/kankyocenter/1/1/gomi/7762.html,2026-04-17,,2026-08-13,False
naka-584,nakatsugawa,中津川市,ホットカーペット,引取りできないごみ,廃棄物処理業者へ相談｡分解して中の電気コード類を取り 出せば、燃えるごみ。（電気コードは硬質ごみ。）,,中津川市 ごみの出し方ガイドブック,https://www.city.nakatsugawa.lg.jp/material/files/group/56/guidebook1.pdf,23,https://www.city.nakatsugawa.lg.jp/soshikikarasagasu/kankyocenter/1/1/gomi/7762.html,2026-04-17,,2026-08-13,False
naka-585,nakatsugawa,中津川市,ホットプレート,燃えないごみ,電気コードは切って、硬質ごみ。,,中津川市 ごみの出し方ガイドブック,https://www.city.nakatsugawa.lg.jp/material/files/group/56/guidebook1.pdf,23,https://www.city.nakatsugawa.lg.jp/soshikikarasagasu/kankyocenter/1/1/gomi/7762.html,2026-04-17,,2026-08-13,False
naka-586,nakatsugawa,中津川市,ホットボックス,燃えないごみ,「冷温庫」であれば、家電リサイクル対象品。電気コードは 切って、硬質ごみ。指定袋に収まらないものは、大型ごみ。,１個,中津川市 ごみの出し方ガイドブック,https://www.city.nakatsugawa.lg.jp/material/files/group/56/guidebook1.pdf,23,https://www.city.nakatsugawa.lg.jp/soshikikarasagasu/kankyocenter/1/1/gomi/7762.html,2026-04-17,,2026-08-13,False
naka-587,nakatsugawa,中津川市,ポット・魔法瓶,燃えないごみ,,,中津川市 ごみの出し方ガイドブック,https://www.city.nakatsugawa.lg.jp/material/files/group/56/guidebook1.pdf,23,https://www.city.nakatsugawa.lg.jp/soshikikarasagasu/kankyocenter/1/1/gomi/7762.html,2026-04-17,,2026-08-13,False
naka-588,nakatsugawa,中津川市,哺乳瓶（プラスチック製）,燃えるごみ,ガラス製のものは、燃えないごみ。,,中津川市 ごみの出し方ガイドブック,https://www.city.nakatsugawa.lg.jp/material/files/group/56/guidebook1.pdf,23,https://www.city.nakatsugawa.lg.jp/soshikikarasagasu/kankyocenter/1/1/gomi/7762.html,2026-04-17,,2026-08-13,False
naka-589,nakatsugawa,中津川市,ポリカーボネート樹脂板,大型ごみ,,１枚,中津川市 ごみの出し方ガイドブック,https://www.city.nakatsugawa.lg.jp/material/files/group/56/guidebook1.pdf,23,https://www.city.nakatsugawa.lg.jp/soshikikarasagasu/kankyocenter/1/1/gomi/7762.html,2026-04-17,,2026-08-13,False
naka-590,nakatsugawa,中津川市,ポリタンク,燃えるごみ,中身を完全に抜き、ふたを外して出す｡,,中津川市 ごみの出し方ガイドブック,https://www.city.nakatsugawa.lg.jp/material/files/group/56/guidebook1.pdf,23,https://www.city.nakatsugawa.lg.jp/soshikikarasagasu/kankyocenter/1/1/gomi/7762.html,2026-04-17,,2026-08-13,False
naka-591,nakatsugawa,中津川市,保冷庫,リサイクル対象品,家電リサイクル対象品。17ページ参照。,,中津川市 ごみの出し方ガイドブック,https://www.city.nakatsugawa.lg.jp/material/files/group/56/guidebook1.pdf,23,https://www.city.nakatsugawa.lg.jp/soshikikarasagasu/kankyocenter/1/1/gomi/7762.html,2026-04-17,,2026-08-13,False
naka-592,nakatsugawa,中津川市,保冷剤,燃えるごみ,頭部を冷やせるくらいの大きさまで、引取り可。,,中津川市 ごみの出し方ガイドブック,https://www.city.nakatsugawa.lg.jp/material/files/group/56/guidebook1.pdf,23,https://www.city.nakatsugawa.lg.jp/soshikikarasagasu/kankyocenter/1/1/gomi/7762.html,2026-04-17,,2026-08-13,False
naka-593,nakatsugawa,中津川市,本、雑誌,資源となるごみ,リサイクルＢＯＸ、学校等の資源回収へ出す｡,,中津川市 ごみの出し方ガイドブック,https://www.city.nakatsugawa.lg.jp/material/files/group/56/guidebook1.pdf,23,https://www.city.nakatsugawa.lg.jp/soshikikarasagasu/kankyocenter/1/1/gomi/7762.html,2026-04-17,,2026-08-13,False
naka-594,nakatsugawa,中津川市,本棚,大型ごみ,,１個,中津川市 ごみの出し方ガイドブック,https://www.city.nakatsugawa.lg.jp/material/files/group/56/guidebook1.pdf,23,https://www.city.nakatsugawa.lg.jp/soshikikarasagasu/kankyocenter/1/1/gomi/7762.html,2026-04-17,,2026-08-13,False
naka-595,nakatsugawa,中津川市,ポンプ類,大型ごみ,水槽用や風呂水用の小さなものであれば、燃えないごみ（電 気コードは切って、硬質ごみ。）,１台,中津川市 ごみの出し方ガイドブック,https://www.city.nakatsugawa.lg.jp/material/files/group/56/guidebook1.pdf,24,https://www.city.nakatsugawa.lg.jp/soshikikarasagasu/kankyocenter/1/1/gomi/7762.html,2026-04-17,,2026-08-13,False
naka-596,nakatsugawa,中津川市,麻雀パイ （プラスチック製）,燃えるごみ,,,中津川市 ごみの出し方ガイドブック,https://www.city.nakatsugawa.lg.jp/material/files/group/56/guidebook1.pdf,24,https://www.city.nakatsugawa.lg.jp/soshikikarasagasu/kankyocenter/1/1/gomi/7762.html,2026-04-17,,2026-08-13,False
naka-597,nakatsugawa,中津川市,マイクロホン,燃えないごみ,電気コードは切って、硬質ごみ。,,中津川市 ごみの出し方ガイドブック,https://www.city.nakatsugawa.lg.jp/material/files/group/56/guidebook1.pdf,24,https://www.city.nakatsugawa.lg.jp/soshikikarasagasu/kankyocenter/1/1/gomi/7762.html,2026-04-17,,2026-08-13,False
naka-598,nakatsugawa,中津川市,マグネット,燃えないごみ,,,中津川市 ごみの出し方ガイドブック,https://www.city.nakatsugawa.lg.jp/material/files/group/56/guidebook1.pdf,24,https://www.city.nakatsugawa.lg.jp/soshikikarasagasu/kankyocenter/1/1/gomi/7762.html,2026-04-17,,2026-08-13,False
naka-599,nakatsugawa,中津川市,枕,燃えるごみ,40cmを超えるものは、大型ごみ。,２個まで まとめて,中津川市 ごみの出し方ガイドブック,https://www.city.nakatsugawa.lg.jp/material/files/group/56/guidebook1.pdf,24,https://www.city.nakatsugawa.lg.jp/soshikikarasagasu/kankyocenter/1/1/gomi/7762.html,2026-04-17,,2026-08-13,False
naka-600,nakatsugawa,中津川市,マジックインク,燃えるごみ,,,中津川市 ごみの出し方ガイドブック,https://www.city.nakatsugawa.lg.jp/material/files/group/56/guidebook1.pdf,24,https://www.city.nakatsugawa.lg.jp/soshikikarasagasu/kankyocenter/1/1/gomi/7762.html,2026-04-17,,2026-08-13,False
naka-601,nakatsugawa,中津川市,マジックペン,燃えるごみ,ガラス・金属部分は、燃えないごみ。,,中津川市 ごみの出し方ガイドブック,https://www.city.nakatsugawa.lg.jp/material/files/group/56/guidebook1.pdf,24,https://www.city.nakatsugawa.lg.jp/soshikikarasagasu/kankyocenter/1/1/gomi/7762.html,2026-04-17,,2026-08-13,False
naka-602,nakatsugawa,中津川市,マッサージ器,燃えないごみ,電気コードは切って、硬質ごみ。 指定袋に収まらないものは、大型ごみ。,１台,中津川市 ごみの出し方ガイドブック,https://www.city.nakatsugawa.lg.jp/material/files/group/56/guidebook1.pdf,24,https://www.city.nakatsugawa.lg.jp/soshikikarasagasu/kankyocenter/1/1/gomi/7762.html,2026-04-17,,2026-08-13,False
naka-603,nakatsugawa,中津川市,マッサージチェア,大型ごみ,電気コードは切断して硬質ごみに出す｡,１台,中津川市 ごみの出し方ガイドブック,https://www.city.nakatsugawa.lg.jp/material/files/group/56/guidebook1.pdf,24,https://www.city.nakatsugawa.lg.jp/soshikikarasagasu/kankyocenter/1/1/gomi/7762.html,2026-04-17,,2026-08-13,False
naka-604,nakatsugawa,中津川市,マットレス,大型ごみ,ベットマットレスも大型ごみで出せる。学校等で使われるよう な固いマットは出せないので、購入店・廃棄物処理業者へ相談。,１枚,中津川市 ごみの出し方ガイドブック,https://www.city.nakatsugawa.lg.jp/material/files/group/56/guidebook1.pdf,24,https://www.city.nakatsugawa.lg.jp/soshikikarasagasu/kankyocenter/1/1/gomi/7762.html,2026-04-17,,2026-08-13,False
naka-605,nakatsugawa,中津川市,窓ガラス,燃えないごみ,中身が見える状態で出す。 指定袋に収まらないものは、大型ごみ。,１枚,中津川市 ごみの出し方ガイドブック,https://www.city.nakatsugawa.lg.jp/material/files/group/56/guidebook1.pdf,24,https://www.city.nakatsugawa.lg.jp/soshikikarasagasu/kankyocenter/1/1/gomi/7762.html,2026-04-17,,2026-08-13,False
naka-606,nakatsugawa,中津川市,まな板,燃えるごみ,40cmを超えるものは、大型ごみ。,２枚まで 束ねて,中津川市 ごみの出し方ガイドブック,https://www.city.nakatsugawa.lg.jp/material/files/group/56/guidebook1.pdf,24,https://www.city.nakatsugawa.lg.jp/soshikikarasagasu/kankyocenter/1/1/gomi/7762.html,2026-04-17,,2026-08-13,False
naka-607,nakatsugawa,中津川市,マニキュアのびん,燃えないごみ,中身の液体を空にしてだす。,,中津川市 ごみの出し方ガイドブック,https://www.city.nakatsugawa.lg.jp/material/files/group/56/guidebook1.pdf,24,https://www.city.nakatsugawa.lg.jp/soshikikarasagasu/kankyocenter/1/1/gomi/7762.html,2026-04-17,,2026-08-13,False
naka-608,nakatsugawa,中津川市,マネキン,大型ごみ,,１体,中津川市 ごみの出し方ガイドブック,https://www.city.nakatsugawa.lg.jp/material/files/group/56/guidebook1.pdf,24,https://www.city.nakatsugawa.lg.jp/soshikikarasagasu/kankyocenter/1/1/gomi/7762.html,2026-04-17,,2026-08-13,False
naka-609,nakatsugawa,中津川市,豆炭あんか,有害ごみ,燃えないごみの袋に入れ、有害ごみ。,,中津川市 ごみの出し方ガイドブック,https://www.city.nakatsugawa.lg.jp/material/files/group/56/guidebook1.pdf,24,https://www.city.nakatsugawa.lg.jp/soshikikarasagasu/kankyocenter/1/1/gomi/7762.html,2026-04-17,,2026-08-13,False
naka-610,nakatsugawa,中津川市,豆灰・練炭,引取りできないごみ,廃棄物処理業者、販売店などへ相談｡家庭からでたもので少 しずつであれば、燃えるごみとして引取り可。,,中津川市 ごみの出し方ガイドブック,https://www.city.nakatsugawa.lg.jp/material/files/group/56/guidebook1.pdf,24,https://www.city.nakatsugawa.lg.jp/soshikikarasagasu/kankyocenter/1/1/gomi/7762.html,2026-04-17,,2026-08-13,False
naka-611,nakatsugawa,中津川市,豆灰・練炭の灰,引取りできないごみ,廃棄物処理業者へ相談｡,,中津川市 ごみの出し方ガイドブック,https://www.city.nakatsugawa.lg.jp/material/files/group/56/guidebook1.pdf,24,https://www.city.nakatsugawa.lg.jp/soshikikarasagasu/kankyocenter/1/1/gomi/7762.html,2026-04-17,,2026-08-13,False
naka-612,nakatsugawa,中津川市,ミシン,燃えないごみ,電気コードは切って、硬質ごみ。 足踏みミシンなど指定袋に収まらないものは、大型ごみ。,１台,中津川市 ごみの出し方ガイドブック,https://www.city.nakatsugawa.lg.jp/material/files/group/56/guidebook1.pdf,24,https://www.city.nakatsugawa.lg.jp/soshikikarasagasu/kankyocenter/1/1/gomi/7762.html,2026-04-17,,2026-08-13,False
naka-613,nakatsugawa,中津川市,水タンク,大型ごみ,中身を空にしてもらう｡最大サイズ【140cm×90cm×200cm】 を超えるものは、引取り不可。,,中津川市 ごみの出し方ガイドブック,https://www.city.nakatsugawa.lg.jp/material/files/group/56/guidebook1.pdf,24,https://www.city.nakatsugawa.lg.jp/soshikikarasagasu/kankyocenter/1/1/gomi/7762.html,2026-04-17,,2026-08-13,False
naka-614,nakatsugawa,中津川市,ミニカー,燃えないごみ,プラスチック製のものは、燃えるごみ。,,中津川市 ごみの出し方ガイドブック,https://www.city.nakatsugawa.lg.jp/material/files/group/56/guidebook1.pdf,24,https://www.city.nakatsugawa.lg.jp/soshikikarasagasu/kankyocenter/1/1/gomi/7762.html,2026-04-17,,2026-08-13,False
naka-615,nakatsugawa,中津川市,ミニディスク（ＭＤ）,燃えるごみ,,,中津川市 ごみの出し方ガイドブック,https://www.city.nakatsugawa.lg.jp/material/files/group/56/guidebook1.pdf,24,https://www.city.nakatsugawa.lg.jp/soshikikarasagasu/kankyocenter/1/1/gomi/7762.html,2026-04-17,,2026-08-13,False
naka-616,nakatsugawa,中津川市,虫かご,燃えるごみ,金属製のものは、燃えないごみ。,,中津川市 ごみの出し方ガイドブック,https://www.city.nakatsugawa.lg.jp/material/files/group/56/guidebook1.pdf,24,https://www.city.nakatsugawa.lg.jp/soshikikarasagasu/kankyocenter/1/1/gomi/7762.html,2026-04-17,,2026-08-13,False
naka-617,nakatsugawa,中津川市,蒸し器,燃えないごみ,指定袋に収まらないものは、大型ごみ。,１セットを まとめて,中津川市 ごみの出し方ガイドブック,https://www.city.nakatsugawa.lg.jp/material/files/group/56/guidebook1.pdf,24,https://www.city.nakatsugawa.lg.jp/soshikikarasagasu/kankyocenter/1/1/gomi/7762.html,2026-04-17,,2026-08-13,False
naka-618,nakatsugawa,中津川市,虫ピン,燃えないごみ,,,中津川市 ごみの出し方ガイドブック,https://www.city.nakatsugawa.lg.jp/material/files/group/56/guidebook1.pdf,24,https://www.city.nakatsugawa.lg.jp/soshikikarasagasu/kankyocenter/1/1/gomi/7762.html,2026-04-17,,2026-08-13,False
naka-619,nakatsugawa,中津川市,虫眼鏡（天眼鏡）,燃えないごみ,,,中津川市 ごみの出し方ガイドブック,https://www.city.nakatsugawa.lg.jp/material/files/group/56/guidebook1.pdf,24,https://www.city.nakatsugawa.lg.jp/soshikikarasagasu/kankyocenter/1/1/gomi/7762.html,2026-04-17,,2026-08-13,False
naka-620,nakatsugawa,中津川市,むしろ（ござ）,大型ごみ,40cm以下であれば、燃えるごみ。,１枚,中津川市 ごみの出し方ガイドブック,https://www.city.nakatsugawa.lg.jp/material/files/group/56/guidebook1.pdf,24,https://www.city.nakatsugawa.lg.jp/soshikikarasagasu/kankyocenter/1/1/gomi/7762.html,2026-04-17,,2026-08-13,False
naka-621,nakatsugawa,中津川市,めがね,燃えないごみ,プラスチック製のものは、燃えるごみ。,,中津川市 ごみの出し方ガイドブック,https://www.city.nakatsugawa.lg.jp/material/files/group/56/guidebook1.pdf,24,https://www.city.nakatsugawa.lg.jp/soshikikarasagasu/kankyocenter/1/1/gomi/7762.html,2026-04-17,,2026-08-13,False
naka-622,nakatsugawa,中津川市,メジャー（ビニール製）,燃えるごみ,40cm以下に切ること。 金属製のものや金属部分は、燃えないごみ。,,中津川市 ごみの出し方ガイドブック,https://www.city.nakatsugawa.lg.jp/material/files/group/56/guidebook1.pdf,24,https://www.city.nakatsugawa.lg.jp/soshikikarasagasu/kankyocenter/1/1/gomi/7762.html,2026-04-17,,2026-08-13,False
naka-623,nakatsugawa,中津川市,毛布,大型ごみ,40cm以下に切れば、燃えるごみ。きれいな物で状態の良 いものは、できるだけ資源回収などのリサイクルに出す｡,３枚まで 束ねて,中津川市 ごみの出し方ガイドブック,https://www.city.nakatsugawa.lg.jp/material/files/group/56/guidebook1.pdf,24,https://www.city.nakatsugawa.lg.jp/soshikikarasagasu/kankyocenter/1/1/gomi/7762.html,2026-04-17,,2026-08-13,False
naka-624,nakatsugawa,中津川市,モーター類（電動機）,引取りできないごみ,廃棄物処理業者、販売店などへ相談｡,,中津川市 ごみの出し方ガイドブック,https://www.city.nakatsugawa.lg.jp/material/files/group/56/guidebook1.pdf,24,https://www.city.nakatsugawa.lg.jp/soshikikarasagasu/kankyocenter/1/1/gomi/7762.html,2026-04-17,,2026-08-13,False
naka-625,nakatsugawa,中津川市,木材（角材・丸太）,大型ごみ,１ｍ以下、断面径10cm以下にして出す,１個,中津川市 ごみの出し方ガイドブック,https://www.city.nakatsugawa.lg.jp/material/files/group/56/guidebook1.pdf,24,https://www.city.nakatsugawa.lg.jp/soshikikarasagasu/kankyocenter/1/1/gomi/7762.html,2026-04-17,,2026-08-13,False
naka-626,nakatsugawa,中津川市,餅つき機,大型ごみ,切断した電気コードは硬質ごみに出す｡,１個,中津川市 ごみの出し方ガイドブック,https://www.city.nakatsugawa.lg.jp/material/files/group/56/guidebook1.pdf,24,https://www.city.nakatsugawa.lg.jp/soshikikarasagasu/kankyocenter/1/1/gomi/7762.html,2026-04-17,,2026-08-13,False
naka-627,nakatsugawa,中津川市,モップの柄,大型ごみ,鉄製で厚さ3mm以上のパイプは、硬質ごみ。プラスチッ ク製・木製のものは、40cm以下に切って、燃えるごみ。,３本まで 束ねて,中津川市 ごみの出し方ガイドブック,https://www.city.nakatsugawa.lg.jp/material/files/group/56/guidebook1.pdf,24,https://www.city.nakatsugawa.lg.jp/soshikikarasagasu/kankyocenter/1/1/gomi/7762.html,2026-04-17,,2026-08-13,False
naka-628,nakatsugawa,中津川市,物置（家庭用）,大型ごみ,解体して出す｡（140cm×200cm以下にして出す｡）,１台,中津川市 ごみの出し方ガイドブック,https://www.city.nakatsugawa.lg.jp/material/files/group/56/guidebook1.pdf,24,https://www.city.nakatsugawa.lg.jp/soshikikarasagasu/kankyocenter/1/1/gomi/7762.html,2026-04-17,,2026-08-13,False
naka-629,nakatsugawa,中津川市,物干し竿（金属製）,燃えないごみ,指定袋に収まらないものは、大型ごみ。２ｍを超えるもの は、大型ごみでも引取り不可。,２本まで 束ねて,中津川市 ごみの出し方ガイドブック,https://www.city.nakatsugawa.lg.jp/material/files/group/56/guidebook1.pdf,24,https://www.city.nakatsugawa.lg.jp/soshikikarasagasu/kankyocenter/1/1/gomi/7762.html,2026-04-17,,2026-08-13,False
naka-630,nakatsugawa,中津川市,物干し竿（プラスチック）,燃えるごみ,40cm以上のものは、大型ごみ。 ２ｍを超えるものは、 大型ごみでも引取り不可。,２本まで 束ねて,中津川市 ごみの出し方ガイドブック,https://www.city.nakatsugawa.lg.jp/material/files/group/56/guidebook1.pdf,24,https://www.city.nakatsugawa.lg.jp/soshikikarasagasu/kankyocenter/1/1/gomi/7762.html,2026-04-17,,2026-08-13,False
naka-631,nakatsugawa,中津川市,物干し台,大型ごみ,コンクリート基礎部分は、処理業者へ相談｡,１個又は １セット,中津川市 ごみの出し方ガイドブック,https://www.city.nakatsugawa.lg.jp/material/files/group/56/guidebook1.pdf,24,https://www.city.nakatsugawa.lg.jp/soshikikarasagasu/kankyocenter/1/1/gomi/7762.html,2026-04-17,,2026-08-13,False
naka-632,nakatsugawa,中津川市,籾（もみ）殻,燃えるごみ,,,中津川市 ごみの出し方ガイドブック,https://www.city.nakatsugawa.lg.jp/material/files/group/56/guidebook1.pdf,24,https://www.city.nakatsugawa.lg.jp/soshikikarasagasu/kankyocenter/1/1/gomi/7762.html,2026-04-17,,2026-08-13,False
naka-633,nakatsugawa,中津川市,籾（もみ）袋,燃えるごみ,40cmを超えるものは、大型ごみ。,10枚まで 束ねて,中津川市 ごみの出し方ガイドブック,https://www.city.nakatsugawa.lg.jp/material/files/group/56/guidebook1.pdf,24,https://www.city.nakatsugawa.lg.jp/soshikikarasagasu/kankyocenter/1/1/gomi/7762.html,2026-04-17,,2026-08-13,False
naka-634,nakatsugawa,中津川市,やかん,燃えないごみ,,,中津川市 ごみの出し方ガイドブック,https://www.city.nakatsugawa.lg.jp/material/files/group/56/guidebook1.pdf,24,https://www.city.nakatsugawa.lg.jp/soshikikarasagasu/kankyocenter/1/1/gomi/7762.html,2026-04-17,,2026-08-13,False
naka-635,nakatsugawa,中津川市,薬品（農薬など）,引取りできないごみ,廃棄物処理業者、販売店、農協などへ相談｡,,中津川市 ごみの出し方ガイドブック,https://www.city.nakatsugawa.lg.jp/material/files/group/56/guidebook1.pdf,24,https://www.city.nakatsugawa.lg.jp/soshikikarasagasu/kankyocenter/1/1/gomi/7762.html,2026-04-17,,2026-08-13,False
naka-636,nakatsugawa,中津川市,薬品瓶,燃えないごみ,中身は適正に処理する。,,中津川市 ごみの出し方ガイドブック,https://www.city.nakatsugawa.lg.jp/material/files/group/56/guidebook1.pdf,24,https://www.city.nakatsugawa.lg.jp/soshikikarasagasu/kankyocenter/1/1/gomi/7762.html,2026-04-17,,2026-08-13,False
naka-637,nakatsugawa,中津川市,野菜の蔓（家庭菜園）,燃えるごみ,草や葉と同様に40cm以下に切って、燃えるごみ｡ そのままの場合は直接持ち込みに限り、大型ごみ。,,中津川市 ごみの出し方ガイドブック,https://www.city.nakatsugawa.lg.jp/material/files/group/56/guidebook1.pdf,24,https://www.city.nakatsugawa.lg.jp/soshikikarasagasu/kankyocenter/1/1/gomi/7762.html,2026-04-17,,2026-08-13,False
naka-638,nakatsugawa,中津川市,有刺鉄線,硬質ごみ,短いものは、硬質ごみ。長いものは、大型ごみ。,１巻,中津川市 ごみの出し方ガイドブック,https://www.city.nakatsugawa.lg.jp/material/files/group/56/guidebook1.pdf,24,https://www.city.nakatsugawa.lg.jp/soshikikarasagasu/kankyocenter/1/1/gomi/7762.html,2026-04-17,,2026-08-13,False
naka-639,nakatsugawa,中津川市,融雪剤,引取りできないごみ,廃棄物処理業者へ相談｡,,中津川市 ごみの出し方ガイドブック,https://www.city.nakatsugawa.lg.jp/material/files/group/56/guidebook1.pdf,24,https://www.city.nakatsugawa.lg.jp/soshikikarasagasu/kankyocenter/1/1/gomi/7762.html,2026-04-17,,2026-08-13,False
naka-640,nakatsugawa,中津川市,雪掻き（ハンドラッセル）,大型ごみ,40cm以下に切った物であれば、燃えるごみ。,１個,中津川市 ごみの出し方ガイドブック,https://www.city.nakatsugawa.lg.jp/material/files/group/56/guidebook1.pdf,24,https://www.city.nakatsugawa.lg.jp/soshikikarasagasu/kankyocenter/1/1/gomi/7762.html,2026-04-17,,2026-08-13,False
naka-641,nakatsugawa,中津川市,USB メモリー,燃えないごみ,中のデータは自身の責任で完全に消去してだす。 情報漏えいが心配な方は業者へ相談。,,中津川市 ごみの出し方ガイドブック,https://www.city.nakatsugawa.lg.jp/material/files/group/56/guidebook1.pdf,24,https://www.city.nakatsugawa.lg.jp/soshikikarasagasu/kankyocenter/1/1/gomi/7762.html,2026-04-17,,2026-08-13,False
naka-642,nakatsugawa,中津川市,湯たんぽ （プラスチック製）,燃えるごみ,金属製のものは、燃えないごみ。,,中津川市 ごみの出し方ガイドブック,https://www.city.nakatsugawa.lg.jp/material/files/group/56/guidebook1.pdf,24,https://www.city.nakatsugawa.lg.jp/soshikikarasagasu/kankyocenter/1/1/gomi/7762.html,2026-04-17,,2026-08-13,False
naka-643,nakatsugawa,中津川市,ユニットバス,引取りできないごみ,廃棄物処理業者、販売店などへ相談｡,,中津川市 ごみの出し方ガイドブック,https://www.city.nakatsugawa.lg.jp/material/files/group/56/guidebook1.pdf,24,https://www.city.nakatsugawa.lg.jp/soshikikarasagasu/kankyocenter/1/1/gomi/7762.html,2026-04-17,,2026-08-13,False
naka-644,nakatsugawa,中津川市,よしず,大型ごみ,丸めた状態で長さ１ｍ以下になるようにしてだす｡,１枚,中津川市 ごみの出し方ガイドブック,https://www.city.nakatsugawa.lg.jp/material/files/group/56/guidebook1.pdf,24,https://www.city.nakatsugawa.lg.jp/soshikikarasagasu/kankyocenter/1/1/gomi/7762.html,2026-04-17,,2026-08-13,False
naka-645,nakatsugawa,中津川市,ライター（ガスライター・ 使い捨てライター）,有害ごみ,使用済みのものに限る。,,中津川市 ごみの出し方ガイドブック,https://www.city.nakatsugawa.lg.jp/material/files/group/56/guidebook1.pdf,24,https://www.city.nakatsugawa.lg.jp/soshikikarasagasu/kankyocenter/1/1/gomi/7762.html,2026-04-17,,2026-08-13,False
naka-646,nakatsugawa,中津川市,ラグマット（竹製）,大型ごみ,二畳ぐらいならまでなら出せる。,１枚,中津川市 ごみの出し方ガイドブック,https://www.city.nakatsugawa.lg.jp/material/files/group/56/guidebook1.pdf,24,https://www.city.nakatsugawa.lg.jp/soshikikarasagasu/kankyocenter/1/1/gomi/7762.html,2026-04-17,,2026-08-13,False
naka-647,nakatsugawa,中津川市,ラケット,大型ごみ,木製のものは40cm以下に切れば、燃えるごみ｡,２本まで 束ねて,中津川市 ごみの出し方ガイドブック,https://www.city.nakatsugawa.lg.jp/material/files/group/56/guidebook1.pdf,24,https://www.city.nakatsugawa.lg.jp/soshikikarasagasu/kankyocenter/1/1/gomi/7762.html,2026-04-17,,2026-08-13,False
naka-648,nakatsugawa,中津川市,ラジオ,燃えないごみ,電気コードは切って、硬質ごみ。,,中津川市 ごみの出し方ガイドブック,https://www.city.nakatsugawa.lg.jp/material/files/group/56/guidebook1.pdf,24,https://www.city.nakatsugawa.lg.jp/soshikikarasagasu/kankyocenter/1/1/gomi/7762.html,2026-04-17,,2026-08-13,False
naka-649,nakatsugawa,中津川市,ラジカセ,燃えないごみ,電気コードは切って、硬質ごみ。 指定袋に収まらないものは、大型ごみ。,１台,中津川市 ごみの出し方ガイドブック,https://www.city.nakatsugawa.lg.jp/material/files/group/56/guidebook1.pdf,25,https://www.city.nakatsugawa.lg.jp/soshikikarasagasu/kankyocenter/1/1/gomi/7762.html,2026-04-17,,2026-08-13,False
naka-650,nakatsugawa,中津川市,ラック,大型ごみ,,１個,中津川市 ごみの出し方ガイドブック,https://www.city.nakatsugawa.lg.jp/material/files/group/56/guidebook1.pdf,25,https://www.city.nakatsugawa.lg.jp/soshikikarasagasu/kankyocenter/1/1/gomi/7762.html,2026-04-17,,2026-08-13,False
naka-651,nakatsugawa,中津川市,ラップ（食品用）,燃えるごみ,,,中津川市 ごみの出し方ガイドブック,https://www.city.nakatsugawa.lg.jp/material/files/group/56/guidebook1.pdf,25,https://www.city.nakatsugawa.lg.jp/soshikikarasagasu/kankyocenter/1/1/gomi/7762.html,2026-04-17,,2026-08-13,False
naka-652,nakatsugawa,中津川市,ラティス,大型ごみ,最大サイズ【140cm×90cm×200cm】以下の物なら引取り可。,１枚,中津川市 ごみの出し方ガイドブック,https://www.city.nakatsugawa.lg.jp/material/files/group/56/guidebook1.pdf,25,https://www.city.nakatsugawa.lg.jp/soshikikarasagasu/kankyocenter/1/1/gomi/7762.html,2026-04-17,,2026-08-13,False
naka-653,nakatsugawa,中津川市,ランドセル,燃えるごみ,金属部分ははずして、燃えないごみ｡,,中津川市 ごみの出し方ガイドブック,https://www.city.nakatsugawa.lg.jp/material/files/group/56/guidebook1.pdf,25,https://www.city.nakatsugawa.lg.jp/soshikikarasagasu/kankyocenter/1/1/gomi/7762.html,2026-04-17,,2026-08-13,False
naka-654,nakatsugawa,中津川市,ランプ,燃えないごみ,燃料は必ず抜く。,,中津川市 ごみの出し方ガイドブック,https://www.city.nakatsugawa.lg.jp/material/files/group/56/guidebook1.pdf,25,https://www.city.nakatsugawa.lg.jp/soshikikarasagasu/kankyocenter/1/1/gomi/7762.html,2026-04-17,,2026-08-13,False
naka-655,nakatsugawa,中津川市,リコーダー（笛）,燃えるごみ,,,中津川市 ごみの出し方ガイドブック,https://www.city.nakatsugawa.lg.jp/material/files/group/56/guidebook1.pdf,25,https://www.city.nakatsugawa.lg.jp/soshikikarasagasu/kankyocenter/1/1/gomi/7762.html,2026-04-17,,2026-08-13,False
naka-656,nakatsugawa,中津川市,リモコン,燃えないごみ,電池ははずして、有害ごみ｡,,中津川市 ごみの出し方ガイドブック,https://www.city.nakatsugawa.lg.jp/material/files/group/56/guidebook1.pdf,25,https://www.city.nakatsugawa.lg.jp/soshikikarasagasu/kankyocenter/1/1/gomi/7762.html,2026-04-17,,2026-08-13,False
naka-657,nakatsugawa,中津川市,ルーター,燃えないごみ,電気コードは切って、硬質ごみ。,,中津川市 ごみの出し方ガイドブック,https://www.city.nakatsugawa.lg.jp/material/files/group/56/guidebook1.pdf,25,https://www.city.nakatsugawa.lg.jp/soshikikarasagasu/kankyocenter/1/1/gomi/7762.html,2026-04-17,,2026-08-13,False
naka-658,nakatsugawa,中津川市,ルーフィング,引取りできないごみ,アスファルトのこと。廃棄物処理業者へ相談｡,,中津川市 ごみの出し方ガイドブック,https://www.city.nakatsugawa.lg.jp/material/files/group/56/guidebook1.pdf,25,https://www.city.nakatsugawa.lg.jp/soshikikarasagasu/kankyocenter/1/1/gomi/7762.html,2026-04-17,,2026-08-13,False
naka-659,nakatsugawa,中津川市,ルームランナー,大型ごみ,切断した電気コードは硬質ごみに出す｡,１個,中津川市 ごみの出し方ガイドブック,https://www.city.nakatsugawa.lg.jp/material/files/group/56/guidebook1.pdf,25,https://www.city.nakatsugawa.lg.jp/soshikikarasagasu/kankyocenter/1/1/gomi/7762.html,2026-04-17,,2026-08-13,False
naka-660,nakatsugawa,中津川市,冷水器 （ウォータークーラー）,引取りできないごみ,廃棄物処理業者、販売店などへ相談｡ 冷媒・フロンの入っていないものは、大型ごみ。,,中津川市 ごみの出し方ガイドブック,https://www.city.nakatsugawa.lg.jp/material/files/group/56/guidebook1.pdf,25,https://www.city.nakatsugawa.lg.jp/soshikikarasagasu/kankyocenter/1/1/gomi/7762.html,2026-04-17,,2026-08-13,False
naka-661,nakatsugawa,中津川市,冷蔵庫,リサイクル対象品,家電リサイクル法対象品。17ページ参照。,,中津川市 ごみの出し方ガイドブック,https://www.city.nakatsugawa.lg.jp/material/files/group/56/guidebook1.pdf,25,https://www.city.nakatsugawa.lg.jp/soshikikarasagasu/kankyocenter/1/1/gomi/7762.html,2026-04-17,,2026-08-13,False
naka-662,nakatsugawa,中津川市,冷凍庫,リサイクル対象品,家電リサイクル法対象品。17ページ参照。,,中津川市 ごみの出し方ガイドブック,https://www.city.nakatsugawa.lg.jp/material/files/group/56/guidebook1.pdf,25,https://www.city.nakatsugawa.lg.jp/soshikikarasagasu/kankyocenter/1/1/gomi/7762.html,2026-04-17,,2026-08-13,False
naka-663,nakatsugawa,中津川市,冷風機,引取りできないごみ,廃棄物処理業者、販売店などへ相談｡,,中津川市 ごみの出し方ガイドブック,https://www.city.nakatsugawa.lg.jp/material/files/group/56/guidebook1.pdf,25,https://www.city.nakatsugawa.lg.jp/soshikikarasagasu/kankyocenter/1/1/gomi/7762.html,2026-04-17,,2026-08-13,False
naka-664,nakatsugawa,中津川市,レーザーディスク,燃えるごみ,,,中津川市 ごみの出し方ガイドブック,https://www.city.nakatsugawa.lg.jp/material/files/group/56/guidebook1.pdf,25,https://www.city.nakatsugawa.lg.jp/soshikikarasagasu/kankyocenter/1/1/gomi/7762.html,2026-04-17,,2026-08-13,False
naka-665,nakatsugawa,中津川市,レコード盤,燃えるごみ,,,中津川市 ごみの出し方ガイドブック,https://www.city.nakatsugawa.lg.jp/material/files/group/56/guidebook1.pdf,25,https://www.city.nakatsugawa.lg.jp/soshikikarasagasu/kankyocenter/1/1/gomi/7762.html,2026-04-17,,2026-08-13,False
naka-666,nakatsugawa,中津川市,レジスター,引取りできないごみ,廃棄物処理業者、販売店などへ相談｡,,中津川市 ごみの出し方ガイドブック,https://www.city.nakatsugawa.lg.jp/material/files/group/56/guidebook1.pdf,25,https://www.city.nakatsugawa.lg.jp/soshikikarasagasu/kankyocenter/1/1/gomi/7762.html,2026-04-17,,2026-08-13,False
naka-667,nakatsugawa,中津川市,レンガ,引取りできないごみ,廃棄物処理業者、販売店などへ相談｡,,中津川市 ごみの出し方ガイドブック,https://www.city.nakatsugawa.lg.jp/material/files/group/56/guidebook1.pdf,25,https://www.city.nakatsugawa.lg.jp/soshikikarasagasu/kankyocenter/1/1/gomi/7762.html,2026-04-17,,2026-08-13,False
naka-668,nakatsugawa,中津川市,ろうそく,燃えるごみ,,,中津川市 ごみの出し方ガイドブック,https://www.city.nakatsugawa.lg.jp/material/files/group/56/guidebook1.pdf,25,https://www.city.nakatsugawa.lg.jp/soshikikarasagasu/kankyocenter/1/1/gomi/7762.html,2026-04-17,,2026-08-13,False
naka-669,nakatsugawa,中津川市,ロープ,燃えるごみ,40cm以下に切って出す。綱引用のロープは、引取り不可。,,中津川市 ごみの出し方ガイドブック,https://www.city.nakatsugawa.lg.jp/material/files/group/56/guidebook1.pdf,25,https://www.city.nakatsugawa.lg.jp/soshikikarasagasu/kankyocenter/1/1/gomi/7762.html,2026-04-17,,2026-08-13,False
naka-670,nakatsugawa,中津川市,ローラースケート,燃えないごみ,,,中津川市 ごみの出し方ガイドブック,https://www.city.nakatsugawa.lg.jp/material/files/group/56/guidebook1.pdf,25,https://www.city.nakatsugawa.lg.jp/soshikikarasagasu/kankyocenter/1/1/gomi/7762.html,2026-04-17,,2026-08-13,False
naka-671,nakatsugawa,中津川市,ローラーブレード,燃えないごみ,,,中津川市 ごみの出し方ガイドブック,https://www.city.nakatsugawa.lg.jp/material/files/group/56/guidebook1.pdf,25,https://www.city.nakatsugawa.lg.jp/soshikikarasagasu/kankyocenter/1/1/gomi/7762.html,2026-04-17,,2026-08-13,False
naka-672,nakatsugawa,中津川市,ロールスクリーン,大型ごみ,最大サイズ【140cm×90cm×200cm】を超えるもの は、引取り不可。,１個,中津川市 ごみの出し方ガイドブック,https://www.city.nakatsugawa.lg.jp/material/files/group/56/guidebook1.pdf,25,https://www.city.nakatsugawa.lg.jp/soshikikarasagasu/kankyocenter/1/1/gomi/7762.html,2026-04-17,,2026-08-13,False
naka-673,nakatsugawa,中津川市,ワープロ,燃えないごみ,ノートパソコンと間違うので、「ワープロ」と明記する。 電気コードは切って、硬質ごみ。,,中津川市 ごみの出し方ガイドブック,https://www.city.nakatsugawa.lg.jp/material/files/group/56/guidebook1.pdf,25,https://www.city.nakatsugawa.lg.jp/soshikikarasagasu/kankyocenter/1/1/gomi/7762.html,2026-04-17,,2026-08-13,False
naka-674,nakatsugawa,中津川市,輪ゴム,燃えるごみ,,,中津川市 ごみの出し方ガイドブック,https://www.city.nakatsugawa.lg.jp/material/files/group/56/guidebook1.pdf,25,https://www.city.nakatsugawa.lg.jp/soshikikarasagasu/kankyocenter/1/1/gomi/7762.html,2026-04-17,,2026-08-13,False
naka-675,nakatsugawa,中津川市,わた,燃えるごみ,40cm以下切ってだす。指定袋に切ってあることを明記す る。40cm以上の大きさのものは、大型ごみ。,１束,中津川市 ごみの出し方ガイドブック,https://www.city.nakatsugawa.lg.jp/material/files/group/56/guidebook1.pdf,25,https://www.city.nakatsugawa.lg.jp/soshikikarasagasu/kankyocenter/1/1/gomi/7762.html,2026-04-17,,2026-08-13,False
naka-676,nakatsugawa,中津川市,ワックス,燃えるごみ,布に少しづつ染み込ませ、完全に乾かしてから出す。,,中津川市 ごみの出し方ガイドブック,https://www.city.nakatsugawa.lg.jp/material/files/group/56/guidebook1.pdf,25,https://www.city.nakatsugawa.lg.jp/soshikikarasagasu/kankyocenter/1/1/gomi/7762.html,2026-04-17,,2026-08-13,False
naka-677,nakatsugawa,中津川市,割れた瓶・ガラス類,燃えないごみ,中身の見える状態で出す。やむをえず紙などに包む場合は、「ビ ン」「ガラス」と明記する｡指定袋に収まらないものは、大型ごみ。,１個,中津川市 ごみの出し方ガイドブック,https://www.city.nakatsugawa.lg.jp/material/files/group/56/guidebook1.pdf,25,https://www.city.nakatsugawa.lg.jp/soshikikarasagasu/kankyocenter/1/1/gomi/7762.html,2026-04-17,,2026-08-13,False
