id,city,city_name,name,category,instructions,large_sticker,source_title,source_url,source_page,official_page_url,official_page_updated,manual_date,verified_at,eco_plaza_hint
ena-1,ena,恵那市,IHクッキングヒーター,不燃ごみ,,,恵那市ごみ百科事典（令和7年4月1日現在）,https://www.city.ena.lg.jp/material/files/group/25/gomihyakka2025.pdf,26,https://www.city.ena.lg.jp/soshikiichiran/suidokankyobu/kankyoka/1/3/2/1741.html,2026-08-07,2025-04-01,2026-08-13,False
ena-2,ena,恵那市,アイスノン類（保冷剤）,可燃ごみ,,,恵那市ごみ百科事典（令和7年4月1日現在）,https://www.city.ena.lg.jp/material/files/group/25/gomihyakka2025.pdf,26,https://www.city.ena.lg.jp/soshikiichiran/suidokankyobu/kankyoka/1/3/2/1741.html,2026-08-07,2025-04-01,2026-08-13,False
ena-3,ena,恵那市,アイロン,不燃ごみ,,,恵那市ごみ百科事典（令和7年4月1日現在）,https://www.city.ena.lg.jp/material/files/group/25/gomihyakka2025.pdf,26,https://www.city.ena.lg.jp/soshikiichiran/suidokankyobu/kankyoka/1/3/2/1741.html,2026-08-07,2025-04-01,2026-08-13,False
ena-4,ena,恵那市,アイロン台,不燃ごみ,金属のついてない物は可燃ごみ。,,恵那市ごみ百科事典（令和7年4月1日現在）,https://www.city.ena.lg.jp/material/files/group/25/gomihyakka2025.pdf,26,https://www.city.ena.lg.jp/soshikiichiran/suidokankyobu/kankyoka/1/3/2/1741.html,2026-08-07,2025-04-01,2026-08-13,False
ena-5,ena,恵那市,アクリル板,可燃ごみ,50㎝角以内に切って出す。,,恵那市ごみ百科事典（令和7年4月1日現在）,https://www.city.ena.lg.jp/material/files/group/25/gomihyakka2025.pdf,26,https://www.city.ena.lg.jp/soshikiichiran/suidokankyobu/kankyoka/1/3/2/1741.html,2026-08-07,2025-04-01,2026-08-13,False
ena-6,ena,恵那市,アコーディオンカーテン,不燃ごみ,長さ1ｍ以内にする。袋に入らない場合は指定袋（大）をつ ける。1ｍ以内にできない場合は処理施設に直接持ち込む。,,恵那市ごみ百科事典（令和7年4月1日現在）,https://www.city.ena.lg.jp/material/files/group/25/gomihyakka2025.pdf,26,https://www.city.ena.lg.jp/soshikiichiran/suidokankyobu/kankyoka/1/3/2/1741.html,2026-08-07,2025-04-01,2026-08-13,False
ena-7,ena,恵那市,アスベスト,回収不可,,,恵那市ごみ百科事典（令和7年4月1日現在）,https://www.city.ena.lg.jp/material/files/group/25/gomihyakka2025.pdf,26,https://www.city.ena.lg.jp/soshikiichiran/suidokankyobu/kankyoka/1/3/2/1741.html,2026-08-07,2025-04-01,2026-08-13,False
ena-8,ena,恵那市,畔シート（マルチ）,回収不可,販売店に問い合わせる。,,恵那市ごみ百科事典（令和7年4月1日現在）,https://www.city.ena.lg.jp/material/files/group/25/gomihyakka2025.pdf,26,https://www.city.ena.lg.jp/soshikiichiran/suidokankyobu/kankyoka/1/3/2/1741.html,2026-08-07,2025-04-01,2026-08-13,False
ena-9,ena,恵那市,畦畔（あぜなみ）,回収不可,販売店へ問い合わせる。,,恵那市ごみ百科事典（令和7年4月1日現在）,https://www.city.ena.lg.jp/material/files/group/25/gomihyakka2025.pdf,26,https://www.city.ena.lg.jp/soshikiichiran/suidokankyobu/kankyoka/1/3/2/1741.html,2026-08-07,2025-04-01,2026-08-13,False
ena-10,ena,恵那市,油（食用）,資源ごみ,,,恵那市ごみ百科事典（令和7年4月1日現在）,https://www.city.ena.lg.jp/material/files/group/25/gomihyakka2025.pdf,26,https://www.city.ena.lg.jp/soshikiichiran/suidokankyobu/kankyoka/1/3/2/1741.html,2026-08-07,2025-04-01,2026-08-13,False
ena-11,ena,恵那市,油（機械用）,回収不可,販売店に問い合わせる。,,恵那市ごみ百科事典（令和7年4月1日現在）,https://www.city.ena.lg.jp/material/files/group/25/gomihyakka2025.pdf,26,https://www.city.ena.lg.jp/soshikiichiran/suidokankyobu/kankyoka/1/3/2/1741.html,2026-08-07,2025-04-01,2026-08-13,False
ena-12,ena,恵那市,油（潤滑油）,回収不可,販売店に問い合わせる。,,恵那市ごみ百科事典（令和7年4月1日現在）,https://www.city.ena.lg.jp/material/files/group/25/gomihyakka2025.pdf,26,https://www.city.ena.lg.jp/soshikiichiran/suidokankyobu/kankyoka/1/3/2/1741.html,2026-08-07,2025-04-01,2026-08-13,False
ena-13,ena,恵那市,雨どい（プラスチック・金属製）,不燃ごみ,長さ１ｍ以内にする。袋に入らない場合は指定袋（ 大） をつ ける。１ｍ以内にできない場合は処理施設に直接持ち込む。,,恵那市ごみ百科事典（令和7年4月1日現在）,https://www.city.ena.lg.jp/material/files/group/25/gomihyakka2025.pdf,26,https://www.city.ena.lg.jp/soshikiichiran/suidokankyobu/kankyoka/1/3/2/1741.html,2026-08-07,2025-04-01,2026-08-13,False
ena-14,ena,恵那市,網戸（金属製）,不燃ごみ,木・プラスチック製品、網部分は50㎝以内に切って可燃ご み。50㎝以内にできない場合は直接処理施設に持ち込む。,,恵那市ごみ百科事典（令和7年4月1日現在）,https://www.city.ena.lg.jp/material/files/group/25/gomihyakka2025.pdf,26,https://www.city.ena.lg.jp/soshikiichiran/suidokankyobu/kankyoka/1/3/2/1741.html,2026-08-07,2025-04-01,2026-08-13,False
ena-15,ena,恵那市,アルバム,可燃ごみ,金属部分は不燃ごみ。,,恵那市ごみ百科事典（令和7年4月1日現在）,https://www.city.ena.lg.jp/material/files/group/25/gomihyakka2025.pdf,26,https://www.city.ena.lg.jp/soshikiichiran/suidokankyobu/kankyoka/1/3/2/1741.html,2026-08-07,2025-04-01,2026-08-13,False
ena-16,ena,恵那市,アルミ缶,資源ごみ,水洗いして、つぶさずに出す。,,恵那市ごみ百科事典（令和7年4月1日現在）,https://www.city.ena.lg.jp/material/files/group/25/gomihyakka2025.pdf,26,https://www.city.ena.lg.jp/soshikiichiran/suidokankyobu/kankyoka/1/3/2/1741.html,2026-08-07,2025-04-01,2026-08-13,False
ena-17,ena,恵那市,アルミ缶のキャップ,不燃ごみ,,,恵那市ごみ百科事典（令和7年4月1日現在）,https://www.city.ena.lg.jp/material/files/group/25/gomihyakka2025.pdf,26,https://www.city.ena.lg.jp/soshikiichiran/suidokankyobu/kankyoka/1/3/2/1741.html,2026-08-07,2025-04-01,2026-08-13,False
ena-18,ena,恵那市,アルミコーティング袋（レトルト食品用）,可燃ごみ,中を空にして出す。,,恵那市ごみ百科事典（令和7年4月1日現在）,https://www.city.ena.lg.jp/material/files/group/25/gomihyakka2025.pdf,26,https://www.city.ena.lg.jp/soshikiichiran/suidokankyobu/kankyoka/1/3/2/1741.html,2026-08-07,2025-04-01,2026-08-13,False
ena-19,ena,恵那市,アルミ箔の鍋(うどん等),不燃ごみ,中を空にして出す。,,恵那市ごみ百科事典（令和7年4月1日現在）,https://www.city.ena.lg.jp/material/files/group/25/gomihyakka2025.pdf,26,https://www.city.ena.lg.jp/soshikiichiran/suidokankyobu/kankyoka/1/3/2/1741.html,2026-08-07,2025-04-01,2026-08-13,False
ena-20,ena,恵那市,アルミホイル（クッキングホイル）,不燃ごみ,芯・外箱（箱）は、資源ごみ。雑がみとしてリサイクル。,,恵那市ごみ百科事典（令和7年4月1日現在）,https://www.city.ena.lg.jp/material/files/group/25/gomihyakka2025.pdf,26,https://www.city.ena.lg.jp/soshikiichiran/suidokankyobu/kankyoka/1/3/2/1741.html,2026-08-07,2025-04-01,2026-08-13,False
ena-21,ena,恵那市,安全靴,不燃ごみ,,,恵那市ごみ百科事典（令和7年4月1日現在）,https://www.city.ena.lg.jp/material/files/group/25/gomihyakka2025.pdf,26,https://www.city.ena.lg.jp/soshikiichiran/suidokankyobu/kankyoka/1/3/2/1741.html,2026-08-07,2025-04-01,2026-08-13,False
ena-22,ena,恵那市,安全ピン,不燃ごみ,,,恵那市ごみ百科事典（令和7年4月1日現在）,https://www.city.ena.lg.jp/material/files/group/25/gomihyakka2025.pdf,26,https://www.city.ena.lg.jp/soshikiichiran/suidokankyobu/kankyoka/1/3/2/1741.html,2026-08-07,2025-04-01,2026-08-13,False
ena-23,ena,恵那市,アンテナ（テレビ用）,不燃ごみ,,,恵那市ごみ百科事典（令和7年4月1日現在）,https://www.city.ena.lg.jp/material/files/group/25/gomihyakka2025.pdf,26,https://www.city.ena.lg.jp/soshikiichiran/suidokankyobu/kankyoka/1/3/2/1741.html,2026-08-07,2025-04-01,2026-08-13,False
ena-24,ena,恵那市,アンプ（ステレオなど）,不燃ごみ,,,恵那市ごみ百科事典（令和7年4月1日現在）,https://www.city.ena.lg.jp/material/files/group/25/gomihyakka2025.pdf,26,https://www.city.ena.lg.jp/soshikiichiran/suidokankyobu/kankyoka/1/3/2/1741.html,2026-08-07,2025-04-01,2026-08-13,False
ena-25,ena,恵那市,育苗箱,回収不可,販売店に問い合わせる。,,恵那市ごみ百科事典（令和7年4月1日現在）,https://www.city.ena.lg.jp/material/files/group/25/gomihyakka2025.pdf,26,https://www.city.ena.lg.jp/soshikiichiran/suidokankyobu/kankyoka/1/3/2/1741.html,2026-08-07,2025-04-01,2026-08-13,False
ena-26,ena,恵那市,石,回収不可,,,恵那市ごみ百科事典（令和7年4月1日現在）,https://www.city.ena.lg.jp/material/files/group/25/gomihyakka2025.pdf,26,https://www.city.ena.lg.jp/soshikiichiran/suidokankyobu/kankyoka/1/3/2/1741.html,2026-08-07,2025-04-01,2026-08-13,False
ena-27,ena,恵那市,衣装ケース（プラスチック製）,可燃ごみ,金属部分は不燃ごみ。,,恵那市ごみ百科事典（令和7年4月1日現在）,https://www.city.ena.lg.jp/material/files/group/25/gomihyakka2025.pdf,26,https://www.city.ena.lg.jp/soshikiichiran/suidokankyobu/kankyoka/1/3/2/1741.html,2026-08-07,2025-04-01,2026-08-13,False
ena-28,ena,恵那市,いす（金属製）,不燃ごみ,木・プラスチック製品は可燃ごみ。,,恵那市ごみ百科事典（令和7年4月1日現在）,https://www.city.ena.lg.jp/material/files/group/25/gomihyakka2025.pdf,26,https://www.city.ena.lg.jp/soshikiichiran/suidokankyobu/kankyoka/1/3/2/1741.html,2026-08-07,2025-04-01,2026-08-13,False
ena-29,ena,恵那市,板ガラス,不燃ごみ,危険のないようガムテープ等で覆って出す。,,恵那市ごみ百科事典（令和7年4月1日現在）,https://www.city.ena.lg.jp/material/files/group/25/gomihyakka2025.pdf,26,https://www.city.ena.lg.jp/soshikiichiran/suidokankyobu/kankyoka/1/3/2/1741.html,2026-08-07,2025-04-01,2026-08-13,False
ena-30,ena,恵那市,板切れ,可燃ごみ,釘等は抜いて、50㎝角以内に切って出す。50㎝角以内に できない場合は処理施設に直接持ち込む。,,恵那市ごみ百科事典（令和7年4月1日現在）,https://www.city.ena.lg.jp/material/files/group/25/gomihyakka2025.pdf,26,https://www.city.ena.lg.jp/soshikiichiran/suidokankyobu/kankyoka/1/3/2/1741.html,2026-08-07,2025-04-01,2026-08-13,False
ena-31,ena,恵那市,一輪車（運搬用・運動用）,不燃ごみ,指定袋（大）をつけて出す。又は、直接処理施設に持ち込む。,,恵那市ごみ百科事典（令和7年4月1日現在）,https://www.city.ena.lg.jp/material/files/group/25/gomihyakka2025.pdf,26,https://www.city.ena.lg.jp/soshikiichiran/suidokankyobu/kankyoka/1/3/2/1741.html,2026-08-07,2025-04-01,2026-08-13,False
ena-32,ena,恵那市,一升びん（酒など）,資源ごみ,中をよく洗って出す。できるだけ販売店へ出す。,,恵那市ごみ百科事典（令和7年4月1日現在）,https://www.city.ena.lg.jp/material/files/group/25/gomihyakka2025.pdf,26,https://www.city.ena.lg.jp/soshikiichiran/suidokankyobu/kankyoka/1/3/2/1741.html,2026-08-07,2025-04-01,2026-08-13,False
ena-33,ena,恵那市,一斗缶,不燃ごみ,汚れのないものはエコプラザ回収可。,,恵那市ごみ百科事典（令和7年4月1日現在）,https://www.city.ena.lg.jp/material/files/group/25/gomihyakka2025.pdf,26,https://www.city.ena.lg.jp/soshikiichiran/suidokankyobu/kankyoka/1/3/2/1741.html,2026-08-07,2025-04-01,2026-08-13,True
ena-34,ena,恵那市,衣類（洗濯したきれいなもの）,資源ごみ,資源回収に出すか、処理施設へ直接搬入する（エコプラザ 回収可）。資源とならないものは、金属製のボタン・ファス ナーを取り、可燃ごみ。,,恵那市ごみ百科事典（令和7年4月1日現在）,https://www.city.ena.lg.jp/material/files/group/25/gomihyakka2025.pdf,26,https://www.city.ena.lg.jp/soshikiichiran/suidokankyobu/kankyoka/1/3/2/1741.html,2026-08-07,2025-04-01,2026-08-13,True
ena-35,ena,恵那市,衣類乾燥機,家電リサイクル,詳細は11・12ページ参照。,,恵那市ごみ百科事典（令和7年4月1日現在）,https://www.city.ena.lg.jp/material/files/group/25/gomihyakka2025.pdf,26,https://www.city.ena.lg.jp/soshikiichiran/suidokankyobu/kankyoka/1/3/2/1741.html,2026-08-07,2025-04-01,2026-08-13,False
ena-36,ena,恵那市,入れ歯,不燃ごみ,,,恵那市ごみ百科事典（令和7年4月1日現在）,https://www.city.ena.lg.jp/material/files/group/25/gomihyakka2025.pdf,26,https://www.city.ena.lg.jp/soshikiichiran/suidokankyobu/kankyoka/1/3/2/1741.html,2026-08-07,2025-04-01,2026-08-13,False
ena-37,ena,恵那市,印鑑,可燃ごみ,鉱石類製品は不燃ごみ。,,恵那市ごみ百科事典（令和7年4月1日現在）,https://www.city.ena.lg.jp/material/files/group/25/gomihyakka2025.pdf,27,https://www.city.ena.lg.jp/soshikiichiran/suidokankyobu/kankyoka/1/3/2/1741.html,2026-08-07,2025-04-01,2026-08-13,False
ena-38,ena,恵那市,インクカートリッジ,不燃ごみ,できるだけ販売店のリサイクルボックスへ。エコプラザ回 収可。,,恵那市ごみ百科事典（令和7年4月1日現在）,https://www.city.ena.lg.jp/material/files/group/25/gomihyakka2025.pdf,27,https://www.city.ena.lg.jp/soshikiichiran/suidokankyobu/kankyoka/1/3/2/1741.html,2026-08-07,2025-04-01,2026-08-13,True
ena-39,ena,恵那市,インクリボン,不燃ごみ,,,恵那市ごみ百科事典（令和7年4月1日現在）,https://www.city.ena.lg.jp/material/files/group/25/gomihyakka2025.pdf,27,https://www.city.ena.lg.jp/soshikiichiran/suidokankyobu/kankyoka/1/3/2/1741.html,2026-08-07,2025-04-01,2026-08-13,False
ena-40,ena,恵那市,植木（太さが直径10ｃｍ以内）,可燃ごみ,土を取り除き、長さ80㎝以内に切って出す。80㎝以内に できない場合は直接処理施設に持ち込む。,,恵那市ごみ百科事典（令和7年4月1日現在）,https://www.city.ena.lg.jp/material/files/group/25/gomihyakka2025.pdf,27,https://www.city.ena.lg.jp/soshikiichiran/suidokankyobu/kankyoka/1/3/2/1741.html,2026-08-07,2025-04-01,2026-08-13,False
ena-41,ena,恵那市,植木鉢（プラスチック製品、ポット）,可燃ごみ,土などを取り除いて出す。,,恵那市ごみ百科事典（令和7年4月1日現在）,https://www.city.ena.lg.jp/material/files/group/25/gomihyakka2025.pdf,27,https://www.city.ena.lg.jp/soshikiichiran/suidokankyobu/kankyoka/1/3/2/1741.html,2026-08-07,2025-04-01,2026-08-13,False
ena-42,ena,恵那市,植木鉢（陶器製）,不燃ごみ,土などを取り除いて出す。,,恵那市ごみ百科事典（令和7年4月1日現在）,https://www.city.ena.lg.jp/material/files/group/25/gomihyakka2025.pdf,27,https://www.city.ena.lg.jp/soshikiichiran/suidokankyobu/kankyoka/1/3/2/1741.html,2026-08-07,2025-04-01,2026-08-13,False
ena-43,ena,恵那市,植木鉢用支柱（木・プラスチック製）,可燃ごみ,長さ80㎝以内にして出す。80㎝以内にできない場合は直 接処理施設に持ち込む。金属製は不燃ごみ。,,恵那市ごみ百科事典（令和7年4月1日現在）,https://www.city.ena.lg.jp/material/files/group/25/gomihyakka2025.pdf,27,https://www.city.ena.lg.jp/soshikiichiran/suidokankyobu/kankyoka/1/3/2/1741.html,2026-08-07,2025-04-01,2026-08-13,False
ena-44,ena,恵那市,ウォーターサーバーのペットボトル,可燃ごみ,,,恵那市ごみ百科事典（令和7年4月1日現在）,https://www.city.ena.lg.jp/material/files/group/25/gomihyakka2025.pdf,27,https://www.city.ena.lg.jp/soshikiichiran/suidokankyobu/kankyoka/1/3/2/1741.html,2026-08-07,2025-04-01,2026-08-13,False
ena-45,ena,恵那市,浮輪,不燃ごみ,空気を抜いて出す。,,恵那市ごみ百科事典（令和7年4月1日現在）,https://www.city.ena.lg.jp/material/files/group/25/gomihyakka2025.pdf,27,https://www.city.ena.lg.jp/soshikiichiran/suidokankyobu/kankyoka/1/3/2/1741.html,2026-08-07,2025-04-01,2026-08-13,False
ena-46,ena,恵那市,うす（臼）,粗大ごみ,木製のうすは処理施設へ直接搬入。石製のうすは回収不可。,,恵那市ごみ百科事典（令和7年4月1日現在）,https://www.city.ena.lg.jp/material/files/group/25/gomihyakka2025.pdf,27,https://www.city.ena.lg.jp/soshikiichiran/suidokankyobu/kankyoka/1/3/2/1741.html,2026-08-07,2025-04-01,2026-08-13,False
ena-47,ena,恵那市,腕時計,不燃ごみ,,,恵那市ごみ百科事典（令和7年4月1日現在）,https://www.city.ena.lg.jp/material/files/group/25/gomihyakka2025.pdf,27,https://www.city.ena.lg.jp/soshikiichiran/suidokankyobu/kankyoka/1/3/2/1741.html,2026-08-07,2025-04-01,2026-08-13,False
ena-48,ena,恵那市,羽毛布団,可燃ごみ,指定袋（大）に入れる。入らない場合は、布団１枚につき、 １枚指定袋（大）を付けて出す。エコプラザ回収可。,,恵那市ごみ百科事典（令和7年4月1日現在）,https://www.city.ena.lg.jp/material/files/group/25/gomihyakka2025.pdf,27,https://www.city.ena.lg.jp/soshikiichiran/suidokankyobu/kankyoka/1/3/2/1741.html,2026-08-07,2025-04-01,2026-08-13,True
ena-49,ena,恵那市,運動靴,不燃ごみ,,,恵那市ごみ百科事典（令和7年4月1日現在）,https://www.city.ena.lg.jp/material/files/group/25/gomihyakka2025.pdf,27,https://www.city.ena.lg.jp/soshikiichiran/suidokankyobu/kankyoka/1/3/2/1741.html,2026-08-07,2025-04-01,2026-08-13,False
ena-50,ena,恵那市,エアコン（クーラー）,家電リサイクル,詳細は11・12ページ参照。,,恵那市ごみ百科事典（令和7年4月1日現在）,https://www.city.ena.lg.jp/material/files/group/25/gomihyakka2025.pdf,27,https://www.city.ena.lg.jp/soshikiichiran/suidokankyobu/kankyoka/1/3/2/1741.html,2026-08-07,2025-04-01,2026-08-13,False
ena-51,ena,恵那市,ACアダプター,不燃ごみ,,,恵那市ごみ百科事典（令和7年4月1日現在）,https://www.city.ena.lg.jp/material/files/group/25/gomihyakka2025.pdf,27,https://www.city.ena.lg.jp/soshikiichiran/suidokankyobu/kankyoka/1/3/2/1741.html,2026-08-07,2025-04-01,2026-08-13,False
ena-52,ena,恵那市,液晶テレビ,家電リサイクル,詳細は11・12ページ参照。,,恵那市ごみ百科事典（令和7年4月1日現在）,https://www.city.ena.lg.jp/material/files/group/25/gomihyakka2025.pdf,27,https://www.city.ena.lg.jp/soshikiichiran/suidokankyobu/kankyoka/1/3/2/1741.html,2026-08-07,2025-04-01,2026-08-13,False
ena-53,ena,恵那市,絵の具セット,可燃ごみ,金属部分、金属製品は不燃ごみ。分別して出す。,,恵那市ごみ百科事典（令和7年4月1日現在）,https://www.city.ena.lg.jp/material/files/group/25/gomihyakka2025.pdf,27,https://www.city.ena.lg.jp/soshikiichiran/suidokankyobu/kankyoka/1/3/2/1741.html,2026-08-07,2025-04-01,2026-08-13,False
ena-54,ena,恵那市,絵の具チューブ,可燃ごみ,中身を使い切って出す。金属製は不燃ごみ。,,恵那市ごみ百科事典（令和7年4月1日現在）,https://www.city.ena.lg.jp/material/files/group/25/gomihyakka2025.pdf,27,https://www.city.ena.lg.jp/soshikiichiran/suidokankyobu/kankyoka/1/3/2/1741.html,2026-08-07,2025-04-01,2026-08-13,False
ena-55,ena,恵那市,絵本,資源ごみ,資源回収または拠点回収に出す（エコプラザ回収可）。資源 とならないものは可燃ごみ。,,恵那市ごみ百科事典（令和7年4月1日現在）,https://www.city.ena.lg.jp/material/files/group/25/gomihyakka2025.pdf,27,https://www.city.ena.lg.jp/soshikiichiran/suidokankyobu/kankyoka/1/3/2/1741.html,2026-08-07,2025-04-01,2026-08-13,True
ena-56,ena,恵那市,MD（ミニディスク）,不燃ごみ,ケースは可燃ごみ。,,恵那市ごみ百科事典（令和7年4月1日現在）,https://www.city.ena.lg.jp/material/files/group/25/gomihyakka2025.pdf,27,https://www.city.ena.lg.jp/soshikiichiran/suidokankyobu/kankyoka/1/3/2/1741.html,2026-08-07,2025-04-01,2026-08-13,False
ena-57,ena,恵那市,LED蛍光管,不燃ごみ,指定袋（大）に入れて出す。袋からはみ出ていても回収可。,,恵那市ごみ百科事典（令和7年4月1日現在）,https://www.city.ena.lg.jp/material/files/group/25/gomihyakka2025.pdf,27,https://www.city.ena.lg.jp/soshikiichiran/suidokankyobu/kankyoka/1/3/2/1741.html,2026-08-07,2025-04-01,2026-08-13,False
ena-58,ena,恵那市,LED電球,不燃ごみ,,,恵那市ごみ百科事典（令和7年4月1日現在）,https://www.city.ena.lg.jp/material/files/group/25/gomihyakka2025.pdf,27,https://www.city.ena.lg.jp/soshikiichiran/suidokankyobu/kankyoka/1/3/2/1741.html,2026-08-07,2025-04-01,2026-08-13,False
ena-59,ena,恵那市,エレクトーン,粗大ごみ,ステーションに出す場合は可燃と不燃に分け、可燃は50㎝ 以内・不燃は1ｍ以内にして出す。小さくできない場合は 直接処理施設に持ち込む。,,恵那市ごみ百科事典（令和7年4月1日現在）,https://www.city.ena.lg.jp/material/files/group/25/gomihyakka2025.pdf,27,https://www.city.ena.lg.jp/soshikiichiran/suidokankyobu/kankyoka/1/3/2/1741.html,2026-08-07,2025-04-01,2026-08-13,False
ena-60,ena,恵那市,延長コード,不燃ごみ,エコプラザ回収可。,,恵那市ごみ百科事典（令和7年4月1日現在）,https://www.city.ena.lg.jp/material/files/group/25/gomihyakka2025.pdf,27,https://www.city.ena.lg.jp/soshikiichiran/suidokankyobu/kankyoka/1/3/2/1741.html,2026-08-07,2025-04-01,2026-08-13,True
ena-61,ena,恵那市,塩ビ管（家庭用のものに限る）,不燃ごみ,1ｍ以内にして出す。袋に入らない場合は指定袋（大）をつ ける。1ｍ以内にできない場合は直接処理施設に持ち込む。,,恵那市ごみ百科事典（令和7年4月1日現在）,https://www.city.ena.lg.jp/material/files/group/25/gomihyakka2025.pdf,27,https://www.city.ena.lg.jp/soshikiichiran/suidokankyobu/kankyoka/1/3/2/1741.html,2026-08-07,2025-04-01,2026-08-13,False
ena-62,ena,恵那市,鉛筆（芯も含む）,可燃ごみ,,,恵那市ごみ百科事典（令和7年4月1日現在）,https://www.city.ena.lg.jp/material/files/group/25/gomihyakka2025.pdf,27,https://www.city.ena.lg.jp/soshikiichiran/suidokankyobu/kankyoka/1/3/2/1741.html,2026-08-07,2025-04-01,2026-08-13,False
ena-63,ena,恵那市,オイル（自動車用など）,回収不可,販売店・ガソリンスタンドに問い合わせる。,,恵那市ごみ百科事典（令和7年4月1日現在）,https://www.city.ena.lg.jp/material/files/group/25/gomihyakka2025.pdf,27,https://www.city.ena.lg.jp/soshikiichiran/suidokankyobu/kankyoka/1/3/2/1741.html,2026-08-07,2025-04-01,2026-08-13,False
ena-64,ena,恵那市,オイルヒーター,不燃ごみ,,,恵那市ごみ百科事典（令和7年4月1日現在）,https://www.city.ena.lg.jp/material/files/group/25/gomihyakka2025.pdf,27,https://www.city.ena.lg.jp/soshikiichiran/suidokankyobu/kankyoka/1/3/2/1741.html,2026-08-07,2025-04-01,2026-08-13,False
ena-65,ena,恵那市,オーディオ機器,不燃ごみ,使用可能なものはエコプラザ回収可。,,恵那市ごみ百科事典（令和7年4月1日現在）,https://www.city.ena.lg.jp/material/files/group/25/gomihyakka2025.pdf,27,https://www.city.ena.lg.jp/soshikiichiran/suidokankyobu/kankyoka/1/3/2/1741.html,2026-08-07,2025-04-01,2026-08-13,True
ena-66,ena,恵那市,オートバイ,回収不可,販売店に問い合わせる。,,恵那市ごみ百科事典（令和7年4月1日現在）,https://www.city.ena.lg.jp/material/files/group/25/gomihyakka2025.pdf,27,https://www.city.ena.lg.jp/soshikiichiran/suidokankyobu/kankyoka/1/3/2/1741.html,2026-08-07,2025-04-01,2026-08-13,False
ena-67,ena,恵那市,オーブンレンジ,不燃ごみ,中にごみを入れない。,,恵那市ごみ百科事典（令和7年4月1日現在）,https://www.city.ena.lg.jp/material/files/group/25/gomihyakka2025.pdf,27,https://www.city.ena.lg.jp/soshikiichiran/suidokankyobu/kankyoka/1/3/2/1741.html,2026-08-07,2025-04-01,2026-08-13,False
ena-68,ena,恵那市,オーブントースター,不燃ごみ,中にごみを入れない。,,恵那市ごみ百科事典（令和7年4月1日現在）,https://www.city.ena.lg.jp/material/files/group/25/gomihyakka2025.pdf,27,https://www.city.ena.lg.jp/soshikiichiran/suidokankyobu/kankyoka/1/3/2/1741.html,2026-08-07,2025-04-01,2026-08-13,False
ena-69,ena,恵那市,桶（木・プラスチック製）,可燃ごみ,金属部分は不燃ごみ。,,恵那市ごみ百科事典（令和7年4月1日現在）,https://www.city.ena.lg.jp/material/files/group/25/gomihyakka2025.pdf,27,https://www.city.ena.lg.jp/soshikiichiran/suidokankyobu/kankyoka/1/3/2/1741.html,2026-08-07,2025-04-01,2026-08-13,False
ena-70,ena,恵那市,お玉（しゃくし）,可燃ごみ,金属部分は不燃ごみ。,,恵那市ごみ百科事典（令和7年4月1日現在）,https://www.city.ena.lg.jp/material/files/group/25/gomihyakka2025.pdf,27,https://www.city.ena.lg.jp/soshikiichiran/suidokankyobu/kankyoka/1/3/2/1741.html,2026-08-07,2025-04-01,2026-08-13,False
ena-71,ena,恵那市,落ち葉,可燃ごみ,乾かして、土などを取り除いて出す。,,恵那市ごみ百科事典（令和7年4月1日現在）,https://www.city.ena.lg.jp/material/files/group/25/gomihyakka2025.pdf,27,https://www.city.ena.lg.jp/soshikiichiran/suidokankyobu/kankyoka/1/3/2/1741.html,2026-08-07,2025-04-01,2026-08-13,False
ena-72,ena,恵那市,帯,可燃ごみ,50㎝以内に切って出す。処理施設に直接搬入する場合は切 らなくてもよい。,,恵那市ごみ百科事典（令和7年4月1日現在）,https://www.city.ena.lg.jp/material/files/group/25/gomihyakka2025.pdf,27,https://www.city.ena.lg.jp/soshikiichiran/suidokankyobu/kankyoka/1/3/2/1741.html,2026-08-07,2025-04-01,2026-08-13,False
ena-73,ena,恵那市,お盆,可燃ごみ,金属・陶器製は不燃ごみ。,,恵那市ごみ百科事典（令和7年4月1日現在）,https://www.city.ena.lg.jp/material/files/group/25/gomihyakka2025.pdf,27,https://www.city.ena.lg.jp/soshikiichiran/suidokankyobu/kankyoka/1/3/2/1741.html,2026-08-07,2025-04-01,2026-08-13,False
ena-74,ena,恵那市,おまる,可燃ごみ,金属部分は不燃ごみ。,,恵那市ごみ百科事典（令和7年4月1日現在）,https://www.city.ena.lg.jp/material/files/group/25/gomihyakka2025.pdf,27,https://www.city.ena.lg.jp/soshikiichiran/suidokankyobu/kankyoka/1/3/2/1741.html,2026-08-07,2025-04-01,2026-08-13,False
ena-75,ena,恵那市,おむつ,可燃ごみ,汚物は取り除いて出す。,,恵那市ごみ百科事典（令和7年4月1日現在）,https://www.city.ena.lg.jp/material/files/group/25/gomihyakka2025.pdf,27,https://www.city.ena.lg.jp/soshikiichiran/suidokankyobu/kankyoka/1/3/2/1741.html,2026-08-07,2025-04-01,2026-08-13,False
ena-76,ena,恵那市,おもちゃ（木・プラスチック製）,可燃ごみ,金属部分は不燃ごみ。電池は処理困難ごみ。,,恵那市ごみ百科事典（令和7年4月1日現在）,https://www.city.ena.lg.jp/material/files/group/25/gomihyakka2025.pdf,27,https://www.city.ena.lg.jp/soshikiichiran/suidokankyobu/kankyoka/1/3/2/1741.html,2026-08-07,2025-04-01,2026-08-13,False
ena-77,ena,恵那市,折りたたみイス,不燃ごみ,布部分は切って可燃ごみ、分別して出す。,,恵那市ごみ百科事典（令和7年4月1日現在）,https://www.city.ena.lg.jp/material/files/group/25/gomihyakka2025.pdf,27,https://www.city.ena.lg.jp/soshikiichiran/suidokankyobu/kankyoka/1/3/2/1741.html,2026-08-07,2025-04-01,2026-08-13,False
ena-78,ena,恵那市,オルガン,粗大ごみ,ステーションに出す場合は可燃と不燃に分け、可燃は50㎝ 以内・不燃は1ｍ以内にして出す。小さくできない場合は 直接処理施設に持ち込む。,,恵那市ごみ百科事典（令和7年4月1日現在）,https://www.city.ena.lg.jp/material/files/group/25/gomihyakka2025.pdf,27,https://www.city.ena.lg.jp/soshikiichiran/suidokankyobu/kankyoka/1/3/2/1741.html,2026-08-07,2025-04-01,2026-08-13,False
ena-79,ena,恵那市,オルゴール,不燃ごみ,,,恵那市ごみ百科事典（令和7年4月1日現在）,https://www.city.ena.lg.jp/material/files/group/25/gomihyakka2025.pdf,27,https://www.city.ena.lg.jp/soshikiichiran/suidokankyobu/kankyoka/1/3/2/1741.html,2026-08-07,2025-04-01,2026-08-13,False
ena-80,ena,恵那市,お椀,可燃ごみ,,,恵那市ごみ百科事典（令和7年4月1日現在）,https://www.city.ena.lg.jp/material/files/group/25/gomihyakka2025.pdf,27,https://www.city.ena.lg.jp/soshikiichiran/suidokankyobu/kankyoka/1/3/2/1741.html,2026-08-07,2025-04-01,2026-08-13,False
ena-81,ena,恵那市,温度計,不燃ごみ,水銀温度計は処理困難ごみ。,,恵那市ごみ百科事典（令和7年4月1日現在）,https://www.city.ena.lg.jp/material/files/group/25/gomihyakka2025.pdf,27,https://www.city.ena.lg.jp/soshikiichiran/suidokankyobu/kankyoka/1/3/2/1741.html,2026-08-07,2025-04-01,2026-08-13,False
ena-82,ena,恵那市,カーステレオ,不燃ごみ,,,恵那市ごみ百科事典（令和7年4月1日現在）,https://www.city.ena.lg.jp/material/files/group/25/gomihyakka2025.pdf,27,https://www.city.ena.lg.jp/soshikiichiran/suidokankyobu/kankyoka/1/3/2/1741.html,2026-08-07,2025-04-01,2026-08-13,False
ena-83,ena,恵那市,カーテン（布製・レース）,可燃ごみ,50㎝以内に切って出す。50㎝以内にできない場合は直接 処理施設に持ち込む。金属部分は不燃ごみ。,,恵那市ごみ百科事典（令和7年4月1日現在）,https://www.city.ena.lg.jp/material/files/group/25/gomihyakka2025.pdf,28,https://www.city.ena.lg.jp/soshikiichiran/suidokankyobu/kankyoka/1/3/2/1741.html,2026-08-07,2025-04-01,2026-08-13,False
ena-84,ena,恵那市,カーテンレール,不燃ごみ,長さ１ｍ以内にする。袋に入らない場合は指定袋（大）を つける。1ｍ以内にできない場合は処理施設に直接持ち込む。,,恵那市ごみ百科事典（令和7年4月1日現在）,https://www.city.ena.lg.jp/material/files/group/25/gomihyakka2025.pdf,28,https://www.city.ena.lg.jp/soshikiichiran/suidokankyobu/kankyoka/1/3/2/1741.html,2026-08-07,2025-04-01,2026-08-13,False
ena-85,ena,恵那市,カード（キャッシュカード等）,可燃ごみ,,,恵那市ごみ百科事典（令和7年4月1日現在）,https://www.city.ena.lg.jp/material/files/group/25/gomihyakka2025.pdf,28,https://www.city.ena.lg.jp/soshikiichiran/suidokankyobu/kankyoka/1/3/2/1741.html,2026-08-07,2025-04-01,2026-08-13,False
ena-86,ena,恵那市,カーナビ,不燃ごみ,,,恵那市ごみ百科事典（令和7年4月1日現在）,https://www.city.ena.lg.jp/material/files/group/25/gomihyakka2025.pdf,28,https://www.city.ena.lg.jp/soshikiichiran/suidokankyobu/kankyoka/1/3/2/1741.html,2026-08-07,2025-04-01,2026-08-13,False
ena-87,ena,恵那市,カーボン紙,可燃ごみ,,,恵那市ごみ百科事典（令和7年4月1日現在）,https://www.city.ena.lg.jp/material/files/group/25/gomihyakka2025.pdf,28,https://www.city.ena.lg.jp/soshikiichiran/suidokankyobu/kankyoka/1/3/2/1741.html,2026-08-07,2025-04-01,2026-08-13,False
ena-88,ena,恵那市,カーマット（車用フロアマット）,可燃ごみ,金属部分は不燃ごみ。,,恵那市ごみ百科事典（令和7年4月1日現在）,https://www.city.ena.lg.jp/material/files/group/25/gomihyakka2025.pdf,28,https://www.city.ena.lg.jp/soshikiichiran/suidokankyobu/kankyoka/1/3/2/1741.html,2026-08-07,2025-04-01,2026-08-13,False
ena-89,ena,恵那市,貝殻,可燃ごみ,,,恵那市ごみ百科事典（令和7年4月1日現在）,https://www.city.ena.lg.jp/material/files/group/25/gomihyakka2025.pdf,28,https://www.city.ena.lg.jp/soshikiichiran/suidokankyobu/kankyoka/1/3/2/1741.html,2026-08-07,2025-04-01,2026-08-13,False
ena-90,ena,恵那市,懐中電灯,不燃ごみ,電池は処理困難ごみ。,,恵那市ごみ百科事典（令和7年4月1日現在）,https://www.city.ena.lg.jp/material/files/group/25/gomihyakka2025.pdf,28,https://www.city.ena.lg.jp/soshikiichiran/suidokankyobu/kankyoka/1/3/2/1741.html,2026-08-07,2025-04-01,2026-08-13,False
ena-91,ena,恵那市,買い物かご,可燃ごみ,金属部分は不燃ごみ。,,恵那市ごみ百科事典（令和7年4月1日現在）,https://www.city.ena.lg.jp/material/files/group/25/gomihyakka2025.pdf,28,https://www.city.ena.lg.jp/soshikiichiran/suidokankyobu/kankyoka/1/3/2/1741.html,2026-08-07,2025-04-01,2026-08-13,False
ena-92,ena,恵那市,カイロ（使い捨て・金属製）,不燃ごみ,未使用のものは回収不可。,,恵那市ごみ百科事典（令和7年4月1日現在）,https://www.city.ena.lg.jp/material/files/group/25/gomihyakka2025.pdf,28,https://www.city.ena.lg.jp/soshikiichiran/suidokankyobu/kankyoka/1/3/2/1741.html,2026-08-07,2025-04-01,2026-08-13,False
ena-93,ena,恵那市,鏡,不燃ごみ,割れた鏡は危険のないように包んで出す。,,恵那市ごみ百科事典（令和7年4月1日現在）,https://www.city.ena.lg.jp/material/files/group/25/gomihyakka2025.pdf,28,https://www.city.ena.lg.jp/soshikiichiran/suidokankyobu/kankyoka/1/3/2/1741.html,2026-08-07,2025-04-01,2026-08-13,False
ena-94,ena,恵那市,額縁（木・プラスチック製）,可燃ごみ,金属・ガラス部分は不燃ごみ。※木・プラスチック・金属 の分別（解体）が難しい場合不燃ごみ。,,恵那市ごみ百科事典（令和7年4月1日現在）,https://www.city.ena.lg.jp/material/files/group/25/gomihyakka2025.pdf,28,https://www.city.ena.lg.jp/soshikiichiran/suidokankyobu/kankyoka/1/3/2/1741.html,2026-08-07,2025-04-01,2026-08-13,False
ena-95,ena,恵那市,角材（太さ10センチ以内まで）,粗大ごみ,可燃ごみとして出す場合は、長さ80㎝以内にして釘等を抜 く。80㎝以内にできない場合は直接処理施設に持ち込む。,,恵那市ごみ百科事典（令和7年4月1日現在）,https://www.city.ena.lg.jp/material/files/group/25/gomihyakka2025.pdf,28,https://www.city.ena.lg.jp/soshikiichiran/suidokankyobu/kankyoka/1/3/2/1741.html,2026-08-07,2025-04-01,2026-08-13,False
ena-96,ena,恵那市,家具類（木・プラスチック製）,粗大ごみ,ステーションに出す場合は可燃と不燃に分け、可燃は50㎝ 以内・不燃は1ｍ以内にして出す。小さくできない場合は 直接処理施設に持ち込む。,,恵那市ごみ百科事典（令和7年4月1日現在）,https://www.city.ena.lg.jp/material/files/group/25/gomihyakka2025.pdf,28,https://www.city.ena.lg.jp/soshikiichiran/suidokankyobu/kankyoka/1/3/2/1741.html,2026-08-07,2025-04-01,2026-08-13,False
ena-97,ena,恵那市,傘,不燃ごみ,分解する必要はない。,,恵那市ごみ百科事典（令和7年4月1日現在）,https://www.city.ena.lg.jp/material/files/group/25/gomihyakka2025.pdf,28,https://www.city.ena.lg.jp/soshikiichiran/suidokankyobu/kankyoka/1/3/2/1741.html,2026-08-07,2025-04-01,2026-08-13,False
ena-98,ena,恵那市,傘立て,不燃ごみ,木・プラスチック製品は可燃ごみ。金属・木・プラスチッ ク混合製品は不燃ごみ。,,恵那市ごみ百科事典（令和7年4月1日現在）,https://www.city.ena.lg.jp/material/files/group/25/gomihyakka2025.pdf,28,https://www.city.ena.lg.jp/soshikiichiran/suidokankyobu/kankyoka/1/3/2/1741.html,2026-08-07,2025-04-01,2026-08-13,False
ena-99,ena,恵那市,加湿器,不燃ごみ,,,恵那市ごみ百科事典（令和7年4月1日現在）,https://www.city.ena.lg.jp/material/files/group/25/gomihyakka2025.pdf,28,https://www.city.ena.lg.jp/soshikiichiran/suidokankyobu/kankyoka/1/3/2/1741.html,2026-08-07,2025-04-01,2026-08-13,False
ena-100,ena,恵那市,ガスオーブンレンジ,不燃ごみ,中にごみを入れない。,,恵那市ごみ百科事典（令和7年4月1日現在）,https://www.city.ena.lg.jp/material/files/group/25/gomihyakka2025.pdf,28,https://www.city.ena.lg.jp/soshikiichiran/suidokankyobu/kankyoka/1/3/2/1741.html,2026-08-07,2025-04-01,2026-08-13,False
ena-101,ena,恵那市,ガスコンロ,不燃ごみ,電池は処理困難ごみ。,,恵那市ごみ百科事典（令和7年4月1日現在）,https://www.city.ena.lg.jp/material/files/group/25/gomihyakka2025.pdf,28,https://www.city.ena.lg.jp/soshikiichiran/suidokankyobu/kankyoka/1/3/2/1741.html,2026-08-07,2025-04-01,2026-08-13,False
ena-102,ena,恵那市,ガスボンベ（LPガス）,回収不可,販売店に問い合わせる。,,恵那市ごみ百科事典（令和7年4月1日現在）,https://www.city.ena.lg.jp/material/files/group/25/gomihyakka2025.pdf,28,https://www.city.ena.lg.jp/soshikiichiran/suidokankyobu/kankyoka/1/3/2/1741.html,2026-08-07,2025-04-01,2026-08-13,False
ena-103,ena,恵那市,ガス湯沸器,不燃ごみ,電池は処理困難ごみ。,,恵那市ごみ百科事典（令和7年4月1日現在）,https://www.city.ena.lg.jp/material/files/group/25/gomihyakka2025.pdf,28,https://www.city.ena.lg.jp/soshikiichiran/suidokankyobu/kankyoka/1/3/2/1741.html,2026-08-07,2025-04-01,2026-08-13,False
ena-104,ena,恵那市,カセットガスボンベ,不燃ごみ,中身を使い切って、穴を開ける。キャップは可燃ごみ。,,恵那市ごみ百科事典（令和7年4月1日現在）,https://www.city.ena.lg.jp/material/files/group/25/gomihyakka2025.pdf,28,https://www.city.ena.lg.jp/soshikiichiran/suidokankyobu/kankyoka/1/3/2/1741.html,2026-08-07,2025-04-01,2026-08-13,False
ena-105,ena,恵那市,カセットコンロ,不燃ごみ,,,恵那市ごみ百科事典（令和7年4月1日現在）,https://www.city.ena.lg.jp/material/files/group/25/gomihyakka2025.pdf,28,https://www.city.ena.lg.jp/soshikiichiran/suidokankyobu/kankyoka/1/3/2/1741.html,2026-08-07,2025-04-01,2026-08-13,False
ena-106,ena,恵那市,カセットテープ,不燃ごみ,ケースは可燃ごみ。,,恵那市ごみ百科事典（令和7年4月1日現在）,https://www.city.ena.lg.jp/material/files/group/25/gomihyakka2025.pdf,28,https://www.city.ena.lg.jp/soshikiichiran/suidokankyobu/kankyoka/1/3/2/1741.html,2026-08-07,2025-04-01,2026-08-13,False
ena-107,ena,恵那市,カセットデッキ,不燃ごみ,電池は処理困難ごみ。,,恵那市ごみ百科事典（令和7年4月1日現在）,https://www.city.ena.lg.jp/material/files/group/25/gomihyakka2025.pdf,28,https://www.city.ena.lg.jp/soshikiichiran/suidokankyobu/kankyoka/1/3/2/1741.html,2026-08-07,2025-04-01,2026-08-13,False
ena-108,ena,恵那市,ガソリン缶,不燃ごみ,中身を空にして出す。,,恵那市ごみ百科事典（令和7年4月1日現在）,https://www.city.ena.lg.jp/material/files/group/25/gomihyakka2025.pdf,28,https://www.city.ena.lg.jp/soshikiichiran/suidokankyobu/kankyoka/1/3/2/1741.html,2026-08-07,2025-04-01,2026-08-13,False
ena-109,ena,恵那市,カッターナイフ,不燃ごみ,刃が出ているものは、ガムテープ等で覆って出す。,,恵那市ごみ百科事典（令和7年4月1日現在）,https://www.city.ena.lg.jp/material/files/group/25/gomihyakka2025.pdf,28,https://www.city.ena.lg.jp/soshikiichiran/suidokankyobu/kankyoka/1/3/2/1741.html,2026-08-07,2025-04-01,2026-08-13,False
ena-110,ena,恵那市,カッパ,不燃ごみ,,,恵那市ごみ百科事典（令和7年4月1日現在）,https://www.city.ena.lg.jp/material/files/group/25/gomihyakka2025.pdf,28,https://www.city.ena.lg.jp/soshikiichiran/suidokankyobu/kankyoka/1/3/2/1741.html,2026-08-07,2025-04-01,2026-08-13,False
ena-111,ena,恵那市,かつら,可燃ごみ,金属部分は不燃ごみ。,,恵那市ごみ百科事典（令和7年4月1日現在）,https://www.city.ena.lg.jp/material/files/group/25/gomihyakka2025.pdf,28,https://www.city.ena.lg.jp/soshikiichiran/suidokankyobu/kankyoka/1/3/2/1741.html,2026-08-07,2025-04-01,2026-08-13,False
ena-112,ena,恵那市,金網,不燃ごみ,長さ１ｍ以内にする。袋に入らない場合は指定袋（大）を つける。1ｍ以内にできない場合は処理施設に直接持ち込む。,,恵那市ごみ百科事典（令和7年4月1日現在）,https://www.city.ena.lg.jp/material/files/group/25/gomihyakka2025.pdf,28,https://www.city.ena.lg.jp/soshikiichiran/suidokankyobu/kankyoka/1/3/2/1741.html,2026-08-07,2025-04-01,2026-08-13,False
ena-113,ena,恵那市,かなづち,不燃ごみ,※分別できる場合：木・プラスチック製の柄は可燃ごみ。,,恵那市ごみ百科事典（令和7年4月1日現在）,https://www.city.ena.lg.jp/material/files/group/25/gomihyakka2025.pdf,28,https://www.city.ena.lg.jp/soshikiichiran/suidokankyobu/kankyoka/1/3/2/1741.html,2026-08-07,2025-04-01,2026-08-13,False
ena-114,ena,恵那市,かばん,不燃ごみ,,,恵那市ごみ百科事典（令和7年4月1日現在）,https://www.city.ena.lg.jp/material/files/group/25/gomihyakka2025.pdf,28,https://www.city.ena.lg.jp/soshikiichiran/suidokankyobu/kankyoka/1/3/2/1741.html,2026-08-07,2025-04-01,2026-08-13,False
ena-115,ena,恵那市,画びょう（押しピン）,不燃ごみ,ガムテープ等で覆って出す。,,恵那市ごみ百科事典（令和7年4月1日現在）,https://www.city.ena.lg.jp/material/files/group/25/gomihyakka2025.pdf,28,https://www.city.ena.lg.jp/soshikiichiran/suidokankyobu/kankyoka/1/3/2/1741.html,2026-08-07,2025-04-01,2026-08-13,False
ena-116,ena,恵那市,花びん,不燃ごみ,プラスチック製品は可燃ごみ。,,恵那市ごみ百科事典（令和7年4月1日現在）,https://www.city.ena.lg.jp/material/files/group/25/gomihyakka2025.pdf,28,https://www.city.ena.lg.jp/soshikiichiran/suidokankyobu/kankyoka/1/3/2/1741.html,2026-08-07,2025-04-01,2026-08-13,False
ena-117,ena,恵那市,壁紙（クロス）,可燃ごみ,50㎝以内に切って出す。50㎝以内にできない場合は直接 処理施設に持ち込む。,,恵那市ごみ百科事典（令和7年4月1日現在）,https://www.city.ena.lg.jp/material/files/group/25/gomihyakka2025.pdf,28,https://www.city.ena.lg.jp/soshikiichiran/suidokankyobu/kankyoka/1/3/2/1741.html,2026-08-07,2025-04-01,2026-08-13,False
ena-118,ena,恵那市,鎌,不燃ごみ,刃をガムテープ等で覆って出す。※分別できる場合：木・ プラスチック製の柄は可燃ごみ。,,恵那市ごみ百科事典（令和7年4月1日現在）,https://www.city.ena.lg.jp/material/files/group/25/gomihyakka2025.pdf,28,https://www.city.ena.lg.jp/soshikiichiran/suidokankyobu/kankyoka/1/3/2/1741.html,2026-08-07,2025-04-01,2026-08-13,False
ena-119,ena,恵那市,紙おむつ,可燃ごみ,汚物は取り除いて出す。,,恵那市ごみ百科事典（令和7年4月1日現在）,https://www.city.ena.lg.jp/material/files/group/25/gomihyakka2025.pdf,28,https://www.city.ena.lg.jp/soshikiichiran/suidokankyobu/kankyoka/1/3/2/1741.html,2026-08-07,2025-04-01,2026-08-13,False
ena-120,ena,恵那市,紙コップ,可燃ごみ,できるだけ使い捨ては避けましょう。,,恵那市ごみ百科事典（令和7年4月1日現在）,https://www.city.ena.lg.jp/material/files/group/25/gomihyakka2025.pdf,28,https://www.city.ena.lg.jp/soshikiichiran/suidokankyobu/kankyoka/1/3/2/1741.html,2026-08-07,2025-04-01,2026-08-13,False
ena-121,ena,恵那市,紙皿,可燃ごみ,できるだけ使い捨て商品は避けましょう。,,恵那市ごみ百科事典（令和7年4月1日現在）,https://www.city.ena.lg.jp/material/files/group/25/gomihyakka2025.pdf,28,https://www.city.ena.lg.jp/soshikiichiran/suidokankyobu/kankyoka/1/3/2/1741.html,2026-08-07,2025-04-01,2026-08-13,False
ena-122,ena,恵那市,かみそり,不燃ごみ,刃の部分はガムテープ等で覆って出す。,,恵那市ごみ百科事典（令和7年4月1日現在）,https://www.city.ena.lg.jp/material/files/group/25/gomihyakka2025.pdf,28,https://www.city.ena.lg.jp/soshikiichiran/suidokankyobu/kankyoka/1/3/2/1741.html,2026-08-07,2025-04-01,2026-08-13,False
ena-123,ena,恵那市,紙パック（飲料用）,資源ごみ,中をよく洗い、開いて乾かしてから資源回収またはスーパー 等の回収所に出す（エコプラザ可）。資源回収に出せないも のは可燃ごみ。,,恵那市ごみ百科事典（令和7年4月1日現在）,https://www.city.ena.lg.jp/material/files/group/25/gomihyakka2025.pdf,28,https://www.city.ena.lg.jp/soshikiichiran/suidokankyobu/kankyoka/1/3/2/1741.html,2026-08-07,2025-04-01,2026-08-13,True
ena-124,ena,恵那市,カメラ,不燃ごみ,電池は処理困難ごみ。,,恵那市ごみ百科事典（令和7年4月1日現在）,https://www.city.ena.lg.jp/material/files/group/25/gomihyakka2025.pdf,28,https://www.city.ena.lg.jp/soshikiichiran/suidokankyobu/kankyoka/1/3/2/1741.html,2026-08-07,2025-04-01,2026-08-13,False
ena-125,ena,恵那市,カメラのケース,可燃ごみ,金属部分は不燃ごみ。,,恵那市ごみ百科事典（令和7年4月1日現在）,https://www.city.ena.lg.jp/material/files/group/25/gomihyakka2025.pdf,28,https://www.city.ena.lg.jp/soshikiichiran/suidokankyobu/kankyoka/1/3/2/1741.html,2026-08-07,2025-04-01,2026-08-13,False
ena-126,ena,恵那市,蚊帳,可燃ごみ,50㎝以内に切って出す。50㎝以内にできない場合は直接 処理施設に持ち込む。金属部分は不燃ごみ。,,恵那市ごみ百科事典（令和7年4月1日現在）,https://www.city.ena.lg.jp/material/files/group/25/gomihyakka2025.pdf,28,https://www.city.ena.lg.jp/soshikiichiran/suidokankyobu/kankyoka/1/3/2/1741.html,2026-08-07,2025-04-01,2026-08-13,False
ena-127,ena,恵那市,火薬,回収不可,販売店へ問い合わせる。,,恵那市ごみ百科事典（令和7年4月1日現在）,https://www.city.ena.lg.jp/material/files/group/25/gomihyakka2025.pdf,28,https://www.city.ena.lg.jp/soshikiichiran/suidokankyobu/kankyoka/1/3/2/1741.html,2026-08-07,2025-04-01,2026-08-13,False
ena-128,ena,恵那市,カラーボックス（木・プラスチック製）,可燃ごみ,50㎝以内に切って出す。50㎝以内にできない場合は直接 処理施設に持ち込む。金属部分は不燃ごみ。,,恵那市ごみ百科事典（令和7年4月1日現在）,https://www.city.ena.lg.jp/material/files/group/25/gomihyakka2025.pdf,29,https://www.city.ena.lg.jp/soshikiichiran/suidokankyobu/kankyoka/1/3/2/1741.html,2026-08-07,2025-04-01,2026-08-13,False
ena-129,ena,恵那市,カラオケセット,不燃ごみ,,,恵那市ごみ百科事典（令和7年4月1日現在）,https://www.city.ena.lg.jp/material/files/group/25/gomihyakka2025.pdf,29,https://www.city.ena.lg.jp/soshikiichiran/suidokankyobu/kankyoka/1/3/2/1741.html,2026-08-07,2025-04-01,2026-08-13,False
ena-130,ena,恵那市,ガラスくず,不燃ごみ,危険のないように包んで出す。,,恵那市ごみ百科事典（令和7年4月1日現在）,https://www.city.ena.lg.jp/material/files/group/25/gomihyakka2025.pdf,29,https://www.city.ena.lg.jp/soshikiichiran/suidokankyobu/kankyoka/1/3/2/1741.html,2026-08-07,2025-04-01,2026-08-13,False
ena-131,ena,恵那市,ガラス食器,不燃ごみ,,,恵那市ごみ百科事典（令和7年4月1日現在）,https://www.city.ena.lg.jp/material/files/group/25/gomihyakka2025.pdf,29,https://www.city.ena.lg.jp/soshikiichiran/suidokankyobu/kankyoka/1/3/2/1741.html,2026-08-07,2025-04-01,2026-08-13,False
ena-132,ena,恵那市,ガラス戸,粗大ごみ,ステーションに出す場合は可燃と不燃に分け、可燃は50㎝ 以内・不燃は1ｍ以内にして出す。小さくできない場合は 直接処理施設に持ち込む。,,恵那市ごみ百科事典（令和7年4月1日現在）,https://www.city.ena.lg.jp/material/files/group/25/gomihyakka2025.pdf,29,https://www.city.ena.lg.jp/soshikiichiran/suidokankyobu/kankyoka/1/3/2/1741.html,2026-08-07,2025-04-01,2026-08-13,False
ena-133,ena,恵那市,カレンダー,資源ごみ,資源回収または拠点回収に出す（エコプラザ回収可）。資源 とならないものは可燃ごみ。金属部分は不燃ごみ。,,恵那市ごみ百科事典（令和7年4月1日現在）,https://www.city.ena.lg.jp/material/files/group/25/gomihyakka2025.pdf,29,https://www.city.ena.lg.jp/soshikiichiran/suidokankyobu/kankyoka/1/3/2/1741.html,2026-08-07,2025-04-01,2026-08-13,True
ena-134,ena,恵那市,革靴,不燃ごみ,,,恵那市ごみ百科事典（令和7年4月1日現在）,https://www.city.ena.lg.jp/material/files/group/25/gomihyakka2025.pdf,29,https://www.city.ena.lg.jp/soshikiichiran/suidokankyobu/kankyoka/1/3/2/1741.html,2026-08-07,2025-04-01,2026-08-13,False
ena-135,ena,恵那市,革ジャンパー,可燃ごみ,金属部分は不燃ごみ。,,恵那市ごみ百科事典（令和7年4月1日現在）,https://www.city.ena.lg.jp/material/files/group/25/gomihyakka2025.pdf,29,https://www.city.ena.lg.jp/soshikiichiran/suidokankyobu/kankyoka/1/3/2/1741.html,2026-08-07,2025-04-01,2026-08-13,False
ena-136,ena,恵那市,瓦,粗大ごみ,1回の持込は軽トラック1台分まで。個人作業で出たものに 限る。,,恵那市ごみ百科事典（令和7年4月1日現在）,https://www.city.ena.lg.jp/material/files/group/25/gomihyakka2025.pdf,29,https://www.city.ena.lg.jp/soshikiichiran/suidokankyobu/kankyoka/1/3/2/1741.html,2026-08-07,2025-04-01,2026-08-13,False
ena-137,ena,恵那市,缶(コーヒー･缶詰･菓子･のり･ミルク),不燃ごみ,中をよく洗って出す。飲料用アルミ缶は資源ごみ。,,恵那市ごみ百科事典（令和7年4月1日現在）,https://www.city.ena.lg.jp/material/files/group/25/gomihyakka2025.pdf,29,https://www.city.ena.lg.jp/soshikiichiran/suidokankyobu/kankyoka/1/3/2/1741.html,2026-08-07,2025-04-01,2026-08-13,False
ena-138,ena,恵那市,缶(スプレー),不燃ごみ,中身を使い切って、穴を開ける。キャップは可燃ごみ。,,恵那市ごみ百科事典（令和7年4月1日現在）,https://www.city.ena.lg.jp/material/files/group/25/gomihyakka2025.pdf,29,https://www.city.ena.lg.jp/soshikiichiran/suidokankyobu/kankyoka/1/3/2/1741.html,2026-08-07,2025-04-01,2026-08-13,False
ena-139,ena,恵那市,缶(ワックス･ペンキ),不燃ごみ,中を使い切って出す。,,恵那市ごみ百科事典（令和7年4月1日現在）,https://www.city.ena.lg.jp/material/files/group/25/gomihyakka2025.pdf,29,https://www.city.ena.lg.jp/soshikiichiran/suidokankyobu/kankyoka/1/3/2/1741.html,2026-08-07,2025-04-01,2026-08-13,False
ena-140,ena,恵那市,換気扇,不燃ごみ,,,恵那市ごみ百科事典（令和7年4月1日現在）,https://www.city.ena.lg.jp/material/files/group/25/gomihyakka2025.pdf,29,https://www.city.ena.lg.jp/soshikiichiran/suidokankyobu/kankyoka/1/3/2/1741.html,2026-08-07,2025-04-01,2026-08-13,False
ena-141,ena,恵那市,缶切り,不燃ごみ,危険のないようにして出す。,,恵那市ごみ百科事典（令和7年4月1日現在）,https://www.city.ena.lg.jp/material/files/group/25/gomihyakka2025.pdf,29,https://www.city.ena.lg.jp/soshikiichiran/suidokankyobu/kankyoka/1/3/2/1741.html,2026-08-07,2025-04-01,2026-08-13,False
ena-142,ena,恵那市,乾燥機（衣類用）,家電リサイクル,詳細は11・12ページ参照。,,恵那市ごみ百科事典（令和7年4月1日現在）,https://www.city.ena.lg.jp/material/files/group/25/gomihyakka2025.pdf,29,https://www.city.ena.lg.jp/soshikiichiran/suidokankyobu/kankyoka/1/3/2/1741.html,2026-08-07,2025-04-01,2026-08-13,False
ena-143,ena,恵那市,乾燥剤（生石灰）,不燃ごみ,消石灰は可燃ごみ。,,恵那市ごみ百科事典（令和7年4月1日現在）,https://www.city.ena.lg.jp/material/files/group/25/gomihyakka2025.pdf,29,https://www.city.ena.lg.jp/soshikiichiran/suidokankyobu/kankyoka/1/3/2/1741.html,2026-08-07,2025-04-01,2026-08-13,False
ena-144,ena,恵那市,乾燥機（ふとん）,不燃ごみ,,,恵那市ごみ百科事典（令和7年4月1日現在）,https://www.city.ena.lg.jp/material/files/group/25/gomihyakka2025.pdf,29,https://www.city.ena.lg.jp/soshikiichiran/suidokankyobu/kankyoka/1/3/2/1741.html,2026-08-07,2025-04-01,2026-08-13,False
ena-145,ena,恵那市,乾電池･ボタン電池,処理困難ごみ,詳細は24ページ参照。,,恵那市ごみ百科事典（令和7年4月1日現在）,https://www.city.ena.lg.jp/material/files/group/25/gomihyakka2025.pdf,29,https://www.city.ena.lg.jp/soshikiichiran/suidokankyobu/kankyoka/1/3/2/1741.html,2026-08-07,2025-04-01,2026-08-13,False
ena-146,ena,恵那市,感熱紙,可燃ごみ,資源ごみには出さない。,,恵那市ごみ百科事典（令和7年4月1日現在）,https://www.city.ena.lg.jp/material/files/group/25/gomihyakka2025.pdf,29,https://www.city.ena.lg.jp/soshikiichiran/suidokankyobu/kankyoka/1/3/2/1741.html,2026-08-07,2025-04-01,2026-08-13,False
ena-147,ena,恵那市,キーホルダー,不燃ごみ,プラスチック製品は可燃ごみ。,,恵那市ごみ百科事典（令和7年4月1日現在）,https://www.city.ena.lg.jp/material/files/group/25/gomihyakka2025.pdf,29,https://www.city.ena.lg.jp/soshikiichiran/suidokankyobu/kankyoka/1/3/2/1741.html,2026-08-07,2025-04-01,2026-08-13,False
ena-148,ena,恵那市,キーボード(楽器),不燃ごみ,,,恵那市ごみ百科事典（令和7年4月1日現在）,https://www.city.ena.lg.jp/material/files/group/25/gomihyakka2025.pdf,29,https://www.city.ena.lg.jp/soshikiichiran/suidokankyobu/kankyoka/1/3/2/1741.html,2026-08-07,2025-04-01,2026-08-13,False
ena-149,ena,恵那市,キーボード(パソコン用),不燃ごみ,,,恵那市ごみ百科事典（令和7年4月1日現在）,https://www.city.ena.lg.jp/material/files/group/25/gomihyakka2025.pdf,29,https://www.city.ena.lg.jp/soshikiichiran/suidokankyobu/kankyoka/1/3/2/1741.html,2026-08-07,2025-04-01,2026-08-13,False
ena-150,ena,恵那市,ギター,不燃ごみ,,,恵那市ごみ百科事典（令和7年4月1日現在）,https://www.city.ena.lg.jp/material/files/group/25/gomihyakka2025.pdf,29,https://www.city.ena.lg.jp/soshikiichiran/suidokankyobu/kankyoka/1/3/2/1741.html,2026-08-07,2025-04-01,2026-08-13,False
ena-151,ena,恵那市,木づち,可燃ごみ,,,恵那市ごみ百科事典（令和7年4月1日現在）,https://www.city.ena.lg.jp/material/files/group/25/gomihyakka2025.pdf,29,https://www.city.ena.lg.jp/soshikiichiran/suidokankyobu/kankyoka/1/3/2/1741.html,2026-08-07,2025-04-01,2026-08-13,False
ena-152,ena,恵那市,キッチンワゴン,不燃ごみ,長さ1m以内にして出す。袋に入らない場合は指定袋（大） をつける。木製品は可燃ごみ。1ｍ以内にできない場合は 直接処理施設に持ち込む。,,恵那市ごみ百科事典（令和7年4月1日現在）,https://www.city.ena.lg.jp/material/files/group/25/gomihyakka2025.pdf,29,https://www.city.ena.lg.jp/soshikiichiran/suidokankyobu/kankyoka/1/3/2/1741.html,2026-08-07,2025-04-01,2026-08-13,False
ena-153,ena,恵那市,杵（きね）,粗大ごみ,可燃ごみに出す場合は直径10㎝以内、長さ80㎝以内にす る。小さくできない場合は直接処理施設に持ち込む。,,恵那市ごみ百科事典（令和7年4月1日現在）,https://www.city.ena.lg.jp/material/files/group/25/gomihyakka2025.pdf,29,https://www.city.ena.lg.jp/soshikiichiran/suidokankyobu/kankyoka/1/3/2/1741.html,2026-08-07,2025-04-01,2026-08-13,False
ena-154,ena,恵那市,ギプス,回収不可,医療機関へ問い合せる。,,恵那市ごみ百科事典（令和7年4月1日現在）,https://www.city.ena.lg.jp/material/files/group/25/gomihyakka2025.pdf,29,https://www.city.ena.lg.jp/soshikiichiran/suidokankyobu/kankyoka/1/3/2/1741.html,2026-08-07,2025-04-01,2026-08-13,False
ena-155,ena,恵那市,着物,資源ごみ,資源回収に出すか、処理施設へ直接搬入する（エコプラザ 回収可）。資源とならないものは可燃ごみ。,,恵那市ごみ百科事典（令和7年4月1日現在）,https://www.city.ena.lg.jp/material/files/group/25/gomihyakka2025.pdf,29,https://www.city.ena.lg.jp/soshikiichiran/suidokankyobu/kankyoka/1/3/2/1741.html,2026-08-07,2025-04-01,2026-08-13,True
ena-156,ena,恵那市,脚立,粗大ごみ,不燃ごみに出す場合は長さ1m以内にする。1m以内にでき ない場合は直接処理施設に持ち込む。,,恵那市ごみ百科事典（令和7年4月1日現在）,https://www.city.ena.lg.jp/material/files/group/25/gomihyakka2025.pdf,29,https://www.city.ena.lg.jp/soshikiichiran/suidokankyobu/kankyoka/1/3/2/1741.html,2026-08-07,2025-04-01,2026-08-13,False
ena-157,ena,恵那市,キャップ（ふた）,可燃ごみ,金属部分は不燃ごみ。,,恵那市ごみ百科事典（令和7年4月1日現在）,https://www.city.ena.lg.jp/material/files/group/25/gomihyakka2025.pdf,29,https://www.city.ena.lg.jp/soshikiichiran/suidokankyobu/kankyoka/1/3/2/1741.html,2026-08-07,2025-04-01,2026-08-13,False
ena-158,ena,恵那市,急須（陶磁器類),不燃ごみ,プラスチック製品は可燃ごみ。,,恵那市ごみ百科事典（令和7年4月1日現在）,https://www.city.ena.lg.jp/material/files/group/25/gomihyakka2025.pdf,29,https://www.city.ena.lg.jp/soshikiichiran/suidokankyobu/kankyoka/1/3/2/1741.html,2026-08-07,2025-04-01,2026-08-13,False
ena-159,ena,恵那市,牛乳びん,資源ごみ,中をよく洗って、できるだけ販売店に出す。,,恵那市ごみ百科事典（令和7年4月1日現在）,https://www.city.ena.lg.jp/material/files/group/25/gomihyakka2025.pdf,29,https://www.city.ena.lg.jp/soshikiichiran/suidokankyobu/kankyoka/1/3/2/1741.html,2026-08-07,2025-04-01,2026-08-13,False
ena-160,ena,恵那市,給油ポンプ（電動）,不燃ごみ,電池は処理困難ごみ。,,恵那市ごみ百科事典（令和7年4月1日現在）,https://www.city.ena.lg.jp/material/files/group/25/gomihyakka2025.pdf,29,https://www.city.ena.lg.jp/soshikiichiran/suidokankyobu/kankyoka/1/3/2/1741.html,2026-08-07,2025-04-01,2026-08-13,False
ena-161,ena,恵那市,給油ポンプ（手動ポンプ）,可燃ごみ,,,恵那市ごみ百科事典（令和7年4月1日現在）,https://www.city.ena.lg.jp/material/files/group/25/gomihyakka2025.pdf,29,https://www.city.ena.lg.jp/soshikiichiran/suidokankyobu/kankyoka/1/3/2/1741.html,2026-08-07,2025-04-01,2026-08-13,False
ena-162,ena,恵那市,鏡台,粗大ごみ,ステーションに出す場合は可燃と不燃に分け、可燃は50㎝ 以内・不燃は1ｍ以内にして出す。小さくできない場合は 直接処理施設に持ち込む。,,恵那市ごみ百科事典（令和7年4月1日現在）,https://www.city.ena.lg.jp/material/files/group/25/gomihyakka2025.pdf,29,https://www.city.ena.lg.jp/soshikiichiran/suidokankyobu/kankyoka/1/3/2/1741.html,2026-08-07,2025-04-01,2026-08-13,False
ena-163,ena,恵那市,金庫(耐火),回収不可,販売店へ問い合わせる。,,恵那市ごみ百科事典（令和7年4月1日現在）,https://www.city.ena.lg.jp/material/files/group/25/gomihyakka2025.pdf,29,https://www.city.ena.lg.jp/soshikiichiran/suidokankyobu/kankyoka/1/3/2/1741.html,2026-08-07,2025-04-01,2026-08-13,False
ena-164,ena,恵那市,金庫(手提げ）,不燃ごみ,,,恵那市ごみ百科事典（令和7年4月1日現在）,https://www.city.ena.lg.jp/material/files/group/25/gomihyakka2025.pdf,29,https://www.city.ena.lg.jp/soshikiichiran/suidokankyobu/kankyoka/1/3/2/1741.html,2026-08-07,2025-04-01,2026-08-13,False
ena-165,ena,恵那市,空気清浄機,不燃ごみ,,,恵那市ごみ百科事典（令和7年4月1日現在）,https://www.city.ena.lg.jp/material/files/group/25/gomihyakka2025.pdf,29,https://www.city.ena.lg.jp/soshikiichiran/suidokankyobu/kankyoka/1/3/2/1741.html,2026-08-07,2025-04-01,2026-08-13,False
ena-166,ena,恵那市,空気入れ,不燃ごみ,プラスチック製品は可燃ごみ。,,恵那市ごみ百科事典（令和7年4月1日現在）,https://www.city.ena.lg.jp/material/files/group/25/gomihyakka2025.pdf,29,https://www.city.ena.lg.jp/soshikiichiran/suidokankyobu/kankyoka/1/3/2/1741.html,2026-08-07,2025-04-01,2026-08-13,False
ena-167,ena,恵那市,クーラー（エアコン）,家電リサイクル,詳細は11・12ページ参照。,,恵那市ごみ百科事典（令和7年4月1日現在）,https://www.city.ena.lg.jp/material/files/group/25/gomihyakka2025.pdf,29,https://www.city.ena.lg.jp/soshikiichiran/suidokankyobu/kankyoka/1/3/2/1741.html,2026-08-07,2025-04-01,2026-08-13,False
ena-168,ena,恵那市,クーラーボックス,可燃ごみ,金属部分は不燃ごみ。,,恵那市ごみ百科事典（令和7年4月1日現在）,https://www.city.ena.lg.jp/material/files/group/25/gomihyakka2025.pdf,29,https://www.city.ena.lg.jp/soshikiichiran/suidokankyobu/kankyoka/1/3/2/1741.html,2026-08-07,2025-04-01,2026-08-13,False
ena-169,ena,恵那市,釘（くぎ）,不燃ごみ,プラスチック製の袋、容器、箱は可燃ごみ。,,恵那市ごみ百科事典（令和7年4月1日現在）,https://www.city.ena.lg.jp/material/files/group/25/gomihyakka2025.pdf,29,https://www.city.ena.lg.jp/soshikiichiran/suidokankyobu/kankyoka/1/3/2/1741.html,2026-08-07,2025-04-01,2026-08-13,False
ena-170,ena,恵那市,草刈機,不燃ごみ,刃をはずして、指定袋（大）をつけて出す。,,恵那市ごみ百科事典（令和7年4月1日現在）,https://www.city.ena.lg.jp/material/files/group/25/gomihyakka2025.pdf,29,https://www.city.ena.lg.jp/soshikiichiran/suidokankyobu/kankyoka/1/3/2/1741.html,2026-08-07,2025-04-01,2026-08-13,False
ena-171,ena,恵那市,草刈機の刃,不燃ごみ,刃をガムテープ等で覆い、危険のないように出す。,,恵那市ごみ百科事典（令和7年4月1日現在）,https://www.city.ena.lg.jp/material/files/group/25/gomihyakka2025.pdf,29,https://www.city.ena.lg.jp/soshikiichiran/suidokankyobu/kankyoka/1/3/2/1741.html,2026-08-07,2025-04-01,2026-08-13,False
ena-172,ena,恵那市,草花,可燃ごみ,乾燥させ、土などを取り除いたものを出す。,,恵那市ごみ百科事典（令和7年4月1日現在）,https://www.city.ena.lg.jp/material/files/group/25/gomihyakka2025.pdf,29,https://www.city.ena.lg.jp/soshikiichiran/suidokankyobu/kankyoka/1/3/2/1741.html,2026-08-07,2025-04-01,2026-08-13,False
ena-173,ena,恵那市,薬(医薬品の錠剤、カプセルなど),可燃ごみ,ＰＶＣ表記は不燃ごみ。,,恵那市ごみ百科事典（令和7年4月1日現在）,https://www.city.ena.lg.jp/material/files/group/25/gomihyakka2025.pdf,30,https://www.city.ena.lg.jp/soshikiichiran/suidokankyobu/kankyoka/1/3/2/1741.html,2026-08-07,2025-04-01,2026-08-13,False
ena-174,ena,恵那市,薬(錠剤、カプセルなど)の包装シート,可燃ごみ,ＰＶＣ表記は不燃ごみ。,,恵那市ごみ百科事典（令和7年4月1日現在）,https://www.city.ena.lg.jp/material/files/group/25/gomihyakka2025.pdf,30,https://www.city.ena.lg.jp/soshikiichiran/suidokankyobu/kankyoka/1/3/2/1741.html,2026-08-07,2025-04-01,2026-08-13,False
ena-175,ena,恵那市,薬のびん(飲み薬),資源ごみ,中を空にして出す。,,恵那市ごみ百科事典（令和7年4月1日現在）,https://www.city.ena.lg.jp/material/files/group/25/gomihyakka2025.pdf,30,https://www.city.ena.lg.jp/soshikiichiran/suidokankyobu/kankyoka/1/3/2/1741.html,2026-08-07,2025-04-01,2026-08-13,False
ena-176,ena,恵那市,靴,不燃ごみ,,,恵那市ごみ百科事典（令和7年4月1日現在）,https://www.city.ena.lg.jp/material/files/group/25/gomihyakka2025.pdf,30,https://www.city.ena.lg.jp/soshikiichiran/suidokankyobu/kankyoka/1/3/2/1741.html,2026-08-07,2025-04-01,2026-08-13,False
ena-177,ena,恵那市,靴下,可燃ごみ,,,恵那市ごみ百科事典（令和7年4月1日現在）,https://www.city.ena.lg.jp/material/files/group/25/gomihyakka2025.pdf,30,https://www.city.ena.lg.jp/soshikiichiran/suidokankyobu/kankyoka/1/3/2/1741.html,2026-08-07,2025-04-01,2026-08-13,False
ena-178,ena,恵那市,クッション,可燃ごみ,金属部分は不燃ごみ。,,恵那市ごみ百科事典（令和7年4月1日現在）,https://www.city.ena.lg.jp/material/files/group/25/gomihyakka2025.pdf,30,https://www.city.ena.lg.jp/soshikiichiran/suidokankyobu/kankyoka/1/3/2/1741.html,2026-08-07,2025-04-01,2026-08-13,False
ena-179,ena,恵那市,靴ブラシ,可燃ごみ,金属部分は不燃ごみ。,,恵那市ごみ百科事典（令和7年4月1日現在）,https://www.city.ena.lg.jp/material/files/group/25/gomihyakka2025.pdf,30,https://www.city.ena.lg.jp/soshikiichiran/suidokankyobu/kankyoka/1/3/2/1741.html,2026-08-07,2025-04-01,2026-08-13,False
ena-180,ena,恵那市,熊手,不燃ごみ,1ｍ以内にして出す。竹製のものは50㎝以内にして可燃ご み。袋に入らない場合は指定袋（大）をつける。小さくで きない場合は直接処理施設に持ち込む。,,恵那市ごみ百科事典（令和7年4月1日現在）,https://www.city.ena.lg.jp/material/files/group/25/gomihyakka2025.pdf,30,https://www.city.ena.lg.jp/soshikiichiran/suidokankyobu/kankyoka/1/3/2/1741.html,2026-08-07,2025-04-01,2026-08-13,False
ena-181,ena,恵那市,グラスウール,不燃ごみ,,,恵那市ごみ百科事典（令和7年4月1日現在）,https://www.city.ena.lg.jp/material/files/group/25/gomihyakka2025.pdf,30,https://www.city.ena.lg.jp/soshikiichiran/suidokankyobu/kankyoka/1/3/2/1741.html,2026-08-07,2025-04-01,2026-08-13,False
ena-182,ena,恵那市,クリアファイル,可燃ごみ,金属部分は不燃ごみ。,,恵那市ごみ百科事典（令和7年4月1日現在）,https://www.city.ena.lg.jp/material/files/group/25/gomihyakka2025.pdf,30,https://www.city.ena.lg.jp/soshikiichiran/suidokankyobu/kankyoka/1/3/2/1741.html,2026-08-07,2025-04-01,2026-08-13,False
ena-183,ena,恵那市,クリスタルガラス,不燃ごみ,危険な部分はガムテープ等で覆う。,,恵那市ごみ百科事典（令和7年4月1日現在）,https://www.city.ena.lg.jp/material/files/group/25/gomihyakka2025.pdf,30,https://www.city.ena.lg.jp/soshikiichiran/suidokankyobu/kankyoka/1/3/2/1741.html,2026-08-07,2025-04-01,2026-08-13,False
ena-184,ena,恵那市,クリスマスツリー,不燃ごみ,,,恵那市ごみ百科事典（令和7年4月1日現在）,https://www.city.ena.lg.jp/material/files/group/25/gomihyakka2025.pdf,30,https://www.city.ena.lg.jp/soshikiichiran/suidokankyobu/kankyoka/1/3/2/1741.html,2026-08-07,2025-04-01,2026-08-13,False
ena-185,ena,恵那市,クリップ,不燃ごみ,,,恵那市ごみ百科事典（令和7年4月1日現在）,https://www.city.ena.lg.jp/material/files/group/25/gomihyakka2025.pdf,30,https://www.city.ena.lg.jp/soshikiichiran/suidokankyobu/kankyoka/1/3/2/1741.html,2026-08-07,2025-04-01,2026-08-13,False
ena-186,ena,恵那市,車椅子,不燃ごみ,指定袋（大）をつけて出す。,,恵那市ごみ百科事典（令和7年4月1日現在）,https://www.city.ena.lg.jp/material/files/group/25/gomihyakka2025.pdf,30,https://www.city.ena.lg.jp/soshikiichiran/suidokankyobu/kankyoka/1/3/2/1741.html,2026-08-07,2025-04-01,2026-08-13,False
ena-187,ena,恵那市,クレヨン,可燃ごみ,金属部分は不燃ごみ。,,恵那市ごみ百科事典（令和7年4月1日現在）,https://www.city.ena.lg.jp/material/files/group/25/gomihyakka2025.pdf,30,https://www.city.ena.lg.jp/soshikiichiran/suidokankyobu/kankyoka/1/3/2/1741.html,2026-08-07,2025-04-01,2026-08-13,False
ena-188,ena,恵那市,グローブ(野球用）,可燃ごみ,金属部分は不燃ごみ。,,恵那市ごみ百科事典（令和7年4月1日現在）,https://www.city.ena.lg.jp/material/files/group/25/gomihyakka2025.pdf,30,https://www.city.ena.lg.jp/soshikiichiran/suidokankyobu/kankyoka/1/3/2/1741.html,2026-08-07,2025-04-01,2026-08-13,False
ena-189,ena,恵那市,グローランプ,不燃ごみ,,,恵那市ごみ百科事典（令和7年4月1日現在）,https://www.city.ena.lg.jp/material/files/group/25/gomihyakka2025.pdf,30,https://www.city.ena.lg.jp/soshikiichiran/suidokankyobu/kankyoka/1/3/2/1741.html,2026-08-07,2025-04-01,2026-08-13,False
ena-190,ena,恵那市,鍬（くわ）,不燃ごみ,木製の柄は可燃ごみ。,,恵那市ごみ百科事典（令和7年4月1日現在）,https://www.city.ena.lg.jp/material/files/group/25/gomihyakka2025.pdf,30,https://www.city.ena.lg.jp/soshikiichiran/suidokankyobu/kankyoka/1/3/2/1741.html,2026-08-07,2025-04-01,2026-08-13,False
ena-191,ena,恵那市,くん煙式殺虫剤,不燃ごみ,未使用の場合は使い切ってから出す。そと部分がプラスチッ クでも中に金属があるため不燃物。,,恵那市ごみ百科事典（令和7年4月1日現在）,https://www.city.ena.lg.jp/material/files/group/25/gomihyakka2025.pdf,30,https://www.city.ena.lg.jp/soshikiichiran/suidokankyobu/kankyoka/1/3/2/1741.html,2026-08-07,2025-04-01,2026-08-13,False
ena-192,ena,恵那市,軍手,可燃ごみ,,,恵那市ごみ百科事典（令和7年4月1日現在）,https://www.city.ena.lg.jp/material/files/group/25/gomihyakka2025.pdf,30,https://www.city.ena.lg.jp/soshikiichiran/suidokankyobu/kankyoka/1/3/2/1741.html,2026-08-07,2025-04-01,2026-08-13,False
ena-193,ena,恵那市,蛍光管･蛍光球,処理困難ごみ,詳細は24ページ参照。,,恵那市ごみ百科事典（令和7年4月1日現在）,https://www.city.ena.lg.jp/material/files/group/25/gomihyakka2025.pdf,30,https://www.city.ena.lg.jp/soshikiichiran/suidokankyobu/kankyoka/1/3/2/1741.html,2026-08-07,2025-04-01,2026-08-13,False
ena-194,ena,恵那市,蛍光灯機械部分,不燃ごみ,1ｍ以内にして出す（袋に入らない場合は１台につき１枚 袋をつける）。1ｍ以内にできない場合は直接処理施設に持 ち込む。,,恵那市ごみ百科事典（令和7年4月1日現在）,https://www.city.ena.lg.jp/material/files/group/25/gomihyakka2025.pdf,30,https://www.city.ena.lg.jp/soshikiichiran/suidokankyobu/kankyoka/1/3/2/1741.html,2026-08-07,2025-04-01,2026-08-13,False
ena-195,ena,恵那市,計算機,不燃ごみ,,,恵那市ごみ百科事典（令和7年4月1日現在）,https://www.city.ena.lg.jp/material/files/group/25/gomihyakka2025.pdf,30,https://www.city.ena.lg.jp/soshikiichiran/suidokankyobu/kankyoka/1/3/2/1741.html,2026-08-07,2025-04-01,2026-08-13,False
ena-196,ena,恵那市,珪藻土マット,不燃ごみ,袋に入れてステーションに出す。,,恵那市ごみ百科事典（令和7年4月1日現在）,https://www.city.ena.lg.jp/material/files/group/25/gomihyakka2025.pdf,30,https://www.city.ena.lg.jp/soshikiichiran/suidokankyobu/kankyoka/1/3/2/1741.html,2026-08-07,2025-04-01,2026-08-13,False
ena-197,ena,恵那市,携帯音楽プレイヤー,不燃ごみ,バッテリー内蔵のものは処理困難ごみ。,,恵那市ごみ百科事典（令和7年4月1日現在）,https://www.city.ena.lg.jp/material/files/group/25/gomihyakka2025.pdf,30,https://www.city.ena.lg.jp/soshikiichiran/suidokankyobu/kankyoka/1/3/2/1741.html,2026-08-07,2025-04-01,2026-08-13,False
ena-198,ena,恵那市,携帯電話（フィーチャーフォン・ガラケー）,不燃ごみ,できるだけ販売店に出す。エコプラザでも回収可能。,,恵那市ごみ百科事典（令和7年4月1日現在）,https://www.city.ena.lg.jp/material/files/group/25/gomihyakka2025.pdf,30,https://www.city.ena.lg.jp/soshikiichiran/suidokankyobu/kankyoka/1/3/2/1741.html,2026-08-07,2025-04-01,2026-08-13,True
ena-199,ena,恵那市,毛糸,可燃ごみ,50㎝以内に切って出す。,,恵那市ごみ百科事典（令和7年4月1日現在）,https://www.city.ena.lg.jp/material/files/group/25/gomihyakka2025.pdf,30,https://www.city.ena.lg.jp/soshikiichiran/suidokankyobu/kankyoka/1/3/2/1741.html,2026-08-07,2025-04-01,2026-08-13,False
ena-200,ena,恵那市,ケーブル,不燃ごみ,,,恵那市ごみ百科事典（令和7年4月1日現在）,https://www.city.ena.lg.jp/material/files/group/25/gomihyakka2025.pdf,30,https://www.city.ena.lg.jp/soshikiichiran/suidokankyobu/kankyoka/1/3/2/1741.html,2026-08-07,2025-04-01,2026-08-13,False
ena-201,ena,恵那市,ゲーム機,不燃ごみ,電池は処理困難ごみ。,,恵那市ごみ百科事典（令和7年4月1日現在）,https://www.city.ena.lg.jp/material/files/group/25/gomihyakka2025.pdf,30,https://www.city.ena.lg.jp/soshikiichiran/suidokankyobu/kankyoka/1/3/2/1741.html,2026-08-07,2025-04-01,2026-08-13,False
ena-202,ena,恵那市,ゲームソフト類,不燃ごみ,外装（箱）は可燃ごみ。,,恵那市ごみ百科事典（令和7年4月1日現在）,https://www.city.ena.lg.jp/material/files/group/25/gomihyakka2025.pdf,30,https://www.city.ena.lg.jp/soshikiichiran/suidokankyobu/kankyoka/1/3/2/1741.html,2026-08-07,2025-04-01,2026-08-13,False
ena-203,ena,恵那市,消しゴム,不燃ごみ,,,恵那市ごみ百科事典（令和7年4月1日現在）,https://www.city.ena.lg.jp/material/files/group/25/gomihyakka2025.pdf,30,https://www.city.ena.lg.jp/soshikiichiran/suidokankyobu/kankyoka/1/3/2/1741.html,2026-08-07,2025-04-01,2026-08-13,False
ena-204,ena,恵那市,化粧品のびん,資源ごみ,中を空にして洗って出す。陶器製の化粧びんは不燃ごみ。 ポンプ部分は不燃ごみ。,,恵那市ごみ百科事典（令和7年4月1日現在）,https://www.city.ena.lg.jp/material/files/group/25/gomihyakka2025.pdf,30,https://www.city.ena.lg.jp/soshikiichiran/suidokankyobu/kankyoka/1/3/2/1741.html,2026-08-07,2025-04-01,2026-08-13,False
ena-205,ena,恵那市,げた,可燃ごみ,,,恵那市ごみ百科事典（令和7年4月1日現在）,https://www.city.ena.lg.jp/material/files/group/25/gomihyakka2025.pdf,30,https://www.city.ena.lg.jp/soshikiichiran/suidokankyobu/kankyoka/1/3/2/1741.html,2026-08-07,2025-04-01,2026-08-13,False
ena-206,ena,恵那市,げた箱(木製),粗大ごみ,ステーションに出す場合は可燃と不燃に分け、可燃は50㎝ 以内・不燃は1ｍ以内にして出す。小さくできない場合は 直接処理施設に持ち込む。,,恵那市ごみ百科事典（令和7年4月1日現在）,https://www.city.ena.lg.jp/material/files/group/25/gomihyakka2025.pdf,30,https://www.city.ena.lg.jp/soshikiichiran/suidokankyobu/kankyoka/1/3/2/1741.html,2026-08-07,2025-04-01,2026-08-13,False
ena-207,ena,恵那市,血圧計,不燃ごみ,電池は処理困難ごみ。水銀使用の場合は処理困難ごみ。,,恵那市ごみ百科事典（令和7年4月1日現在）,https://www.city.ena.lg.jp/material/files/group/25/gomihyakka2025.pdf,30,https://www.city.ena.lg.jp/soshikiichiran/suidokankyobu/kankyoka/1/3/2/1741.html,2026-08-07,2025-04-01,2026-08-13,False
ena-208,ena,恵那市,玄関マット(布･ナイロン製),可燃ごみ,50㎝以内に切って出す。50㎝以内にできない場合は直接 処理施設に持ち込む。金属製品は不燃ごみ。,,恵那市ごみ百科事典（令和7年4月1日現在）,https://www.city.ena.lg.jp/material/files/group/25/gomihyakka2025.pdf,30,https://www.city.ena.lg.jp/soshikiichiran/suidokankyobu/kankyoka/1/3/2/1741.html,2026-08-07,2025-04-01,2026-08-13,False
ena-209,ena,恵那市,剣山,不燃ごみ,危険のないようにガムテープ等で覆って出す。,,恵那市ごみ百科事典（令和7年4月1日現在）,https://www.city.ena.lg.jp/material/files/group/25/gomihyakka2025.pdf,30,https://www.city.ena.lg.jp/soshikiichiran/suidokankyobu/kankyoka/1/3/2/1741.html,2026-08-07,2025-04-01,2026-08-13,False
ena-210,ena,恵那市,剣道の道具,可燃ごみ,50㎝を超える場合は粗大ごみ。面は不燃ごみ。,,恵那市ごみ百科事典（令和7年4月1日現在）,https://www.city.ena.lg.jp/material/files/group/25/gomihyakka2025.pdf,30,https://www.city.ena.lg.jp/soshikiichiran/suidokankyobu/kankyoka/1/3/2/1741.html,2026-08-07,2025-04-01,2026-08-13,False
ena-211,ena,恵那市,原動機付自転車（原付バイク）,回収不可,販売店へ問い合わせる。,,恵那市ごみ百科事典（令和7年4月1日現在）,https://www.city.ena.lg.jp/material/files/group/25/gomihyakka2025.pdf,30,https://www.city.ena.lg.jp/soshikiichiran/suidokankyobu/kankyoka/1/3/2/1741.html,2026-08-07,2025-04-01,2026-08-13,False
ena-212,ena,恵那市,碁石,不燃ごみ,木、プラスチック製、容器は可燃ごみ。,,恵那市ごみ百科事典（令和7年4月1日現在）,https://www.city.ena.lg.jp/material/files/group/25/gomihyakka2025.pdf,30,https://www.city.ena.lg.jp/soshikiichiran/suidokankyobu/kankyoka/1/3/2/1741.html,2026-08-07,2025-04-01,2026-08-13,False
ena-213,ena,恵那市,こいのぼり,可燃ごみ,50㎝以内に切って出す。,,恵那市ごみ百科事典（令和7年4月1日現在）,https://www.city.ena.lg.jp/material/files/group/25/gomihyakka2025.pdf,30,https://www.city.ena.lg.jp/soshikiichiran/suidokankyobu/kankyoka/1/3/2/1741.html,2026-08-07,2025-04-01,2026-08-13,False
ena-214,ena,恵那市,こいのぼりポール,粗大ごみ,不燃ごみに出す場合は長さ1m以内にする。竹製品は80㎝ 以内に切り、可燃ごみ。小さくできない場合は直接処理施 設に持ち込む。,,恵那市ごみ百科事典（令和7年4月1日現在）,https://www.city.ena.lg.jp/material/files/group/25/gomihyakka2025.pdf,30,https://www.city.ena.lg.jp/soshikiichiran/suidokankyobu/kankyoka/1/3/2/1741.html,2026-08-07,2025-04-01,2026-08-13,False
ena-215,ena,恵那市,高圧洗浄機（家庭用）,不燃ごみ,,,恵那市ごみ百科事典（令和7年4月1日現在）,https://www.city.ena.lg.jp/material/files/group/25/gomihyakka2025.pdf,30,https://www.city.ena.lg.jp/soshikiichiran/suidokankyobu/kankyoka/1/3/2/1741.html,2026-08-07,2025-04-01,2026-08-13,False
ena-216,ena,恵那市,工具箱,可燃ごみ,プラスチック製のものは金属類をはずして出す。金属製は 不燃ごみ。中に他のごみを入れない。分別して出す。,,恵那市ごみ百科事典（令和7年4月1日現在）,https://www.city.ena.lg.jp/material/files/group/25/gomihyakka2025.pdf,30,https://www.city.ena.lg.jp/soshikiichiran/suidokankyobu/kankyoka/1/3/2/1741.html,2026-08-07,2025-04-01,2026-08-13,False
ena-217,ena,恵那市,紅茶のティーバッグ,可燃ごみ,水分をよく切ってから出す。,,恵那市ごみ百科事典（令和7年4月1日現在）,https://www.city.ena.lg.jp/material/files/group/25/gomihyakka2025.pdf,30,https://www.city.ena.lg.jp/soshikiichiran/suidokankyobu/kankyoka/1/3/2/1741.html,2026-08-07,2025-04-01,2026-08-13,False
ena-218,ena,恵那市,ゴーグル,可燃ごみ,金属部分やガラス部分は不燃ごみ。,,恵那市ごみ百科事典（令和7年4月1日現在）,https://www.city.ena.lg.jp/material/files/group/25/gomihyakka2025.pdf,31,https://www.city.ena.lg.jp/soshikiichiran/suidokankyobu/kankyoka/1/3/2/1741.html,2026-08-07,2025-04-01,2026-08-13,False
ena-219,ena,恵那市,コード(電気),不燃ごみ,エコプラザ回収可。,,恵那市ごみ百科事典（令和7年4月1日現在）,https://www.city.ena.lg.jp/material/files/group/25/gomihyakka2025.pdf,31,https://www.city.ena.lg.jp/soshikiichiran/suidokankyobu/kankyoka/1/3/2/1741.html,2026-08-07,2025-04-01,2026-08-13,True
ena-220,ena,恵那市,コードリール,不燃ごみ,エコプラザ回収可。,,恵那市ごみ百科事典（令和7年4月1日現在）,https://www.city.ena.lg.jp/material/files/group/25/gomihyakka2025.pdf,31,https://www.city.ena.lg.jp/soshikiichiran/suidokankyobu/kankyoka/1/3/2/1741.html,2026-08-07,2025-04-01,2026-08-13,True
ena-221,ena,恵那市,コーヒーメーカー,不燃ごみ,,,恵那市ごみ百科事典（令和7年4月1日現在）,https://www.city.ena.lg.jp/material/files/group/25/gomihyakka2025.pdf,31,https://www.city.ena.lg.jp/soshikiichiran/suidokankyobu/kankyoka/1/3/2/1741.html,2026-08-07,2025-04-01,2026-08-13,False
ena-222,ena,恵那市,小型電気製品,不燃ごみ,エコプラザ回収可。,,恵那市ごみ百科事典（令和7年4月1日現在）,https://www.city.ena.lg.jp/material/files/group/25/gomihyakka2025.pdf,31,https://www.city.ena.lg.jp/soshikiichiran/suidokankyobu/kankyoka/1/3/2/1741.html,2026-08-07,2025-04-01,2026-08-13,True
ena-223,ena,恵那市,ござ,可燃ごみ,指定袋（大）に入れる。入らない場合は1枚指定袋（大）を 付けて出す。,,恵那市ごみ百科事典（令和7年4月1日現在）,https://www.city.ena.lg.jp/material/files/group/25/gomihyakka2025.pdf,31,https://www.city.ena.lg.jp/soshikiichiran/suidokankyobu/kankyoka/1/3/2/1741.html,2026-08-07,2025-04-01,2026-08-13,False
ena-224,ena,恵那市,こたつ,粗大ごみ,ステーションに出す場合は可燃と不燃に分け、可燃は50㎝ 以内・不燃は1ｍ以内にして出す。小さくできない場合は 直接処理施設に持ち込む。,,恵那市ごみ百科事典（令和7年4月1日現在）,https://www.city.ena.lg.jp/material/files/group/25/gomihyakka2025.pdf,31,https://www.city.ena.lg.jp/soshikiichiran/suidokankyobu/kankyoka/1/3/2/1741.html,2026-08-07,2025-04-01,2026-08-13,False
ena-225,ena,恵那市,こたつ板,粗大ごみ,可燃ごみに出す場合は50㎝以内にする。金属部分は不燃ご み。50㎝以内にできない場合は直接処理施設に持ち込む。,,恵那市ごみ百科事典（令和7年4月1日現在）,https://www.city.ena.lg.jp/material/files/group/25/gomihyakka2025.pdf,31,https://www.city.ena.lg.jp/soshikiichiran/suidokankyobu/kankyoka/1/3/2/1741.html,2026-08-07,2025-04-01,2026-08-13,False
ena-226,ena,恵那市,コップ(ガラス製),不燃ごみ,資源（びん）に出さない。紙・プラスチック製品は可燃ごみ。,,恵那市ごみ百科事典（令和7年4月1日現在）,https://www.city.ena.lg.jp/material/files/group/25/gomihyakka2025.pdf,31,https://www.city.ena.lg.jp/soshikiichiran/suidokankyobu/kankyoka/1/3/2/1741.html,2026-08-07,2025-04-01,2026-08-13,False
ena-227,ena,恵那市,コピー機,不燃ごみ,トナー、インクカートリッジは、販売店のリサイクルボッ クスへ。紙は取り除いて出す。,,恵那市ごみ百科事典（令和7年4月1日現在）,https://www.city.ena.lg.jp/material/files/group/25/gomihyakka2025.pdf,31,https://www.city.ena.lg.jp/soshikiichiran/suidokankyobu/kankyoka/1/3/2/1741.html,2026-08-07,2025-04-01,2026-08-13,False
ena-228,ena,恵那市,ゴム手袋,可燃ごみ,,,恵那市ごみ百科事典（令和7年4月1日現在）,https://www.city.ena.lg.jp/material/files/group/25/gomihyakka2025.pdf,31,https://www.city.ena.lg.jp/soshikiichiran/suidokankyobu/kankyoka/1/3/2/1741.html,2026-08-07,2025-04-01,2026-08-13,False
ena-229,ena,恵那市,ゴム長靴,不燃ごみ,,,恵那市ごみ百科事典（令和7年4月1日現在）,https://www.city.ena.lg.jp/material/files/group/25/gomihyakka2025.pdf,31,https://www.city.ena.lg.jp/soshikiichiran/suidokankyobu/kankyoka/1/3/2/1741.html,2026-08-07,2025-04-01,2026-08-13,False
ena-230,ena,恵那市,ゴムホース,可燃ごみ,50㎝以内に切って出す。,,恵那市ごみ百科事典（令和7年4月1日現在）,https://www.city.ena.lg.jp/material/files/group/25/gomihyakka2025.pdf,31,https://www.city.ena.lg.jp/soshikiichiran/suidokankyobu/kankyoka/1/3/2/1741.html,2026-08-07,2025-04-01,2026-08-13,False
ena-231,ena,恵那市,ゴムマット,可燃ごみ,50㎝以内に切って出す。,,恵那市ごみ百科事典（令和7年4月1日現在）,https://www.city.ena.lg.jp/material/files/group/25/gomihyakka2025.pdf,31,https://www.city.ena.lg.jp/soshikiichiran/suidokankyobu/kankyoka/1/3/2/1741.html,2026-08-07,2025-04-01,2026-08-13,False
ena-232,ena,恵那市,米びつ(プラスチック製),可燃ごみ,金属部分は不燃ごみ。,,恵那市ごみ百科事典（令和7年4月1日現在）,https://www.city.ena.lg.jp/material/files/group/25/gomihyakka2025.pdf,31,https://www.city.ena.lg.jp/soshikiichiran/suidokankyobu/kankyoka/1/3/2/1741.html,2026-08-07,2025-04-01,2026-08-13,False
ena-233,ena,恵那市,米袋,可燃ごみ,エコプラザ回収可,,恵那市ごみ百科事典（令和7年4月1日現在）,https://www.city.ena.lg.jp/material/files/group/25/gomihyakka2025.pdf,31,https://www.city.ena.lg.jp/soshikiichiran/suidokankyobu/kankyoka/1/3/2/1741.html,2026-08-07,2025-04-01,2026-08-13,True
ena-234,ena,恵那市,コルク栓,可燃ごみ,,,恵那市ごみ百科事典（令和7年4月1日現在）,https://www.city.ena.lg.jp/material/files/group/25/gomihyakka2025.pdf,31,https://www.city.ena.lg.jp/soshikiichiran/suidokankyobu/kankyoka/1/3/2/1741.html,2026-08-07,2025-04-01,2026-08-13,False
ena-235,ena,恵那市,コルセット,不燃ごみ,,,恵那市ごみ百科事典（令和7年4月1日現在）,https://www.city.ena.lg.jp/material/files/group/25/gomihyakka2025.pdf,31,https://www.city.ena.lg.jp/soshikiichiran/suidokankyobu/kankyoka/1/3/2/1741.html,2026-08-07,2025-04-01,2026-08-13,False
ena-236,ena,恵那市,ゴルフクラブ,不燃ごみ,,,恵那市ごみ百科事典（令和7年4月1日現在）,https://www.city.ena.lg.jp/material/files/group/25/gomihyakka2025.pdf,31,https://www.city.ena.lg.jp/soshikiichiran/suidokankyobu/kankyoka/1/3/2/1741.html,2026-08-07,2025-04-01,2026-08-13,False
ena-237,ena,恵那市,ゴルフセット,不燃ごみ,クラブは入っていてもよい。不燃ごみ大の袋を付けて出す。,,恵那市ごみ百科事典（令和7年4月1日現在）,https://www.city.ena.lg.jp/material/files/group/25/gomihyakka2025.pdf,31,https://www.city.ena.lg.jp/soshikiichiran/suidokankyobu/kankyoka/1/3/2/1741.html,2026-08-07,2025-04-01,2026-08-13,False
ena-238,ena,恵那市,ゴルフバッグ,不燃ごみ,,,恵那市ごみ百科事典（令和7年4月1日現在）,https://www.city.ena.lg.jp/material/files/group/25/gomihyakka2025.pdf,31,https://www.city.ena.lg.jp/soshikiichiran/suidokankyobu/kankyoka/1/3/2/1741.html,2026-08-07,2025-04-01,2026-08-13,False
ena-239,ena,恵那市,ゴルフボール,可燃ごみ,,,恵那市ごみ百科事典（令和7年4月1日現在）,https://www.city.ena.lg.jp/material/files/group/25/gomihyakka2025.pdf,31,https://www.city.ena.lg.jp/soshikiichiran/suidokankyobu/kankyoka/1/3/2/1741.html,2026-08-07,2025-04-01,2026-08-13,False
ena-240,ena,恵那市,ゴルフマット,可燃ごみ,50㎝以内に切って出す。,,恵那市ごみ百科事典（令和7年4月1日現在）,https://www.city.ena.lg.jp/material/files/group/25/gomihyakka2025.pdf,31,https://www.city.ena.lg.jp/soshikiichiran/suidokankyobu/kankyoka/1/3/2/1741.html,2026-08-07,2025-04-01,2026-08-13,False
ena-241,ena,恵那市,コンクリート(ブロックも含む),粗大ごみ,1回の持込は軽トラック1台分まで。個人作業で出たものに 限る。,,恵那市ごみ百科事典（令和7年4月1日現在）,https://www.city.ena.lg.jp/material/files/group/25/gomihyakka2025.pdf,31,https://www.city.ena.lg.jp/soshikiichiran/suidokankyobu/kankyoka/1/3/2/1741.html,2026-08-07,2025-04-01,2026-08-13,False
ena-242,ena,恵那市,コンタクトレンズ,可燃ごみ,使い捨てのプラスチックケースはエコプラザ回収可。,,恵那市ごみ百科事典（令和7年4月1日現在）,https://www.city.ena.lg.jp/material/files/group/25/gomihyakka2025.pdf,31,https://www.city.ena.lg.jp/soshikiichiran/suidokankyobu/kankyoka/1/3/2/1741.html,2026-08-07,2025-04-01,2026-08-13,True
ena-243,ena,恵那市,コンパネ,可燃ごみ,50㎝角以内に切って出す。,,恵那市ごみ百科事典（令和7年4月1日現在）,https://www.city.ena.lg.jp/material/files/group/25/gomihyakka2025.pdf,31,https://www.city.ena.lg.jp/soshikiichiran/suidokankyobu/kankyoka/1/3/2/1741.html,2026-08-07,2025-04-01,2026-08-13,False
ena-244,ena,恵那市,コンプレッサー,不燃ごみ,,,恵那市ごみ百科事典（令和7年4月1日現在）,https://www.city.ena.lg.jp/material/files/group/25/gomihyakka2025.pdf,31,https://www.city.ena.lg.jp/soshikiichiran/suidokankyobu/kankyoka/1/3/2/1741.html,2026-08-07,2025-04-01,2026-08-13,False
ena-245,ena,恵那市,コンベックス（メジャー）,不燃ごみ,,,恵那市ごみ百科事典（令和7年4月1日現在）,https://www.city.ena.lg.jp/material/files/group/25/gomihyakka2025.pdf,31,https://www.city.ena.lg.jp/soshikiichiran/suidokankyobu/kankyoka/1/3/2/1741.html,2026-08-07,2025-04-01,2026-08-13,False
ena-246,ena,恵那市,コンポスト,粗大ごみ,可燃ごみに出す場合は50㎝以内に切る。50㎝以内にでき ない場合は直接処理施設に持ち込む。,,恵那市ごみ百科事典（令和7年4月1日現在）,https://www.city.ena.lg.jp/material/files/group/25/gomihyakka2025.pdf,31,https://www.city.ena.lg.jp/soshikiichiran/suidokankyobu/kankyoka/1/3/2/1741.html,2026-08-07,2025-04-01,2026-08-13,False
ena-247,ena,恵那市,コンロ,不燃ごみ,,,恵那市ごみ百科事典（令和7年4月1日現在）,https://www.city.ena.lg.jp/material/files/group/25/gomihyakka2025.pdf,31,https://www.city.ena.lg.jp/soshikiichiran/suidokankyobu/kankyoka/1/3/2/1741.html,2026-08-07,2025-04-01,2026-08-13,False
ena-248,ena,恵那市,サーフボード,粗大ごみ,不燃ごみに出す場合は1m以内にする。1m以内にできない 場合直接処理施設に持ち込む。,,恵那市ごみ百科事典（令和7年4月1日現在）,https://www.city.ena.lg.jp/material/files/group/25/gomihyakka2025.pdf,31,https://www.city.ena.lg.jp/soshikiichiran/suidokankyobu/kankyoka/1/3/2/1741.html,2026-08-07,2025-04-01,2026-08-13,False
ena-249,ena,恵那市,座いす(木製),可燃ごみ,金属部分は不燃ごみ。,,恵那市ごみ百科事典（令和7年4月1日現在）,https://www.city.ena.lg.jp/material/files/group/25/gomihyakka2025.pdf,31,https://www.city.ena.lg.jp/soshikiichiran/suidokankyobu/kankyoka/1/3/2/1741.html,2026-08-07,2025-04-01,2026-08-13,False
ena-250,ena,恵那市,財布,不燃ごみ,布製品は金属部分を取り可燃ごみ。,,恵那市ごみ百科事典（令和7年4月1日現在）,https://www.city.ena.lg.jp/material/files/group/25/gomihyakka2025.pdf,31,https://www.city.ena.lg.jp/soshikiichiran/suidokankyobu/kankyoka/1/3/2/1741.html,2026-08-07,2025-04-01,2026-08-13,False
ena-251,ena,恵那市,裁縫セット,可燃ごみ,金属部分は不燃ごみ。,,恵那市ごみ百科事典（令和7年4月1日現在）,https://www.city.ena.lg.jp/material/files/group/25/gomihyakka2025.pdf,31,https://www.city.ena.lg.jp/soshikiichiran/suidokankyobu/kankyoka/1/3/2/1741.html,2026-08-07,2025-04-01,2026-08-13,False
ena-252,ena,恵那市,さお(物干し用・金属製),粗大ごみ,不燃ごみに出す場合は長さ1m以内にする。1m以内にでき ない場合は直接処理施設に持ち込む。,,恵那市ごみ百科事典（令和7年4月1日現在）,https://www.city.ena.lg.jp/material/files/group/25/gomihyakka2025.pdf,31,https://www.city.ena.lg.jp/soshikiichiran/suidokankyobu/kankyoka/1/3/2/1741.html,2026-08-07,2025-04-01,2026-08-13,False
ena-253,ena,恵那市,座布団,可燃ごみ,,,恵那市ごみ百科事典（令和7年4月1日現在）,https://www.city.ena.lg.jp/material/files/group/25/gomihyakka2025.pdf,31,https://www.city.ena.lg.jp/soshikiichiran/suidokankyobu/kankyoka/1/3/2/1741.html,2026-08-07,2025-04-01,2026-08-13,False
ena-254,ena,恵那市,皿(ガラス・陶磁器製),不燃ごみ,木・プラスチック製品は可燃ごみ。紙・新聞紙で包まない。,,恵那市ごみ百科事典（令和7年4月1日現在）,https://www.city.ena.lg.jp/material/files/group/25/gomihyakka2025.pdf,31,https://www.city.ena.lg.jp/soshikiichiran/suidokankyobu/kankyoka/1/3/2/1741.html,2026-08-07,2025-04-01,2026-08-13,False
ena-255,ena,恵那市,三脚,不燃ごみ,,,恵那市ごみ百科事典（令和7年4月1日現在）,https://www.city.ena.lg.jp/material/files/group/25/gomihyakka2025.pdf,31,https://www.city.ena.lg.jp/soshikiichiran/suidokankyobu/kankyoka/1/3/2/1741.html,2026-08-07,2025-04-01,2026-08-13,False
ena-256,ena,恵那市,サングラス,不燃ごみ,プラスチック製品は可燃ごみ。,,恵那市ごみ百科事典（令和7年4月1日現在）,https://www.city.ena.lg.jp/material/files/group/25/gomihyakka2025.pdf,31,https://www.city.ena.lg.jp/soshikiichiran/suidokankyobu/kankyoka/1/3/2/1741.html,2026-08-07,2025-04-01,2026-08-13,False
ena-257,ena,恵那市,サンダル,不燃ごみ,,,恵那市ごみ百科事典（令和7年4月1日現在）,https://www.city.ena.lg.jp/material/files/group/25/gomihyakka2025.pdf,31,https://www.city.ena.lg.jp/soshikiichiran/suidokankyobu/kankyoka/1/3/2/1741.html,2026-08-07,2025-04-01,2026-08-13,False
ena-258,ena,恵那市,残飯,可燃ごみ,十分に水切りをして出す。,,恵那市ごみ百科事典（令和7年4月1日現在）,https://www.city.ena.lg.jp/material/files/group/25/gomihyakka2025.pdf,31,https://www.city.ena.lg.jp/soshikiichiran/suidokankyobu/kankyoka/1/3/2/1741.html,2026-08-07,2025-04-01,2026-08-13,False
ena-259,ena,恵那市,三輪車,不燃ごみ,指定袋（大）をつけて出す。,,恵那市ごみ百科事典（令和7年4月1日現在）,https://www.city.ena.lg.jp/material/files/group/25/gomihyakka2025.pdf,31,https://www.city.ena.lg.jp/soshikiichiran/suidokankyobu/kankyoka/1/3/2/1741.html,2026-08-07,2025-04-01,2026-08-13,False
ena-260,ena,恵那市,シーツ,可燃ごみ,ファスナー等の金属部分を取り、50㎝角以内に切って出す。 処理施設へ直接搬入する場合はそのまま。,,恵那市ごみ百科事典（令和7年4月1日現在）,https://www.city.ena.lg.jp/material/files/group/25/gomihyakka2025.pdf,31,https://www.city.ena.lg.jp/soshikiichiran/suidokankyobu/kankyoka/1/3/2/1741.html,2026-08-07,2025-04-01,2026-08-13,False
ena-261,ena,恵那市,CD(コンパクトディスク),可燃ごみ,エコプラザ回収可。,,恵那市ごみ百科事典（令和7年4月1日現在）,https://www.city.ena.lg.jp/material/files/group/25/gomihyakka2025.pdf,31,https://www.city.ena.lg.jp/soshikiichiran/suidokankyobu/kankyoka/1/3/2/1741.html,2026-08-07,2025-04-01,2026-08-13,True
ena-262,ena,恵那市,CDラジカセ,不燃ごみ,電池は処理困難ごみ。使用できるものはエコプラザ回収可。,,恵那市ごみ百科事典（令和7年4月1日現在）,https://www.city.ena.lg.jp/material/files/group/25/gomihyakka2025.pdf,31,https://www.city.ena.lg.jp/soshikiichiran/suidokankyobu/kankyoka/1/3/2/1741.html,2026-08-07,2025-04-01,2026-08-13,True
ena-263,ena,恵那市,シート（ブルーシート）,可燃ごみ,50㎝以内に切って出す。金属部分は不燃ごみ。,,恵那市ごみ百科事典（令和7年4月1日現在）,https://www.city.ena.lg.jp/material/files/group/25/gomihyakka2025.pdf,31,https://www.city.ena.lg.jp/soshikiichiran/suidokankyobu/kankyoka/1/3/2/1741.html,2026-08-07,2025-04-01,2026-08-13,False
ena-264,ena,恵那市,磁気カード,可燃ごみ,,,恵那市ごみ百科事典（令和7年4月1日現在）,https://www.city.ena.lg.jp/material/files/group/25/gomihyakka2025.pdf,32,https://www.city.ena.lg.jp/soshikiichiran/suidokankyobu/kankyoka/1/3/2/1741.html,2026-08-07,2025-04-01,2026-08-13,False
ena-265,ena,恵那市,磁気マットレス,粗大ごみ,不燃ごみで出す場合は1m以内にする。1m以内にできない 場合は直接処理施設に持ち込む。,,恵那市ごみ百科事典（令和7年4月1日現在）,https://www.city.ena.lg.jp/material/files/group/25/gomihyakka2025.pdf,32,https://www.city.ena.lg.jp/soshikiichiran/suidokankyobu/kankyoka/1/3/2/1741.html,2026-08-07,2025-04-01,2026-08-13,False
ena-266,ena,恵那市,磁石,不燃ごみ,,,恵那市ごみ百科事典（令和7年4月1日現在）,https://www.city.ena.lg.jp/material/files/group/25/gomihyakka2025.pdf,32,https://www.city.ena.lg.jp/soshikiichiran/suidokankyobu/kankyoka/1/3/2/1741.html,2026-08-07,2025-04-01,2026-08-13,False
ena-267,ena,恵那市,辞書･辞典,資源ごみ,資源回収に出すか、処理施設へ直接搬入する（エコプラザ 回収可）。資源とならないものは可燃ごみ。,,恵那市ごみ百科事典（令和7年4月1日現在）,https://www.city.ena.lg.jp/material/files/group/25/gomihyakka2025.pdf,32,https://www.city.ena.lg.jp/soshikiichiran/suidokankyobu/kankyoka/1/3/2/1741.html,2026-08-07,2025-04-01,2026-08-13,True
ena-268,ena,恵那市,下着類,可燃ごみ,金属部分は不燃ごみ。,,恵那市ごみ百科事典（令和7年4月1日現在）,https://www.city.ena.lg.jp/material/files/group/25/gomihyakka2025.pdf,32,https://www.city.ena.lg.jp/soshikiichiran/suidokankyobu/kankyoka/1/3/2/1741.html,2026-08-07,2025-04-01,2026-08-13,False
ena-269,ena,恵那市,七輪,不燃ごみ,,,恵那市ごみ百科事典（令和7年4月1日現在）,https://www.city.ena.lg.jp/material/files/group/25/gomihyakka2025.pdf,32,https://www.city.ena.lg.jp/soshikiichiran/suidokankyobu/kankyoka/1/3/2/1741.html,2026-08-07,2025-04-01,2026-08-13,False
ena-270,ena,恵那市,湿布剤,可燃ごみ,,,恵那市ごみ百科事典（令和7年4月1日現在）,https://www.city.ena.lg.jp/material/files/group/25/gomihyakka2025.pdf,32,https://www.city.ena.lg.jp/soshikiichiran/suidokankyobu/kankyoka/1/3/2/1741.html,2026-08-07,2025-04-01,2026-08-13,False
ena-271,ena,恵那市,自転車,不燃ごみ,指定袋（大）をつけて出す。電動自転車はバッテリーは外す。 バッテリーは販売店へ。,,恵那市ごみ百科事典（令和7年4月1日現在）,https://www.city.ena.lg.jp/material/files/group/25/gomihyakka2025.pdf,32,https://www.city.ena.lg.jp/soshikiichiran/suidokankyobu/kankyoka/1/3/2/1741.html,2026-08-07,2025-04-01,2026-08-13,False
ena-272,ena,恵那市,自転車用空気入れ,不燃ごみ,,,恵那市ごみ百科事典（令和7年4月1日現在）,https://www.city.ena.lg.jp/material/files/group/25/gomihyakka2025.pdf,32,https://www.city.ena.lg.jp/soshikiichiran/suidokankyobu/kankyoka/1/3/2/1741.html,2026-08-07,2025-04-01,2026-08-13,False
ena-273,ena,恵那市,竹刀,可燃ごみ,80㎝以内に切って出す。,,恵那市ごみ百科事典（令和7年4月1日現在）,https://www.city.ena.lg.jp/material/files/group/25/gomihyakka2025.pdf,32,https://www.city.ena.lg.jp/soshikiichiran/suidokankyobu/kankyoka/1/3/2/1741.html,2026-08-07,2025-04-01,2026-08-13,False
ena-274,ena,恵那市,シニアカー,回収不可,販売店へ問い合わせる。,,恵那市ごみ百科事典（令和7年4月1日現在）,https://www.city.ena.lg.jp/material/files/group/25/gomihyakka2025.pdf,32,https://www.city.ena.lg.jp/soshikiichiran/suidokankyobu/kankyoka/1/3/2/1741.html,2026-08-07,2025-04-01,2026-08-13,False
ena-275,ena,恵那市,シャープペンシル,不燃ごみ,,,恵那市ごみ百科事典（令和7年4月1日現在）,https://www.city.ena.lg.jp/material/files/group/25/gomihyakka2025.pdf,32,https://www.city.ena.lg.jp/soshikiichiran/suidokankyobu/kankyoka/1/3/2/1741.html,2026-08-07,2025-04-01,2026-08-13,False
ena-276,ena,恵那市,シャンプーボトル･詰め替え容器,可燃ごみ,ポンプの部分は不燃ごみ。,,恵那市ごみ百科事典（令和7年4月1日現在）,https://www.city.ena.lg.jp/material/files/group/25/gomihyakka2025.pdf,32,https://www.city.ena.lg.jp/soshikiichiran/suidokankyobu/kankyoka/1/3/2/1741.html,2026-08-07,2025-04-01,2026-08-13,False
ena-277,ena,恵那市,写真,可燃ごみ,,,恵那市ごみ百科事典（令和7年4月1日現在）,https://www.city.ena.lg.jp/material/files/group/25/gomihyakka2025.pdf,32,https://www.city.ena.lg.jp/soshikiichiran/suidokankyobu/kankyoka/1/3/2/1741.html,2026-08-07,2025-04-01,2026-08-13,False
ena-278,ena,恵那市,ジューサー(ミキサー),不燃ごみ,,,恵那市ごみ百科事典（令和7年4月1日現在）,https://www.city.ena.lg.jp/material/files/group/25/gomihyakka2025.pdf,32,https://www.city.ena.lg.jp/soshikiichiran/suidokankyobu/kankyoka/1/3/2/1741.html,2026-08-07,2025-04-01,2026-08-13,False
ena-279,ena,恵那市,じゅうたん(カーペット）,可燃ごみ,６畳までは、たたんで指定袋（大）をつけてだす。６畳を こえるものは直接搬入する。,,恵那市ごみ百科事典（令和7年4月1日現在）,https://www.city.ena.lg.jp/material/files/group/25/gomihyakka2025.pdf,32,https://www.city.ena.lg.jp/soshikiichiran/suidokankyobu/kankyoka/1/3/2/1741.html,2026-08-07,2025-04-01,2026-08-13,False
ena-280,ena,恵那市,充電器,不燃ごみ,,,恵那市ごみ百科事典（令和7年4月1日現在）,https://www.city.ena.lg.jp/material/files/group/25/gomihyakka2025.pdf,32,https://www.city.ena.lg.jp/soshikiichiran/suidokankyobu/kankyoka/1/3/2/1741.html,2026-08-07,2025-04-01,2026-08-13,False
ena-281,ena,恵那市,充電式電池,処理困難ごみ,協力店のリサイクルボックスへ。協力店については、一般 社団法人ＪＢＲＣへ問い合せる。エコプラザ回収可。,,恵那市ごみ百科事典（令和7年4月1日現在）,https://www.city.ena.lg.jp/material/files/group/25/gomihyakka2025.pdf,32,https://www.city.ena.lg.jp/soshikiichiran/suidokankyobu/kankyoka/1/3/2/1741.html,2026-08-07,2025-04-01,2026-08-13,True
ena-282,ena,恵那市,重箱（木・プラスチック製）,可燃ごみ,金属部分は不燃ごみ。,,恵那市ごみ百科事典（令和7年4月1日現在）,https://www.city.ena.lg.jp/material/files/group/25/gomihyakka2025.pdf,32,https://www.city.ena.lg.jp/soshikiichiran/suidokankyobu/kankyoka/1/3/2/1741.html,2026-08-07,2025-04-01,2026-08-13,False
ena-283,ena,恵那市,ジュニアシート,可燃ごみ,金属部分は不燃ごみ。,,恵那市ごみ百科事典（令和7年4月1日現在）,https://www.city.ena.lg.jp/material/files/group/25/gomihyakka2025.pdf,32,https://www.city.ena.lg.jp/soshikiichiran/suidokankyobu/kankyoka/1/3/2/1741.html,2026-08-07,2025-04-01,2026-08-13,False
ena-284,ena,恵那市,シュレッダーごみ,可燃ごみ,雑がみには入れない。,,恵那市ごみ百科事典（令和7年4月1日現在）,https://www.city.ena.lg.jp/material/files/group/25/gomihyakka2025.pdf,32,https://www.city.ena.lg.jp/soshikiichiran/suidokankyobu/kankyoka/1/3/2/1741.html,2026-08-07,2025-04-01,2026-08-13,False
ena-285,ena,恵那市,消火器,回収不可,販売店へ問い合わせる。,,恵那市ごみ百科事典（令和7年4月1日現在）,https://www.city.ena.lg.jp/material/files/group/25/gomihyakka2025.pdf,32,https://www.city.ena.lg.jp/soshikiichiran/suidokankyobu/kankyoka/1/3/2/1741.html,2026-08-07,2025-04-01,2026-08-13,False
ena-286,ena,恵那市,浄水器,不燃ごみ,,,恵那市ごみ百科事典（令和7年4月1日現在）,https://www.city.ena.lg.jp/material/files/group/25/gomihyakka2025.pdf,32,https://www.city.ena.lg.jp/soshikiichiran/suidokankyobu/kankyoka/1/3/2/1741.html,2026-08-07,2025-04-01,2026-08-13,False
ena-287,ena,恵那市,消石灰（ライン引き）,不燃ごみ,,,恵那市ごみ百科事典（令和7年4月1日現在）,https://www.city.ena.lg.jp/material/files/group/25/gomihyakka2025.pdf,32,https://www.city.ena.lg.jp/soshikiichiran/suidokankyobu/kankyoka/1/3/2/1741.html,2026-08-07,2025-04-01,2026-08-13,False
ena-288,ena,恵那市,照明器具,不燃ごみ,蛍光管は処理困難ごみ。,,恵那市ごみ百科事典（令和7年4月1日現在）,https://www.city.ena.lg.jp/material/files/group/25/gomihyakka2025.pdf,32,https://www.city.ena.lg.jp/soshikiichiran/suidokankyobu/kankyoka/1/3/2/1741.html,2026-08-07,2025-04-01,2026-08-13,False
ena-289,ena,恵那市,じょうろ（プラスチック製）,可燃ごみ,金属部分は不燃ごみ。,,恵那市ごみ百科事典（令和7年4月1日現在）,https://www.city.ena.lg.jp/material/files/group/25/gomihyakka2025.pdf,32,https://www.city.ena.lg.jp/soshikiichiran/suidokankyobu/kankyoka/1/3/2/1741.html,2026-08-07,2025-04-01,2026-08-13,False
ena-290,ena,恵那市,食用油のびん,資源ごみ,中身を使い切り、よく洗って出す。プラスチック製のフタ は可燃ごみ。,,恵那市ごみ百科事典（令和7年4月1日現在）,https://www.city.ena.lg.jp/material/files/group/25/gomihyakka2025.pdf,32,https://www.city.ena.lg.jp/soshikiichiran/suidokankyobu/kankyoka/1/3/2/1741.html,2026-08-07,2025-04-01,2026-08-13,False
ena-291,ena,恵那市,食用油のプラスチックボトル･ペットボトル,可燃ごみ,中身を使い切りよく洗って出す。金属製のフタは不燃ごみ。,,恵那市ごみ百科事典（令和7年4月1日現在）,https://www.city.ena.lg.jp/material/files/group/25/gomihyakka2025.pdf,32,https://www.city.ena.lg.jp/soshikiichiran/suidokankyobu/kankyoka/1/3/2/1741.html,2026-08-07,2025-04-01,2026-08-13,False
ena-292,ena,恵那市,除湿機,不燃ごみ,,,恵那市ごみ百科事典（令和7年4月1日現在）,https://www.city.ena.lg.jp/material/files/group/25/gomihyakka2025.pdf,32,https://www.city.ena.lg.jp/soshikiichiran/suidokankyobu/kankyoka/1/3/2/1741.html,2026-08-07,2025-04-01,2026-08-13,False
ena-293,ena,恵那市,除湿剤,可燃ごみ,液体が溜まるものは、液体を捨て容器は可燃ごみへ。,,恵那市ごみ百科事典（令和7年4月1日現在）,https://www.city.ena.lg.jp/material/files/group/25/gomihyakka2025.pdf,32,https://www.city.ena.lg.jp/soshikiichiran/suidokankyobu/kankyoka/1/3/2/1741.html,2026-08-07,2025-04-01,2026-08-13,False
ena-294,ena,恵那市,書籍、雑誌,資源ごみ,資源回収または拠点回収に出す。資源とならないものは可 燃ごみ。,,恵那市ごみ百科事典（令和7年4月1日現在）,https://www.city.ena.lg.jp/material/files/group/25/gomihyakka2025.pdf,32,https://www.city.ena.lg.jp/soshikiichiran/suidokankyobu/kankyoka/1/3/2/1741.html,2026-08-07,2025-04-01,2026-08-13,False
ena-295,ena,恵那市,食器洗い乾燥機,不燃ごみ,中に他のごみを入れない。,,恵那市ごみ百科事典（令和7年4月1日現在）,https://www.city.ena.lg.jp/material/files/group/25/gomihyakka2025.pdf,32,https://www.city.ena.lg.jp/soshikiichiran/suidokankyobu/kankyoka/1/3/2/1741.html,2026-08-07,2025-04-01,2026-08-13,False
ena-296,ena,恵那市,食器棚(木製),粗大ごみ,ステーションに出す場合は、可燃と不燃に分け、可燃は50 ㎝以内、不燃は1m以内にして出す。,,恵那市ごみ百科事典（令和7年4月1日現在）,https://www.city.ena.lg.jp/material/files/group/25/gomihyakka2025.pdf,32,https://www.city.ena.lg.jp/soshikiichiran/suidokankyobu/kankyoka/1/3/2/1741.html,2026-08-07,2025-04-01,2026-08-13,False
ena-297,ena,恵那市,書道セット,可燃ごみ,金属部分・金属製品は不燃ごみ。石製の硯などは不燃。,,恵那市ごみ百科事典（令和7年4月1日現在）,https://www.city.ena.lg.jp/material/files/group/25/gomihyakka2025.pdf,32,https://www.city.ena.lg.jp/soshikiichiran/suidokankyobu/kankyoka/1/3/2/1741.html,2026-08-07,2025-04-01,2026-08-13,False
ena-298,ena,恵那市,シリカゲル(乾燥剤),不燃ごみ,,,恵那市ごみ百科事典（令和7年4月1日現在）,https://www.city.ena.lg.jp/material/files/group/25/gomihyakka2025.pdf,32,https://www.city.ena.lg.jp/soshikiichiran/suidokankyobu/kankyoka/1/3/2/1741.html,2026-08-07,2025-04-01,2026-08-13,False
ena-299,ena,恵那市,シリコン製品,可燃ごみ,,,恵那市ごみ百科事典（令和7年4月1日現在）,https://www.city.ena.lg.jp/material/files/group/25/gomihyakka2025.pdf,32,https://www.city.ena.lg.jp/soshikiichiran/suidokankyobu/kankyoka/1/3/2/1741.html,2026-08-07,2025-04-01,2026-08-13,False
ena-300,ena,恵那市,シルバーカー（手押し車）,不燃ごみ,指定袋（大）をつけて出す。,,恵那市ごみ百科事典（令和7年4月1日現在）,https://www.city.ena.lg.jp/material/files/group/25/gomihyakka2025.pdf,32,https://www.city.ena.lg.jp/soshikiichiran/suidokankyobu/kankyoka/1/3/2/1741.html,2026-08-07,2025-04-01,2026-08-13,False
ena-301,ena,恵那市,人工芝,可燃ごみ,50㎝以内に切って出す。,,恵那市ごみ百科事典（令和7年4月1日現在）,https://www.city.ena.lg.jp/material/files/group/25/gomihyakka2025.pdf,32,https://www.city.ena.lg.jp/soshikiichiran/suidokankyobu/kankyoka/1/3/2/1741.html,2026-08-07,2025-04-01,2026-08-13,False
ena-302,ena,恵那市,シンナー,回収不可,販売店に問い合わせてください。,,恵那市ごみ百科事典（令和7年4月1日現在）,https://www.city.ena.lg.jp/material/files/group/25/gomihyakka2025.pdf,32,https://www.city.ena.lg.jp/soshikiichiran/suidokankyobu/kankyoka/1/3/2/1741.html,2026-08-07,2025-04-01,2026-08-13,False
ena-303,ena,恵那市,新聞紙,資源ごみ,資源回収または拠点回収に出す。資源とならないものは可 燃ごみ。,,恵那市ごみ百科事典（令和7年4月1日現在）,https://www.city.ena.lg.jp/material/files/group/25/gomihyakka2025.pdf,32,https://www.city.ena.lg.jp/soshikiichiran/suidokankyobu/kankyoka/1/3/2/1741.html,2026-08-07,2025-04-01,2026-08-13,False
ena-304,ena,恵那市,水銀電池,処理困難ごみ,詳細は24ページ参照。,,恵那市ごみ百科事典（令和7年4月1日現在）,https://www.city.ena.lg.jp/material/files/group/25/gomihyakka2025.pdf,32,https://www.city.ena.lg.jp/soshikiichiran/suidokankyobu/kankyoka/1/3/2/1741.html,2026-08-07,2025-04-01,2026-08-13,False
ena-305,ena,恵那市,水銀灯,処理困難ごみ,一般から出るものは回収可能。詳細24ページ参照。,,恵那市ごみ百科事典（令和7年4月1日現在）,https://www.city.ena.lg.jp/material/files/group/25/gomihyakka2025.pdf,32,https://www.city.ena.lg.jp/soshikiichiran/suidokankyobu/kankyoka/1/3/2/1741.html,2026-08-07,2025-04-01,2026-08-13,False
ena-306,ena,恵那市,水槽(ガラス製),不燃ごみ,プラスチック製品は可燃ごみ。,,恵那市ごみ百科事典（令和7年4月1日現在）,https://www.city.ena.lg.jp/material/files/group/25/gomihyakka2025.pdf,32,https://www.city.ena.lg.jp/soshikiichiran/suidokankyobu/kankyoka/1/3/2/1741.html,2026-08-07,2025-04-01,2026-08-13,False
ena-307,ena,恵那市,水中ポンプ,不燃ごみ,家庭用の物に限る。,,恵那市ごみ百科事典（令和7年4月1日現在）,https://www.city.ena.lg.jp/material/files/group/25/gomihyakka2025.pdf,32,https://www.city.ena.lg.jp/soshikiichiran/suidokankyobu/kankyoka/1/3/2/1741.html,2026-08-07,2025-04-01,2026-08-13,False
ena-308,ena,恵那市,水中メガネ,可燃ごみ,金属・ガラス部分は不燃ごみ。,,恵那市ごみ百科事典（令和7年4月1日現在）,https://www.city.ena.lg.jp/material/files/group/25/gomihyakka2025.pdf,33,https://www.city.ena.lg.jp/soshikiichiran/suidokankyobu/kankyoka/1/3/2/1741.html,2026-08-07,2025-04-01,2026-08-13,False
ena-309,ena,恵那市,水筒(金属製),不燃ごみ,プラスチック製品は可燃ごみ。,,恵那市ごみ百科事典（令和7年4月1日現在）,https://www.city.ena.lg.jp/material/files/group/25/gomihyakka2025.pdf,33,https://www.city.ena.lg.jp/soshikiichiran/suidokankyobu/kankyoka/1/3/2/1741.html,2026-08-07,2025-04-01,2026-08-13,False
ena-310,ena,恵那市,炊飯器,不燃ごみ,中に他のごみを入れない。,,恵那市ごみ百科事典（令和7年4月1日現在）,https://www.city.ena.lg.jp/material/files/group/25/gomihyakka2025.pdf,33,https://www.city.ena.lg.jp/soshikiichiran/suidokankyobu/kankyoka/1/3/2/1741.html,2026-08-07,2025-04-01,2026-08-13,False
ena-311,ena,恵那市,スーツケース（旅行用）,不燃ごみ,指定袋（大）をつけて出す。,,恵那市ごみ百科事典（令和7年4月1日現在）,https://www.city.ena.lg.jp/material/files/group/25/gomihyakka2025.pdf,33,https://www.city.ena.lg.jp/soshikiichiran/suidokankyobu/kankyoka/1/3/2/1741.html,2026-08-07,2025-04-01,2026-08-13,False
ena-312,ena,恵那市,スキー板,不燃ごみ,指定袋（大）をつけて出す。,,恵那市ごみ百科事典（令和7年4月1日現在）,https://www.city.ena.lg.jp/material/files/group/25/gomihyakka2025.pdf,33,https://www.city.ena.lg.jp/soshikiichiran/suidokankyobu/kankyoka/1/3/2/1741.html,2026-08-07,2025-04-01,2026-08-13,False
ena-313,ena,恵那市,スキーウェア,可燃ごみ,ボタン・ファスナーなど金属部分は不燃ごみ。,,恵那市ごみ百科事典（令和7年4月1日現在）,https://www.city.ena.lg.jp/material/files/group/25/gomihyakka2025.pdf,33,https://www.city.ena.lg.jp/soshikiichiran/suidokankyobu/kankyoka/1/3/2/1741.html,2026-08-07,2025-04-01,2026-08-13,False
ena-314,ena,恵那市,スキー用具,不燃ごみ,,,恵那市ごみ百科事典（令和7年4月1日現在）,https://www.city.ena.lg.jp/material/files/group/25/gomihyakka2025.pdf,33,https://www.city.ena.lg.jp/soshikiichiran/suidokankyobu/kankyoka/1/3/2/1741.html,2026-08-07,2025-04-01,2026-08-13,False
ena-315,ena,恵那市,スクーター,回収不可,販売店へ問い合わせる。,,恵那市ごみ百科事典（令和7年4月1日現在）,https://www.city.ena.lg.jp/material/files/group/25/gomihyakka2025.pdf,33,https://www.city.ena.lg.jp/soshikiichiran/suidokankyobu/kankyoka/1/3/2/1741.html,2026-08-07,2025-04-01,2026-08-13,False
ena-316,ena,恵那市,スケート靴,不燃ごみ,,,恵那市ごみ百科事典（令和7年4月1日現在）,https://www.city.ena.lg.jp/material/files/group/25/gomihyakka2025.pdf,33,https://www.city.ena.lg.jp/soshikiichiran/suidokankyobu/kankyoka/1/3/2/1741.html,2026-08-07,2025-04-01,2026-08-13,False
ena-317,ena,恵那市,スケートボード,不燃ごみ,,,恵那市ごみ百科事典（令和7年4月1日現在）,https://www.city.ena.lg.jp/material/files/group/25/gomihyakka2025.pdf,33,https://www.city.ena.lg.jp/soshikiichiran/suidokankyobu/kankyoka/1/3/2/1741.html,2026-08-07,2025-04-01,2026-08-13,False
ena-318,ena,恵那市,スコップ,不燃ごみ,プラスチック製品は可燃ごみ。,,恵那市ごみ百科事典（令和7年4月1日現在）,https://www.city.ena.lg.jp/material/files/group/25/gomihyakka2025.pdf,33,https://www.city.ena.lg.jp/soshikiichiran/suidokankyobu/kankyoka/1/3/2/1741.html,2026-08-07,2025-04-01,2026-08-13,False
ena-319,ena,恵那市,硯(すずり),不燃ごみ,,,恵那市ごみ百科事典（令和7年4月1日現在）,https://www.city.ena.lg.jp/material/files/group/25/gomihyakka2025.pdf,33,https://www.city.ena.lg.jp/soshikiichiran/suidokankyobu/kankyoka/1/3/2/1741.html,2026-08-07,2025-04-01,2026-08-13,False
ena-320,ena,恵那市,すだれ,可燃ごみ,50㎝以内に切って出す。,,恵那市ごみ百科事典（令和7年4月1日現在）,https://www.city.ena.lg.jp/material/files/group/25/gomihyakka2025.pdf,33,https://www.city.ena.lg.jp/soshikiichiran/suidokankyobu/kankyoka/1/3/2/1741.html,2026-08-07,2025-04-01,2026-08-13,False
ena-321,ena,恵那市,スタンプ台(プラスチック製),可燃ごみ,金属部分は不燃ごみ。,,恵那市ごみ百科事典（令和7年4月1日現在）,https://www.city.ena.lg.jp/material/files/group/25/gomihyakka2025.pdf,33,https://www.city.ena.lg.jp/soshikiichiran/suidokankyobu/kankyoka/1/3/2/1741.html,2026-08-07,2025-04-01,2026-08-13,False
ena-322,ena,恵那市,スチール家具,粗大ごみ,不燃ごみに出す場合は1m以内にする。1m以内にできない 場合直接処理施設に持ち込む。,,恵那市ごみ百科事典（令和7年4月1日現在）,https://www.city.ena.lg.jp/material/files/group/25/gomihyakka2025.pdf,33,https://www.city.ena.lg.jp/soshikiichiran/suidokankyobu/kankyoka/1/3/2/1741.html,2026-08-07,2025-04-01,2026-08-13,False
ena-323,ena,恵那市,スチール缶,不燃ごみ,中をよく洗って出す。汚れのないものはエコプラザ回収可。,,恵那市ごみ百科事典（令和7年4月1日現在）,https://www.city.ena.lg.jp/material/files/group/25/gomihyakka2025.pdf,33,https://www.city.ena.lg.jp/soshikiichiran/suidokankyobu/kankyoka/1/3/2/1741.html,2026-08-07,2025-04-01,2026-08-13,True
ena-324,ena,恵那市,ステッカー（シール）,可燃ごみ,金属ステッカーは不燃ごみ。,,恵那市ごみ百科事典（令和7年4月1日現在）,https://www.city.ena.lg.jp/material/files/group/25/gomihyakka2025.pdf,33,https://www.city.ena.lg.jp/soshikiichiran/suidokankyobu/kankyoka/1/3/2/1741.html,2026-08-07,2025-04-01,2026-08-13,False
ena-325,ena,恵那市,ステレオ,不燃ごみ,,,恵那市ごみ百科事典（令和7年4月1日現在）,https://www.city.ena.lg.jp/material/files/group/25/gomihyakka2025.pdf,33,https://www.city.ena.lg.jp/soshikiichiran/suidokankyobu/kankyoka/1/3/2/1741.html,2026-08-07,2025-04-01,2026-08-13,False
ena-326,ena,恵那市,ストーブ（石油・電気）,不燃ごみ,燃料を抜いて出す。電池は処理困難ごみ。指定袋に入らな い場合は指定袋（大）をつけて出す。,,恵那市ごみ百科事典（令和7年4月1日現在）,https://www.city.ena.lg.jp/material/files/group/25/gomihyakka2025.pdf,33,https://www.city.ena.lg.jp/soshikiichiran/suidokankyobu/kankyoka/1/3/2/1741.html,2026-08-07,2025-04-01,2026-08-13,False
ena-327,ena,恵那市,ストッキング,可燃ごみ,,,恵那市ごみ百科事典（令和7年4月1日現在）,https://www.city.ena.lg.jp/material/files/group/25/gomihyakka2025.pdf,33,https://www.city.ena.lg.jp/soshikiichiran/suidokankyobu/kankyoka/1/3/2/1741.html,2026-08-07,2025-04-01,2026-08-13,False
ena-328,ena,恵那市,砂・土砂,回収不可,,,恵那市ごみ百科事典（令和7年4月1日現在）,https://www.city.ena.lg.jp/material/files/group/25/gomihyakka2025.pdf,33,https://www.city.ena.lg.jp/soshikiichiran/suidokankyobu/kankyoka/1/3/2/1741.html,2026-08-07,2025-04-01,2026-08-13,False
ena-329,ena,恵那市,スニーカー,不燃ごみ,,,恵那市ごみ百科事典（令和7年4月1日現在）,https://www.city.ena.lg.jp/material/files/group/25/gomihyakka2025.pdf,33,https://www.city.ena.lg.jp/soshikiichiran/suidokankyobu/kankyoka/1/3/2/1741.html,2026-08-07,2025-04-01,2026-08-13,False
ena-330,ena,恵那市,スノーボード板,不燃ごみ,指定袋（大）をつけて出す。,,恵那市ごみ百科事典（令和7年4月1日現在）,https://www.city.ena.lg.jp/material/files/group/25/gomihyakka2025.pdf,33,https://www.city.ena.lg.jp/soshikiichiran/suidokankyobu/kankyoka/1/3/2/1741.html,2026-08-07,2025-04-01,2026-08-13,False
ena-331,ena,恵那市,すのこ,不燃ごみ,,,恵那市ごみ百科事典（令和7年4月1日現在）,https://www.city.ena.lg.jp/material/files/group/25/gomihyakka2025.pdf,33,https://www.city.ena.lg.jp/soshikiichiran/suidokankyobu/kankyoka/1/3/2/1741.html,2026-08-07,2025-04-01,2026-08-13,False
ena-332,ena,恵那市,スパイクシューズ,不燃ごみ,,,恵那市ごみ百科事典（令和7年4月1日現在）,https://www.city.ena.lg.jp/material/files/group/25/gomihyakka2025.pdf,33,https://www.city.ena.lg.jp/soshikiichiran/suidokankyobu/kankyoka/1/3/2/1741.html,2026-08-07,2025-04-01,2026-08-13,False
ena-333,ena,恵那市,スパナ,不燃ごみ,エコプラザ回収可。,,恵那市ごみ百科事典（令和7年4月1日現在）,https://www.city.ena.lg.jp/material/files/group/25/gomihyakka2025.pdf,33,https://www.city.ena.lg.jp/soshikiichiran/suidokankyobu/kankyoka/1/3/2/1741.html,2026-08-07,2025-04-01,2026-08-13,True
ena-334,ena,恵那市,スピーカー,不燃ごみ,,,恵那市ごみ百科事典（令和7年4月1日現在）,https://www.city.ena.lg.jp/material/files/group/25/gomihyakka2025.pdf,33,https://www.city.ena.lg.jp/soshikiichiran/suidokankyobu/kankyoka/1/3/2/1741.html,2026-08-07,2025-04-01,2026-08-13,False
ena-335,ena,恵那市,スプリングベッド,粗大ごみ,処理施設へ直接搬入。,,恵那市ごみ百科事典（令和7年4月1日現在）,https://www.city.ena.lg.jp/material/files/group/25/gomihyakka2025.pdf,33,https://www.city.ena.lg.jp/soshikiichiran/suidokankyobu/kankyoka/1/3/2/1741.html,2026-08-07,2025-04-01,2026-08-13,False
ena-336,ena,恵那市,スプレー缶,不燃ごみ,中身を使い切り穴を開ける。キャップは可燃ごみ。エコプ ラザ回収可。,,恵那市ごみ百科事典（令和7年4月1日現在）,https://www.city.ena.lg.jp/material/files/group/25/gomihyakka2025.pdf,33,https://www.city.ena.lg.jp/soshikiichiran/suidokankyobu/kankyoka/1/3/2/1741.html,2026-08-07,2025-04-01,2026-08-13,False
ena-337,ena,恵那市,スポンジ,可燃ごみ,50㎝以内に切って出す。キッチンスポンジはエコプラザ回 収可。,,恵那市ごみ百科事典（令和7年4月1日現在）,https://www.city.ena.lg.jp/material/files/group/25/gomihyakka2025.pdf,33,https://www.city.ena.lg.jp/soshikiichiran/suidokankyobu/kankyoka/1/3/2/1741.html,2026-08-07,2025-04-01,2026-08-13,True
ena-338,ena,恵那市,スマートフォン,処理困難ごみ,出来るだけ販売店やエコプラザ、回収ボックスへ出す。,,恵那市ごみ百科事典（令和7年4月1日現在）,https://www.city.ena.lg.jp/material/files/group/25/gomihyakka2025.pdf,33,https://www.city.ena.lg.jp/soshikiichiran/suidokankyobu/kankyoka/1/3/2/1741.html,2026-08-07,2025-04-01,2026-08-13,True
ena-339,ena,恵那市,スマートフォンケース,可燃ごみ,金属部分は不燃ごみ。,,恵那市ごみ百科事典（令和7年4月1日現在）,https://www.city.ena.lg.jp/material/files/group/25/gomihyakka2025.pdf,33,https://www.city.ena.lg.jp/soshikiichiran/suidokankyobu/kankyoka/1/3/2/1741.html,2026-08-07,2025-04-01,2026-08-13,False
ena-340,ena,恵那市,炭,不燃ごみ,但し、任意の袋（紙袋・ビニール袋等）に入れ、木炭と明 記してください。明記した文字が収集担当者に分かるよう に指定の不燃ごみ袋に入れて出してください。,,恵那市ごみ百科事典（令和7年4月1日現在）,https://www.city.ena.lg.jp/material/files/group/25/gomihyakka2025.pdf,33,https://www.city.ena.lg.jp/soshikiichiran/suidokankyobu/kankyoka/1/3/2/1741.html,2026-08-07,2025-04-01,2026-08-13,False
ena-341,ena,恵那市,スリッパ,不燃ごみ,布製品は可燃ごみ。,,恵那市ごみ百科事典（令和7年4月1日現在）,https://www.city.ena.lg.jp/material/files/group/25/gomihyakka2025.pdf,33,https://www.city.ena.lg.jp/soshikiichiran/suidokankyobu/kankyoka/1/3/2/1741.html,2026-08-07,2025-04-01,2026-08-13,False
ena-342,ena,恵那市,スレート,回収不可,建設・建築業者へ問い合わせる。,,恵那市ごみ百科事典（令和7年4月1日現在）,https://www.city.ena.lg.jp/material/files/group/25/gomihyakka2025.pdf,33,https://www.city.ena.lg.jp/soshikiichiran/suidokankyobu/kankyoka/1/3/2/1741.html,2026-08-07,2025-04-01,2026-08-13,False
ena-343,ena,恵那市,生花,可燃ごみ,乾かしてから出す。,,恵那市ごみ百科事典（令和7年4月1日現在）,https://www.city.ena.lg.jp/material/files/group/25/gomihyakka2025.pdf,33,https://www.city.ena.lg.jp/soshikiichiran/suidokankyobu/kankyoka/1/3/2/1741.html,2026-08-07,2025-04-01,2026-08-13,False
ena-344,ena,恵那市,精米機,粗大ごみ,,,恵那市ごみ百科事典（令和7年4月1日現在）,https://www.city.ena.lg.jp/material/files/group/25/gomihyakka2025.pdf,33,https://www.city.ena.lg.jp/soshikiichiran/suidokankyobu/kankyoka/1/3/2/1741.html,2026-08-07,2025-04-01,2026-08-13,False
ena-345,ena,恵那市,生理用品,可燃ごみ,,,恵那市ごみ百科事典（令和7年4月1日現在）,https://www.city.ena.lg.jp/material/files/group/25/gomihyakka2025.pdf,33,https://www.city.ena.lg.jp/soshikiichiran/suidokankyobu/kankyoka/1/3/2/1741.html,2026-08-07,2025-04-01,2026-08-13,False
ena-346,ena,恵那市,石油ポンプ(電池駆動式),不燃ごみ,電池は処理困難ごみ。プラスチック製の石油ポンプは可燃 ごみ。,,恵那市ごみ百科事典（令和7年4月1日現在）,https://www.city.ena.lg.jp/material/files/group/25/gomihyakka2025.pdf,33,https://www.city.ena.lg.jp/soshikiichiran/suidokankyobu/kankyoka/1/3/2/1741.html,2026-08-07,2025-04-01,2026-08-13,False
ena-347,ena,恵那市,石鹸,可燃ごみ,,,恵那市ごみ百科事典（令和7年4月1日現在）,https://www.city.ena.lg.jp/material/files/group/25/gomihyakka2025.pdf,33,https://www.city.ena.lg.jp/soshikiichiran/suidokankyobu/kankyoka/1/3/2/1741.html,2026-08-07,2025-04-01,2026-08-13,False
ena-348,ena,恵那市,石膏・石膏ボード,回収不可,取扱店へ問合せる。,,恵那市ごみ百科事典（令和7年4月1日現在）,https://www.city.ena.lg.jp/material/files/group/25/gomihyakka2025.pdf,33,https://www.city.ena.lg.jp/soshikiichiran/suidokankyobu/kankyoka/1/3/2/1741.html,2026-08-07,2025-04-01,2026-08-13,False
ena-349,ena,恵那市,接着剤のチューブ,可燃ごみ,中身を使い切って出す。金属製品は不燃ごみ。,,恵那市ごみ百科事典（令和7年4月1日現在）,https://www.city.ena.lg.jp/material/files/group/25/gomihyakka2025.pdf,33,https://www.city.ena.lg.jp/soshikiichiran/suidokankyobu/kankyoka/1/3/2/1741.html,2026-08-07,2025-04-01,2026-08-13,False
ena-350,ena,恵那市,洗剤の紙箱,可燃ごみ,空にして出す。匂いが強い為、資源には出さない。,,恵那市ごみ百科事典（令和7年4月1日現在）,https://www.city.ena.lg.jp/material/files/group/25/gomihyakka2025.pdf,33,https://www.city.ena.lg.jp/soshikiichiran/suidokankyobu/kankyoka/1/3/2/1741.html,2026-08-07,2025-04-01,2026-08-13,False
ena-351,ena,恵那市,洗濯機,家電リサイクル,詳細は11・12ページ参照。,,恵那市ごみ百科事典（令和7年4月1日現在）,https://www.city.ena.lg.jp/material/files/group/25/gomihyakka2025.pdf,33,https://www.city.ena.lg.jp/soshikiichiran/suidokankyobu/kankyoka/1/3/2/1741.html,2026-08-07,2025-04-01,2026-08-13,False
ena-352,ena,恵那市,洗濯バサミ,不燃ごみ,,,恵那市ごみ百科事典（令和7年4月1日現在）,https://www.city.ena.lg.jp/material/files/group/25/gomihyakka2025.pdf,33,https://www.city.ena.lg.jp/soshikiichiran/suidokankyobu/kankyoka/1/3/2/1741.html,2026-08-07,2025-04-01,2026-08-13,False
ena-353,ena,恵那市,剪定ばさみ,不燃ごみ,刃をガムテープ等で覆って出す。,,恵那市ごみ百科事典（令和7年4月1日現在）,https://www.city.ena.lg.jp/material/files/group/25/gomihyakka2025.pdf,33,https://www.city.ena.lg.jp/soshikiichiran/suidokankyobu/kankyoka/1/3/2/1741.html,2026-08-07,2025-04-01,2026-08-13,False
ena-354,ena,恵那市,栓抜き,不燃ごみ,,,恵那市ごみ百科事典（令和7年4月1日現在）,https://www.city.ena.lg.jp/material/files/group/25/gomihyakka2025.pdf,33,https://www.city.ena.lg.jp/soshikiichiran/suidokankyobu/kankyoka/1/3/2/1741.html,2026-08-07,2025-04-01,2026-08-13,False
ena-355,ena,恵那市,扇風機,不燃ごみ,,,恵那市ごみ百科事典（令和7年4月1日現在）,https://www.city.ena.lg.jp/material/files/group/25/gomihyakka2025.pdf,33,https://www.city.ena.lg.jp/soshikiichiran/suidokankyobu/kankyoka/1/3/2/1741.html,2026-08-07,2025-04-01,2026-08-13,False
ena-356,ena,恵那市,洗面台,粗大ごみ,不燃ごみで出す場合は1m以内にする。1m以内にできない 場合は直接処理施設に持ち込む。,,恵那市ごみ百科事典（令和7年4月1日現在）,https://www.city.ena.lg.jp/material/files/group/25/gomihyakka2025.pdf,34,https://www.city.ena.lg.jp/soshikiichiran/suidokankyobu/kankyoka/1/3/2/1741.html,2026-08-07,2025-04-01,2026-08-13,False
ena-357,ena,恵那市,造花,可燃ごみ,金属部分は不燃ごみ。,,恵那市ごみ百科事典（令和7年4月1日現在）,https://www.city.ena.lg.jp/material/files/group/25/gomihyakka2025.pdf,34,https://www.city.ena.lg.jp/soshikiichiran/suidokankyobu/kankyoka/1/3/2/1741.html,2026-08-07,2025-04-01,2026-08-13,False
ena-358,ena,恵那市,双眼鏡,不燃ごみ,プラスチック製は可燃ごみ。,,恵那市ごみ百科事典（令和7年4月1日現在）,https://www.city.ena.lg.jp/material/files/group/25/gomihyakka2025.pdf,34,https://www.city.ena.lg.jp/soshikiichiran/suidokankyobu/kankyoka/1/3/2/1741.html,2026-08-07,2025-04-01,2026-08-13,False
ena-359,ena,恵那市,掃除機,不燃ごみ,紙パック、ごみを取り出し空にして出す。,,恵那市ごみ百科事典（令和7年4月1日現在）,https://www.city.ena.lg.jp/material/files/group/25/gomihyakka2025.pdf,34,https://www.city.ena.lg.jp/soshikiichiran/suidokankyobu/kankyoka/1/3/2/1741.html,2026-08-07,2025-04-01,2026-08-13,False
ena-360,ena,恵那市,ぞうり,不燃ごみ,布製品は可燃ごみ。,,恵那市ごみ百科事典（令和7年4月1日現在）,https://www.city.ena.lg.jp/material/files/group/25/gomihyakka2025.pdf,34,https://www.city.ena.lg.jp/soshikiichiran/suidokankyobu/kankyoka/1/3/2/1741.html,2026-08-07,2025-04-01,2026-08-13,False
ena-361,ena,恵那市,ソリ(雪ソリ),可燃ごみ,金属部分は不燃ごみ。,,恵那市ごみ百科事典（令和7年4月1日現在）,https://www.city.ena.lg.jp/material/files/group/25/gomihyakka2025.pdf,34,https://www.city.ena.lg.jp/soshikiichiran/suidokankyobu/kankyoka/1/3/2/1741.html,2026-08-07,2025-04-01,2026-08-13,False
ena-362,ena,恵那市,体温計,処理困難ごみ,詳細は24ページ参照。エコプラザ回収可。,,恵那市ごみ百科事典（令和7年4月1日現在）,https://www.city.ena.lg.jp/material/files/group/25/gomihyakka2025.pdf,34,https://www.city.ena.lg.jp/soshikiichiran/suidokankyobu/kankyoka/1/3/2/1741.html,2026-08-07,2025-04-01,2026-08-13,True
ena-363,ena,恵那市,体重計（ヘルスメーター）,不燃ごみ,電池は処理困難ごみ。,,恵那市ごみ百科事典（令和7年4月1日現在）,https://www.city.ena.lg.jp/material/files/group/25/gomihyakka2025.pdf,34,https://www.city.ena.lg.jp/soshikiichiran/suidokankyobu/kankyoka/1/3/2/1741.html,2026-08-07,2025-04-01,2026-08-13,False
ena-364,ena,恵那市,タイヤ（車・バイク用）,回収不可,販売店・ガソリンスタンドに問い合わせる。,,恵那市ごみ百科事典（令和7年4月1日現在）,https://www.city.ena.lg.jp/material/files/group/25/gomihyakka2025.pdf,34,https://www.city.ena.lg.jp/soshikiichiran/suidokankyobu/kankyoka/1/3/2/1741.html,2026-08-07,2025-04-01,2026-08-13,False
ena-365,ena,恵那市,タイヤ（自転車・作業用一輪車）,不燃ごみ,,,恵那市ごみ百科事典（令和7年4月1日現在）,https://www.city.ena.lg.jp/material/files/group/25/gomihyakka2025.pdf,34,https://www.city.ena.lg.jp/soshikiichiran/suidokankyobu/kankyoka/1/3/2/1741.html,2026-08-07,2025-04-01,2026-08-13,False
ena-366,ena,恵那市,タイヤチェーン,不燃ごみ,プラスチック製の容器は可燃ごみ。鎖のものはエコプラザ 回収可。,,恵那市ごみ百科事典（令和7年4月1日現在）,https://www.city.ena.lg.jp/material/files/group/25/gomihyakka2025.pdf,34,https://www.city.ena.lg.jp/soshikiichiran/suidokankyobu/kankyoka/1/3/2/1741.html,2026-08-07,2025-04-01,2026-08-13,True
ena-367,ena,恵那市,タイヤホイール,不燃ごみ,指定袋（大）に入れるか入らない時は１本につき１枚指定 袋（大）をつけて出す。エコプラザ回収可。,,恵那市ごみ百科事典（令和7年4月1日現在）,https://www.city.ena.lg.jp/material/files/group/25/gomihyakka2025.pdf,34,https://www.city.ena.lg.jp/soshikiichiran/suidokankyobu/kankyoka/1/3/2/1741.html,2026-08-07,2025-04-01,2026-08-13,True
ena-368,ena,恵那市,タイル,粗大ごみ,1回の持込みは軽トラック1台分まで。個人作業で出たもの に限る。,,恵那市ごみ百科事典（令和7年4月1日現在）,https://www.city.ena.lg.jp/material/files/group/25/gomihyakka2025.pdf,34,https://www.city.ena.lg.jp/soshikiichiran/suidokankyobu/kankyoka/1/3/2/1741.html,2026-08-07,2025-04-01,2026-08-13,False
ena-369,ena,恵那市,タオルケット,可燃ごみ,50㎝以内に切って出す。処理施設に直接搬入する場合は切 らなくてもよい。,,恵那市ごみ百科事典（令和7年4月1日現在）,https://www.city.ena.lg.jp/material/files/group/25/gomihyakka2025.pdf,34,https://www.city.ena.lg.jp/soshikiichiran/suidokankyobu/kankyoka/1/3/2/1741.html,2026-08-07,2025-04-01,2026-08-13,False
ena-370,ena,恵那市,竹,可燃ごみ,80㎝以内に切って出す。,,恵那市ごみ百科事典（令和7年4月1日現在）,https://www.city.ena.lg.jp/material/files/group/25/gomihyakka2025.pdf,34,https://www.city.ena.lg.jp/soshikiichiran/suidokankyobu/kankyoka/1/3/2/1741.html,2026-08-07,2025-04-01,2026-08-13,False
ena-371,ena,恵那市,畳,粗大ごみ,処理施設へ直接搬入。,,恵那市ごみ百科事典（令和7年4月1日現在）,https://www.city.ena.lg.jp/material/files/group/25/gomihyakka2025.pdf,34,https://www.city.ena.lg.jp/soshikiichiran/suidokankyobu/kankyoka/1/3/2/1741.html,2026-08-07,2025-04-01,2026-08-13,False
ena-372,ena,恵那市,脱酸素剤（鉄粉）,不燃ごみ,,,恵那市ごみ百科事典（令和7年4月1日現在）,https://www.city.ena.lg.jp/material/files/group/25/gomihyakka2025.pdf,34,https://www.city.ena.lg.jp/soshikiichiran/suidokankyobu/kankyoka/1/3/2/1741.html,2026-08-07,2025-04-01,2026-08-13,False
ena-373,ena,恵那市,脱臭剤,可燃ごみ,,,恵那市ごみ百科事典（令和7年4月1日現在）,https://www.city.ena.lg.jp/material/files/group/25/gomihyakka2025.pdf,34,https://www.city.ena.lg.jp/soshikiichiran/suidokankyobu/kankyoka/1/3/2/1741.html,2026-08-07,2025-04-01,2026-08-13,False
ena-374,ena,恵那市,タブレット,不燃ごみ,エコプラザ回収可。,,恵那市ごみ百科事典（令和7年4月1日現在）,https://www.city.ena.lg.jp/material/files/group/25/gomihyakka2025.pdf,34,https://www.city.ena.lg.jp/soshikiichiran/suidokankyobu/kankyoka/1/3/2/1741.html,2026-08-07,2025-04-01,2026-08-13,True
ena-375,ena,恵那市,卵の殻,可燃ごみ,,,恵那市ごみ百科事典（令和7年4月1日現在）,https://www.city.ena.lg.jp/material/files/group/25/gomihyakka2025.pdf,34,https://www.city.ena.lg.jp/soshikiichiran/suidokankyobu/kankyoka/1/3/2/1741.html,2026-08-07,2025-04-01,2026-08-13,False
ena-376,ena,恵那市,たも網,可燃ごみ,金属部分は不燃ごみ。,,恵那市ごみ百科事典（令和7年4月1日現在）,https://www.city.ena.lg.jp/material/files/group/25/gomihyakka2025.pdf,34,https://www.city.ena.lg.jp/soshikiichiran/suidokankyobu/kankyoka/1/3/2/1741.html,2026-08-07,2025-04-01,2026-08-13,False
ena-377,ena,恵那市,(cid:7738)(木･プラスチック製),可燃ごみ,金属部分は不燃ごみ。,,恵那市ごみ百科事典（令和7年4月1日現在）,https://www.city.ena.lg.jp/material/files/group/25/gomihyakka2025.pdf,34,https://www.city.ena.lg.jp/soshikiichiran/suidokankyobu/kankyoka/1/3/2/1741.html,2026-08-07,2025-04-01,2026-08-13,False
ena-378,ena,恵那市,たわし,不燃ごみ,スポンジ・プラスチック製品は可燃ごみ。,,恵那市ごみ百科事典（令和7年4月1日現在）,https://www.city.ena.lg.jp/material/files/group/25/gomihyakka2025.pdf,34,https://www.city.ena.lg.jp/soshikiichiran/suidokankyobu/kankyoka/1/3/2/1741.html,2026-08-07,2025-04-01,2026-08-13,False
ena-379,ena,恵那市,単車（バイク）,回収不可,販売店へ問い合わせる。,,恵那市ごみ百科事典（令和7年4月1日現在）,https://www.city.ena.lg.jp/material/files/group/25/gomihyakka2025.pdf,34,https://www.city.ena.lg.jp/soshikiichiran/suidokankyobu/kankyoka/1/3/2/1741.html,2026-08-07,2025-04-01,2026-08-13,False
ena-380,ena,恵那市,たんす(木製),粗大ごみ,可燃ごみで出す場合は50㎝以内にする。50㎝以内にでき ない場合は直接処理施設に持ち込む。,,恵那市ごみ百科事典（令和7年4月1日現在）,https://www.city.ena.lg.jp/material/files/group/25/gomihyakka2025.pdf,34,https://www.city.ena.lg.jp/soshikiichiran/suidokankyobu/kankyoka/1/3/2/1741.html,2026-08-07,2025-04-01,2026-08-13,False
ena-381,ena,恵那市,断熱材（グラスウール）,粗大ごみ,1回の持込みは軽トラック1台分まで。個人作業で出たもの に限る。,,恵那市ごみ百科事典（令和7年4月1日現在）,https://www.city.ena.lg.jp/material/files/group/25/gomihyakka2025.pdf,34,https://www.city.ena.lg.jp/soshikiichiran/suidokankyobu/kankyoka/1/3/2/1741.html,2026-08-07,2025-04-01,2026-08-13,False
ena-382,ena,恵那市,ダンベル（バーベル）,不燃ごみ,1ｍを超えるものは直接処理施設に持ち込む。金属製はエ コプラザ回収可。,,恵那市ごみ百科事典（令和7年4月1日現在）,https://www.city.ena.lg.jp/material/files/group/25/gomihyakka2025.pdf,34,https://www.city.ena.lg.jp/soshikiichiran/suidokankyobu/kankyoka/1/3/2/1741.html,2026-08-07,2025-04-01,2026-08-13,False
ena-383,ena,恵那市,段ボール,資源ごみ,資源回収または拠点回収に出す。資源とならないものは可 燃ごみ。,,恵那市ごみ百科事典（令和7年4月1日現在）,https://www.city.ena.lg.jp/material/files/group/25/gomihyakka2025.pdf,34,https://www.city.ena.lg.jp/soshikiichiran/suidokankyobu/kankyoka/1/3/2/1741.html,2026-08-07,2025-04-01,2026-08-13,False
ena-384,ena,恵那市,チェーンソー,不燃ごみ,燃料を抜いて出す。刃も不燃ごみ。,,恵那市ごみ百科事典（令和7年4月1日現在）,https://www.city.ena.lg.jp/material/files/group/25/gomihyakka2025.pdf,34,https://www.city.ena.lg.jp/soshikiichiran/suidokankyobu/kankyoka/1/3/2/1741.html,2026-08-07,2025-04-01,2026-08-13,False
ena-385,ena,恵那市,チャイルドシート,不燃ごみ,布部分は可燃ごみ。分別して出す。,,恵那市ごみ百科事典（令和7年4月1日現在）,https://www.city.ena.lg.jp/material/files/group/25/gomihyakka2025.pdf,34,https://www.city.ena.lg.jp/soshikiichiran/suidokankyobu/kankyoka/1/3/2/1741.html,2026-08-07,2025-04-01,2026-08-13,False
ena-386,ena,恵那市,茶がら,可燃ごみ,十分に水切りをして出す。,,恵那市ごみ百科事典（令和7年4月1日現在）,https://www.city.ena.lg.jp/material/files/group/25/gomihyakka2025.pdf,34,https://www.city.ena.lg.jp/soshikiichiran/suidokankyobu/kankyoka/1/3/2/1741.html,2026-08-07,2025-04-01,2026-08-13,False
ena-387,ena,恵那市,茶わん,不燃ごみ,木･プラスチック製品は可燃ごみ。,,恵那市ごみ百科事典（令和7年4月1日現在）,https://www.city.ena.lg.jp/material/files/group/25/gomihyakka2025.pdf,34,https://www.city.ena.lg.jp/soshikiichiran/suidokankyobu/kankyoka/1/3/2/1741.html,2026-08-07,2025-04-01,2026-08-13,False
ena-388,ena,恵那市,注射器,回収不可,調剤薬局または医療機関にお問い合わせください。,,恵那市ごみ百科事典（令和7年4月1日現在）,https://www.city.ena.lg.jp/material/files/group/25/gomihyakka2025.pdf,34,https://www.city.ena.lg.jp/soshikiichiran/suidokankyobu/kankyoka/1/3/2/1741.html,2026-08-07,2025-04-01,2026-08-13,False
ena-389,ena,恵那市,注射針,回収不可,調剤薬局または医療機関にお問い合わせください。,,恵那市ごみ百科事典（令和7年4月1日現在）,https://www.city.ena.lg.jp/material/files/group/25/gomihyakka2025.pdf,34,https://www.city.ena.lg.jp/soshikiichiran/suidokankyobu/kankyoka/1/3/2/1741.html,2026-08-07,2025-04-01,2026-08-13,False
ena-390,ena,恵那市,チューナーレステレビ,不燃ごみ,テレビチューナーを内蔵していないものは家電リサイクル 対象外です。,,恵那市ごみ百科事典（令和7年4月1日現在）,https://www.city.ena.lg.jp/material/files/group/25/gomihyakka2025.pdf,34,https://www.city.ena.lg.jp/soshikiichiran/suidokankyobu/kankyoka/1/3/2/1741.html,2026-08-07,2025-04-01,2026-08-13,False
ena-391,ena,恵那市,チューブ,可燃ごみ,金属部分は不燃ごみ。,,恵那市ごみ百科事典（令和7年4月1日現在）,https://www.city.ena.lg.jp/material/files/group/25/gomihyakka2025.pdf,34,https://www.city.ena.lg.jp/soshikiichiran/suidokankyobu/kankyoka/1/3/2/1741.html,2026-08-07,2025-04-01,2026-08-13,False
ena-392,ena,恵那市,ちょうちん,可燃ごみ,金属部分は不燃ごみ。,,恵那市ごみ百科事典（令和7年4月1日現在）,https://www.city.ena.lg.jp/material/files/group/25/gomihyakka2025.pdf,34,https://www.city.ena.lg.jp/soshikiichiran/suidokankyobu/kankyoka/1/3/2/1741.html,2026-08-07,2025-04-01,2026-08-13,False
ena-393,ena,恵那市,チョーク,可燃ごみ,,,恵那市ごみ百科事典（令和7年4月1日現在）,https://www.city.ena.lg.jp/material/files/group/25/gomihyakka2025.pdf,34,https://www.city.ena.lg.jp/soshikiichiran/suidokankyobu/kankyoka/1/3/2/1741.html,2026-08-07,2025-04-01,2026-08-13,False
ena-394,ena,恵那市,チラシ(新聞折り込み),資源ごみ,資源回収または拠点回収に出す。資源とならないものは可 燃ごみ。新聞紙と分別必要。,,恵那市ごみ百科事典（令和7年4月1日現在）,https://www.city.ena.lg.jp/material/files/group/25/gomihyakka2025.pdf,34,https://www.city.ena.lg.jp/soshikiichiran/suidokankyobu/kankyoka/1/3/2/1741.html,2026-08-07,2025-04-01,2026-08-13,False
ena-395,ena,恵那市,ちりとり,可燃ごみ,金属部分は不燃ごみ。,,恵那市ごみ百科事典（令和7年4月1日現在）,https://www.city.ena.lg.jp/material/files/group/25/gomihyakka2025.pdf,34,https://www.city.ena.lg.jp/soshikiichiran/suidokankyobu/kankyoka/1/3/2/1741.html,2026-08-07,2025-04-01,2026-08-13,False
ena-396,ena,恵那市,使い捨てカメラ（レンズ付きフィルム）,不燃ごみ,電池は処理困難ごみ。,,恵那市ごみ百科事典（令和7年4月1日現在）,https://www.city.ena.lg.jp/material/files/group/25/gomihyakka2025.pdf,34,https://www.city.ena.lg.jp/soshikiichiran/suidokankyobu/kankyoka/1/3/2/1741.html,2026-08-07,2025-04-01,2026-08-13,False
ena-397,ena,恵那市,机(木製),粗大ごみ,ステーションに出す場合は可燃と不燃に分け、可燃は50㎝ 以内・不燃は1ｍ以内にして出す。小さくできない場合は 直接処理施設に持ち込む。,,恵那市ごみ百科事典（令和7年4月1日現在）,https://www.city.ena.lg.jp/material/files/group/25/gomihyakka2025.pdf,34,https://www.city.ena.lg.jp/soshikiichiran/suidokankyobu/kankyoka/1/3/2/1741.html,2026-08-07,2025-04-01,2026-08-13,False
ena-398,ena,恵那市,漬け物石,回収不可,コンクリート製品は直接処理施設に持ち込む。,,恵那市ごみ百科事典（令和7年4月1日現在）,https://www.city.ena.lg.jp/material/files/group/25/gomihyakka2025.pdf,34,https://www.city.ena.lg.jp/soshikiichiran/suidokankyobu/kankyoka/1/3/2/1741.html,2026-08-07,2025-04-01,2026-08-13,False
ena-399,ena,恵那市,壷（つぼ）,不燃ごみ,木・プラスチック製品は可燃ごみ。,,恵那市ごみ百科事典（令和7年4月1日現在）,https://www.city.ena.lg.jp/material/files/group/25/gomihyakka2025.pdf,34,https://www.city.ena.lg.jp/soshikiichiran/suidokankyobu/kankyoka/1/3/2/1741.html,2026-08-07,2025-04-01,2026-08-13,False
ena-400,ena,恵那市,積み木,可燃ごみ,金属部分は不燃ごみ。,,恵那市ごみ百科事典（令和7年4月1日現在）,https://www.city.ena.lg.jp/material/files/group/25/gomihyakka2025.pdf,34,https://www.city.ena.lg.jp/soshikiichiran/suidokankyobu/kankyoka/1/3/2/1741.html,2026-08-07,2025-04-01,2026-08-13,False
ena-401,ena,恵那市,つめ切り,不燃ごみ,,,恵那市ごみ百科事典（令和7年4月1日現在）,https://www.city.ena.lg.jp/material/files/group/25/gomihyakka2025.pdf,35,https://www.city.ena.lg.jp/soshikiichiran/suidokankyobu/kankyoka/1/3/2/1741.html,2026-08-07,2025-04-01,2026-08-13,False
ena-402,ena,恵那市,釣り糸,可燃ごみ,50㎝以内に切って出す。,,恵那市ごみ百科事典（令和7年4月1日現在）,https://www.city.ena.lg.jp/material/files/group/25/gomihyakka2025.pdf,35,https://www.city.ena.lg.jp/soshikiichiran/suidokankyobu/kankyoka/1/3/2/1741.html,2026-08-07,2025-04-01,2026-08-13,False
ena-403,ena,恵那市,釣りざお(グラスファイバー製),不燃ごみ,竹製のさおは80㎝以内に切って可燃ごみ。袋に入らない場 合は指定袋（大）をつける。80㎝以内にできない場合は直 接処理施設に持ち込む。,,恵那市ごみ百科事典（令和7年4月1日現在）,https://www.city.ena.lg.jp/material/files/group/25/gomihyakka2025.pdf,35,https://www.city.ena.lg.jp/soshikiichiran/suidokankyobu/kankyoka/1/3/2/1741.html,2026-08-07,2025-04-01,2026-08-13,False
ena-404,ena,恵那市,釣り針,不燃ごみ,ガムテープ等で覆い「針」と明記する。,,恵那市ごみ百科事典（令和7年4月1日現在）,https://www.city.ena.lg.jp/material/files/group/25/gomihyakka2025.pdf,35,https://www.city.ena.lg.jp/soshikiichiran/suidokankyobu/kankyoka/1/3/2/1741.html,2026-08-07,2025-04-01,2026-08-13,False
ena-405,ena,恵那市,釣り用リール,不燃ごみ,糸は50㎝以内に切って可燃ごみ。,,恵那市ごみ百科事典（令和7年4月1日現在）,https://www.city.ena.lg.jp/material/files/group/25/gomihyakka2025.pdf,35,https://www.city.ena.lg.jp/soshikiichiran/suidokankyobu/kankyoka/1/3/2/1741.html,2026-08-07,2025-04-01,2026-08-13,False
ena-406,ena,恵那市,ティッシュペーパーの箱,資源ごみ,資源回収または拠点回収に出す（エコプラザ回収可）。資源 とならないものは（ビニール部分）可燃ごみ。,,恵那市ごみ百科事典（令和7年4月1日現在）,https://www.city.ena.lg.jp/material/files/group/25/gomihyakka2025.pdf,35,https://www.city.ena.lg.jp/soshikiichiran/suidokankyobu/kankyoka/1/3/2/1741.html,2026-08-07,2025-04-01,2026-08-13,True
ena-407,ena,恵那市,ＤＶＤ,可燃ごみ,エコプラザ回収可。,,恵那市ごみ百科事典（令和7年4月1日現在）,https://www.city.ena.lg.jp/material/files/group/25/gomihyakka2025.pdf,35,https://www.city.ena.lg.jp/soshikiichiran/suidokankyobu/kankyoka/1/3/2/1741.html,2026-08-07,2025-04-01,2026-08-13,True
ena-408,ena,恵那市,ＤＶＤプレーヤー・レコーダー,不燃ごみ,,,恵那市ごみ百科事典（令和7年4月1日現在）,https://www.city.ena.lg.jp/material/files/group/25/gomihyakka2025.pdf,35,https://www.city.ena.lg.jp/soshikiichiran/suidokankyobu/kankyoka/1/3/2/1741.html,2026-08-07,2025-04-01,2026-08-13,False
ena-409,ena,恵那市,テーブルクロス,可燃ごみ,50㎝以内に切って出す。処理施設に直接搬入する場合は切 らなくてもよい。,,恵那市ごみ百科事典（令和7年4月1日現在）,https://www.city.ena.lg.jp/material/files/group/25/gomihyakka2025.pdf,35,https://www.city.ena.lg.jp/soshikiichiran/suidokankyobu/kankyoka/1/3/2/1741.html,2026-08-07,2025-04-01,2026-08-13,False
ena-410,ena,恵那市,デスクマット,可燃ごみ,50㎝以内に切って出す。,,恵那市ごみ百科事典（令和7年4月1日現在）,https://www.city.ena.lg.jp/material/files/group/25/gomihyakka2025.pdf,35,https://www.city.ena.lg.jp/soshikiichiran/suidokankyobu/kankyoka/1/3/2/1741.html,2026-08-07,2025-04-01,2026-08-13,False
ena-411,ena,恵那市,鉄アレイ,不燃ごみ,エコプラザ回収可。,,恵那市ごみ百科事典（令和7年4月1日現在）,https://www.city.ena.lg.jp/material/files/group/25/gomihyakka2025.pdf,35,https://www.city.ena.lg.jp/soshikiichiran/suidokankyobu/kankyoka/1/3/2/1741.html,2026-08-07,2025-04-01,2026-08-13,True
ena-412,ena,恵那市,テニスボール,可燃ごみ,,,恵那市ごみ百科事典（令和7年4月1日現在）,https://www.city.ena.lg.jp/material/files/group/25/gomihyakka2025.pdf,35,https://www.city.ena.lg.jp/soshikiichiran/suidokankyobu/kankyoka/1/3/2/1741.html,2026-08-07,2025-04-01,2026-08-13,False
ena-413,ena,恵那市,テニスラケット(木･プラスチック製),可燃ごみ,金属部分は不燃ごみ。,,恵那市ごみ百科事典（令和7年4月1日現在）,https://www.city.ena.lg.jp/material/files/group/25/gomihyakka2025.pdf,35,https://www.city.ena.lg.jp/soshikiichiran/suidokankyobu/kankyoka/1/3/2/1741.html,2026-08-07,2025-04-01,2026-08-13,False
ena-414,ena,恵那市,テレビ,家電リサイクル,詳細は11・12ページ参照。,,恵那市ごみ百科事典（令和7年4月1日現在）,https://www.city.ena.lg.jp/material/files/group/25/gomihyakka2025.pdf,35,https://www.city.ena.lg.jp/soshikiichiran/suidokankyobu/kankyoka/1/3/2/1741.html,2026-08-07,2025-04-01,2026-08-13,False
ena-415,ena,恵那市,テレビ台,粗大ごみ,ステーションに出す場合は可燃と不燃に分け、可燃は50㎝ 以内・不燃は1ｍ以内にして出す。小さくできない場合は 直接処理施設に持ち込む。,,恵那市ごみ百科事典（令和7年4月1日現在）,https://www.city.ena.lg.jp/material/files/group/25/gomihyakka2025.pdf,35,https://www.city.ena.lg.jp/soshikiichiran/suidokankyobu/kankyoka/1/3/2/1741.html,2026-08-07,2025-04-01,2026-08-13,False
ena-416,ena,恵那市,テレホンカード,可燃ごみ,,,恵那市ごみ百科事典（令和7年4月1日現在）,https://www.city.ena.lg.jp/material/files/group/25/gomihyakka2025.pdf,35,https://www.city.ena.lg.jp/soshikiichiran/suidokankyobu/kankyoka/1/3/2/1741.html,2026-08-07,2025-04-01,2026-08-13,False
ena-417,ena,恵那市,電気温水器,粗大ごみ,不燃ごみで出す場合は1m以内にする。1m以内にできない 場合は直接処理施設に持ち込む。,,恵那市ごみ百科事典（令和7年4月1日現在）,https://www.city.ena.lg.jp/material/files/group/25/gomihyakka2025.pdf,35,https://www.city.ena.lg.jp/soshikiichiran/suidokankyobu/kankyoka/1/3/2/1741.html,2026-08-07,2025-04-01,2026-08-13,False
ena-418,ena,恵那市,電気カーペット,不燃ごみ,1ｍ以内にして縛って出す。袋に入らない場合は指定袋（大） をつける。,,恵那市ごみ百科事典（令和7年4月1日現在）,https://www.city.ena.lg.jp/material/files/group/25/gomihyakka2025.pdf,35,https://www.city.ena.lg.jp/soshikiichiran/suidokankyobu/kankyoka/1/3/2/1741.html,2026-08-07,2025-04-01,2026-08-13,False
ena-419,ena,恵那市,電気蚊とり器,不燃ごみ,,,恵那市ごみ百科事典（令和7年4月1日現在）,https://www.city.ena.lg.jp/material/files/group/25/gomihyakka2025.pdf,35,https://www.city.ena.lg.jp/soshikiichiran/suidokankyobu/kankyoka/1/3/2/1741.html,2026-08-07,2025-04-01,2026-08-13,False
ena-420,ena,恵那市,電気カミソリ,不燃ごみ,電池は処理困難ごみ。,,恵那市ごみ百科事典（令和7年4月1日現在）,https://www.city.ena.lg.jp/material/files/group/25/gomihyakka2025.pdf,35,https://www.city.ena.lg.jp/soshikiichiran/suidokankyobu/kankyoka/1/3/2/1741.html,2026-08-07,2025-04-01,2026-08-13,False
ena-421,ena,恵那市,電気コード,不燃ごみ,エコプラザ回収可。,,恵那市ごみ百科事典（令和7年4月1日現在）,https://www.city.ena.lg.jp/material/files/group/25/gomihyakka2025.pdf,35,https://www.city.ena.lg.jp/soshikiichiran/suidokankyobu/kankyoka/1/3/2/1741.html,2026-08-07,2025-04-01,2026-08-13,True
ena-422,ena,恵那市,電気こたつ,粗大ごみ,ステーションに出す場合は可燃と不燃に分け、可燃は50㎝ 以内・不燃は1ｍ以内にして出す。小さくできない場合は 直接処理施設に持ち込む。,,恵那市ごみ百科事典（令和7年4月1日現在）,https://www.city.ena.lg.jp/material/files/group/25/gomihyakka2025.pdf,35,https://www.city.ena.lg.jp/soshikiichiran/suidokankyobu/kankyoka/1/3/2/1741.html,2026-08-07,2025-04-01,2026-08-13,False
ena-423,ena,恵那市,電気スタンド,不燃ごみ,蛍光管類は処理困難ごみ。,,恵那市ごみ百科事典（令和7年4月1日現在）,https://www.city.ena.lg.jp/material/files/group/25/gomihyakka2025.pdf,35,https://www.city.ena.lg.jp/soshikiichiran/suidokankyobu/kankyoka/1/3/2/1741.html,2026-08-07,2025-04-01,2026-08-13,False
ena-424,ena,恵那市,電気ポット,不燃ごみ,中に他のごみを入れない。,,恵那市ごみ百科事典（令和7年4月1日現在）,https://www.city.ena.lg.jp/material/files/group/25/gomihyakka2025.pdf,35,https://www.city.ena.lg.jp/soshikiichiran/suidokankyobu/kankyoka/1/3/2/1741.html,2026-08-07,2025-04-01,2026-08-13,False
ena-425,ena,恵那市,電気毛布・敷パッド,不燃ごみ,1ｍ以内にして縛って出す。袋に入らない場合は指定袋（大） をつける。,,恵那市ごみ百科事典（令和7年4月1日現在）,https://www.city.ena.lg.jp/material/files/group/25/gomihyakka2025.pdf,35,https://www.city.ena.lg.jp/soshikiichiran/suidokankyobu/kankyoka/1/3/2/1741.html,2026-08-07,2025-04-01,2026-08-13,False
ena-426,ena,恵那市,電球,不燃ごみ,蛍光管は処理困難ごみ。,,恵那市ごみ百科事典（令和7年4月1日現在）,https://www.city.ena.lg.jp/material/files/group/25/gomihyakka2025.pdf,35,https://www.city.ena.lg.jp/soshikiichiran/suidokankyobu/kankyoka/1/3/2/1741.html,2026-08-07,2025-04-01,2026-08-13,False
ena-427,ena,恵那市,電子辞書,不燃ごみ,,,恵那市ごみ百科事典（令和7年4月1日現在）,https://www.city.ena.lg.jp/material/files/group/25/gomihyakka2025.pdf,35,https://www.city.ena.lg.jp/soshikiichiran/suidokankyobu/kankyoka/1/3/2/1741.html,2026-08-07,2025-04-01,2026-08-13,False
ena-428,ena,恵那市,電子体温計,処理困難ごみ,詳細は24ページ参照。,,恵那市ごみ百科事典（令和7年4月1日現在）,https://www.city.ena.lg.jp/material/files/group/25/gomihyakka2025.pdf,35,https://www.city.ena.lg.jp/soshikiichiran/suidokankyobu/kankyoka/1/3/2/1741.html,2026-08-07,2025-04-01,2026-08-13,False
ena-429,ena,恵那市,電子タバコ,処理困難ごみ,詳細は24ページ参照。,,恵那市ごみ百科事典（令和7年4月1日現在）,https://www.city.ena.lg.jp/material/files/group/25/gomihyakka2025.pdf,35,https://www.city.ena.lg.jp/soshikiichiran/suidokankyobu/kankyoka/1/3/2/1741.html,2026-08-07,2025-04-01,2026-08-13,False
ena-430,ena,恵那市,電子ピアノ,粗大ごみ,不燃ごみで出す場合は1m以内にする。1m以内にできない 場合は直接処理施設に持ち込む。,,恵那市ごみ百科事典（令和7年4月1日現在）,https://www.city.ena.lg.jp/material/files/group/25/gomihyakka2025.pdf,35,https://www.city.ena.lg.jp/soshikiichiran/suidokankyobu/kankyoka/1/3/2/1741.html,2026-08-07,2025-04-01,2026-08-13,False
ena-431,ena,恵那市,電子レンジ,不燃ごみ,指定袋に入れるか、入らない場合は指定袋（大）をつける。 中に他のごみを入れない。,,恵那市ごみ百科事典（令和7年4月1日現在）,https://www.city.ena.lg.jp/material/files/group/25/gomihyakka2025.pdf,35,https://www.city.ena.lg.jp/soshikiichiran/suidokankyobu/kankyoka/1/3/2/1741.html,2026-08-07,2025-04-01,2026-08-13,False
ena-432,ena,恵那市,天体望遠鏡,不燃ごみ,長さ1m以内にして出す。袋に入らない場合は指定袋（大） をつける。1ｍ以内にできない場合は直接処理施設に持ち 込む。,,恵那市ごみ百科事典（令和7年4月1日現在）,https://www.city.ena.lg.jp/material/files/group/25/gomihyakka2025.pdf,35,https://www.city.ena.lg.jp/soshikiichiran/suidokankyobu/kankyoka/1/3/2/1741.html,2026-08-07,2025-04-01,2026-08-13,False
ena-433,ena,恵那市,電卓,不燃ごみ,電池は処理困難ごみ。,,恵那市ごみ百科事典（令和7年4月1日現在）,https://www.city.ena.lg.jp/material/files/group/25/gomihyakka2025.pdf,35,https://www.city.ena.lg.jp/soshikiichiran/suidokankyobu/kankyoka/1/3/2/1741.html,2026-08-07,2025-04-01,2026-08-13,False
ena-434,ena,恵那市,電池・電池パック,処理困難ごみ,詳細は24ページ参照。エコプラザ回収可。,,恵那市ごみ百科事典（令和7年4月1日現在）,https://www.city.ena.lg.jp/material/files/group/25/gomihyakka2025.pdf,35,https://www.city.ena.lg.jp/soshikiichiran/suidokankyobu/kankyoka/1/3/2/1741.html,2026-08-07,2025-04-01,2026-08-13,True
ena-435,ena,恵那市,テント,可燃ごみ,50㎝以内に切って出す。金属部分は不燃ごみ。,,恵那市ごみ百科事典（令和7年4月1日現在）,https://www.city.ena.lg.jp/material/files/group/25/gomihyakka2025.pdf,35,https://www.city.ena.lg.jp/soshikiichiran/suidokankyobu/kankyoka/1/3/2/1741.html,2026-08-07,2025-04-01,2026-08-13,False
ena-436,ena,恵那市,テント(支柱),不燃ごみ,1ｍ以内にして出す。袋に入らない場合は指定袋（大）をつ ける。1ｍ以内にできない場合は直接処理施設に持ち込む。,,恵那市ごみ百科事典（令和7年4月1日現在）,https://www.city.ena.lg.jp/material/files/group/25/gomihyakka2025.pdf,35,https://www.city.ena.lg.jp/soshikiichiran/suidokankyobu/kankyoka/1/3/2/1741.html,2026-08-07,2025-04-01,2026-08-13,False
ena-437,ena,恵那市,電動ドライバー,不燃ごみ,バッテリーは外して処理困難ごみ。,,恵那市ごみ百科事典（令和7年4月1日現在）,https://www.city.ena.lg.jp/material/files/group/25/gomihyakka2025.pdf,35,https://www.city.ena.lg.jp/soshikiichiran/suidokankyobu/kankyoka/1/3/2/1741.html,2026-08-07,2025-04-01,2026-08-13,False
ena-438,ena,恵那市,電動ドリル,不燃ごみ,バッテリーは外して処理困難ごみ。,,恵那市ごみ百科事典（令和7年4月1日現在）,https://www.city.ena.lg.jp/material/files/group/25/gomihyakka2025.pdf,35,https://www.city.ena.lg.jp/soshikiichiran/suidokankyobu/kankyoka/1/3/2/1741.html,2026-08-07,2025-04-01,2026-08-13,False
ena-439,ena,恵那市,電動ハブラシ,不燃ごみ,電池は処理困難ごみ。,,恵那市ごみ百科事典（令和7年4月1日現在）,https://www.city.ena.lg.jp/material/files/group/25/gomihyakka2025.pdf,35,https://www.city.ena.lg.jp/soshikiichiran/suidokankyobu/kankyoka/1/3/2/1741.html,2026-08-07,2025-04-01,2026-08-13,False
ena-440,ena,恵那市,電動ベッド,粗大ごみ,処理施設へ直接搬入。,,恵那市ごみ百科事典（令和7年4月1日現在）,https://www.city.ena.lg.jp/material/files/group/25/gomihyakka2025.pdf,35,https://www.city.ena.lg.jp/soshikiichiran/suidokankyobu/kankyoka/1/3/2/1741.html,2026-08-07,2025-04-01,2026-08-13,False
ena-441,ena,恵那市,電牧・電柵,不燃ごみ,,,恵那市ごみ百科事典（令和7年4月1日現在）,https://www.city.ena.lg.jp/material/files/group/25/gomihyakka2025.pdf,35,https://www.city.ena.lg.jp/soshikiichiran/suidokankyobu/kankyoka/1/3/2/1741.html,2026-08-07,2025-04-01,2026-08-13,False
ena-442,ena,恵那市,電話機,不燃ごみ,,,恵那市ごみ百科事典（令和7年4月1日現在）,https://www.city.ena.lg.jp/material/files/group/25/gomihyakka2025.pdf,35,https://www.city.ena.lg.jp/soshikiichiran/suidokankyobu/kankyoka/1/3/2/1741.html,2026-08-07,2025-04-01,2026-08-13,False
ena-443,ena,恵那市,ドア,粗大ごみ,木製の物をステーションに出す時は50㎝以内にする。50 ㎝以内にできない場合は直接処理施設に持ち込む。,,恵那市ごみ百科事典（令和7年4月1日現在）,https://www.city.ena.lg.jp/material/files/group/25/gomihyakka2025.pdf,35,https://www.city.ena.lg.jp/soshikiichiran/suidokankyobu/kankyoka/1/3/2/1741.html,2026-08-07,2025-04-01,2026-08-13,False
ena-444,ena,恵那市,ドアノブ,不燃ごみ,,,恵那市ごみ百科事典（令和7年4月1日現在）,https://www.city.ena.lg.jp/material/files/group/25/gomihyakka2025.pdf,36,https://www.city.ena.lg.jp/soshikiichiran/suidokankyobu/kankyoka/1/3/2/1741.html,2026-08-07,2025-04-01,2026-08-13,False
ena-445,ena,恵那市,投網(とあみ),不燃ごみ,1ｍ以内にして出す。1ｍ以内にできない場合は直接処理施 設に持ち込む。,,恵那市ごみ百科事典（令和7年4月1日現在）,https://www.city.ena.lg.jp/material/files/group/25/gomihyakka2025.pdf,36,https://www.city.ena.lg.jp/soshikiichiran/suidokankyobu/kankyoka/1/3/2/1741.html,2026-08-07,2025-04-01,2026-08-13,False
ena-446,ena,恵那市,と石,回収不可,,,恵那市ごみ百科事典（令和7年4月1日現在）,https://www.city.ena.lg.jp/material/files/group/25/gomihyakka2025.pdf,36,https://www.city.ena.lg.jp/soshikiichiran/suidokankyobu/kankyoka/1/3/2/1741.html,2026-08-07,2025-04-01,2026-08-13,False
ena-447,ena,恵那市,トイレットペーパーの芯,資源ごみ,資源回収または拠点回収に出す（エコプラザ回収可）。資源 とならないものは可燃ごみ。,,恵那市ごみ百科事典（令和7年4月1日現在）,https://www.city.ena.lg.jp/material/files/group/25/gomihyakka2025.pdf,36,https://www.city.ena.lg.jp/soshikiichiran/suidokankyobu/kankyoka/1/3/2/1741.html,2026-08-07,2025-04-01,2026-08-13,True
ena-448,ena,恵那市,陶磁器類,不燃ごみ,段ボール等に入れず。指定袋に入れて出す。,,恵那市ごみ百科事典（令和7年4月1日現在）,https://www.city.ena.lg.jp/material/files/group/25/gomihyakka2025.pdf,36,https://www.city.ena.lg.jp/soshikiichiran/suidokankyobu/kankyoka/1/3/2/1741.html,2026-08-07,2025-04-01,2026-08-13,False
ena-449,ena,恵那市,灯油用ポリタンク,可燃ごみ,油を取り除いて出す。,,恵那市ごみ百科事典（令和7年4月1日現在）,https://www.city.ena.lg.jp/material/files/group/25/gomihyakka2025.pdf,36,https://www.city.ena.lg.jp/soshikiichiran/suidokankyobu/kankyoka/1/3/2/1741.html,2026-08-07,2025-04-01,2026-08-13,False
ena-450,ena,恵那市,トースター,不燃ごみ,中に他のごみを入れない。,,恵那市ごみ百科事典（令和7年4月1日現在）,https://www.city.ena.lg.jp/material/files/group/25/gomihyakka2025.pdf,36,https://www.city.ena.lg.jp/soshikiichiran/suidokankyobu/kankyoka/1/3/2/1741.html,2026-08-07,2025-04-01,2026-08-13,False
ena-451,ena,恵那市,時計,不燃ごみ,電池は処理困難ごみ。,,恵那市ごみ百科事典（令和7年4月1日現在）,https://www.city.ena.lg.jp/material/files/group/25/gomihyakka2025.pdf,36,https://www.city.ena.lg.jp/soshikiichiran/suidokankyobu/kankyoka/1/3/2/1741.html,2026-08-07,2025-04-01,2026-08-13,False
ena-452,ena,恵那市,土砂,回収不可,,,恵那市ごみ百科事典（令和7年4月1日現在）,https://www.city.ena.lg.jp/material/files/group/25/gomihyakka2025.pdf,36,https://www.city.ena.lg.jp/soshikiichiran/suidokankyobu/kankyoka/1/3/2/1741.html,2026-08-07,2025-04-01,2026-08-13,False
ena-453,ena,恵那市,トタン板,粗大ごみ,不燃ごみで出す場合は1m以内にする。1m以内にできない 場合は直接処理施設に持ち込む（エコプラザ可）。,,恵那市ごみ百科事典（令和7年4月1日現在）,https://www.city.ena.lg.jp/material/files/group/25/gomihyakka2025.pdf,36,https://www.city.ena.lg.jp/soshikiichiran/suidokankyobu/kankyoka/1/3/2/1741.html,2026-08-07,2025-04-01,2026-08-13,True
ena-454,ena,恵那市,トナーカートリッジ,不燃ごみ,なるべくメーカーのリサイクルに出す。,,恵那市ごみ百科事典（令和7年4月1日現在）,https://www.city.ena.lg.jp/material/files/group/25/gomihyakka2025.pdf,36,https://www.city.ena.lg.jp/soshikiichiran/suidokankyobu/kankyoka/1/3/2/1741.html,2026-08-07,2025-04-01,2026-08-13,False
ena-455,ena,恵那市,土鍋,不燃ごみ,,,恵那市ごみ百科事典（令和7年4月1日現在）,https://www.city.ena.lg.jp/material/files/group/25/gomihyakka2025.pdf,36,https://www.city.ena.lg.jp/soshikiichiran/suidokankyobu/kankyoka/1/3/2/1741.html,2026-08-07,2025-04-01,2026-08-13,False
ena-456,ena,恵那市,ドライバー(家庭工具),不燃ごみ,エコプラザ回収可。,,恵那市ごみ百科事典（令和7年4月1日現在）,https://www.city.ena.lg.jp/material/files/group/25/gomihyakka2025.pdf,36,https://www.city.ena.lg.jp/soshikiichiran/suidokankyobu/kankyoka/1/3/2/1741.html,2026-08-07,2025-04-01,2026-08-13,True
ena-457,ena,恵那市,ドライフラワー,可燃ごみ,金属を含むものは不燃ごみ。,,恵那市ごみ百科事典（令和7年4月1日現在）,https://www.city.ena.lg.jp/material/files/group/25/gomihyakka2025.pdf,36,https://www.city.ena.lg.jp/soshikiichiran/suidokankyobu/kankyoka/1/3/2/1741.html,2026-08-07,2025-04-01,2026-08-13,False
ena-458,ena,恵那市,ドライヤー,不燃ごみ,,,恵那市ごみ百科事典（令和7年4月1日現在）,https://www.city.ena.lg.jp/material/files/group/25/gomihyakka2025.pdf,36,https://www.city.ena.lg.jp/soshikiichiran/suidokankyobu/kankyoka/1/3/2/1741.html,2026-08-07,2025-04-01,2026-08-13,False
ena-459,ena,恵那市,ドラム缶,粗大ごみ,中身を取り除き、処理施設へ直接搬入する。,,恵那市ごみ百科事典（令和7年4月1日現在）,https://www.city.ena.lg.jp/material/files/group/25/gomihyakka2025.pdf,36,https://www.city.ena.lg.jp/soshikiichiran/suidokankyobu/kankyoka/1/3/2/1741.html,2026-08-07,2025-04-01,2026-08-13,False
ena-460,ena,恵那市,トランシーバー,不燃ごみ,,,恵那市ごみ百科事典（令和7年4月1日現在）,https://www.city.ena.lg.jp/material/files/group/25/gomihyakka2025.pdf,36,https://www.city.ena.lg.jp/soshikiichiran/suidokankyobu/kankyoka/1/3/2/1741.html,2026-08-07,2025-04-01,2026-08-13,False
ena-461,ena,恵那市,鳥かご(金属製),不燃ごみ,木・プラスチック製品は可燃ごみ。エコプラザ回収可。,,恵那市ごみ百科事典（令和7年4月1日現在）,https://www.city.ena.lg.jp/material/files/group/25/gomihyakka2025.pdf,36,https://www.city.ena.lg.jp/soshikiichiran/suidokankyobu/kankyoka/1/3/2/1741.html,2026-08-07,2025-04-01,2026-08-13,True
ena-462,ena,恵那市,塗料,回収不可,販売店へ問い合わせる。,,恵那市ごみ百科事典（令和7年4月1日現在）,https://www.city.ena.lg.jp/material/files/group/25/gomihyakka2025.pdf,36,https://www.city.ena.lg.jp/soshikiichiran/suidokankyobu/kankyoka/1/3/2/1741.html,2026-08-07,2025-04-01,2026-08-13,False
ena-463,ena,恵那市,塗料スプレー缶,不燃ごみ,中身を使い切って、穴を開けて出す。,,恵那市ごみ百科事典（令和7年4月1日現在）,https://www.city.ena.lg.jp/material/files/group/25/gomihyakka2025.pdf,36,https://www.city.ena.lg.jp/soshikiichiran/suidokankyobu/kankyoka/1/3/2/1741.html,2026-08-07,2025-04-01,2026-08-13,False
ena-464,ena,恵那市,トレー（発泡）,可燃ごみ,できるだけ販売店の回収に出す。エコプラザ回収可。,,恵那市ごみ百科事典（令和7年4月1日現在）,https://www.city.ena.lg.jp/material/files/group/25/gomihyakka2025.pdf,36,https://www.city.ena.lg.jp/soshikiichiran/suidokankyobu/kankyoka/1/3/2/1741.html,2026-08-07,2025-04-01,2026-08-13,True
ena-465,ena,恵那市,トレーニング機材,粗大ごみ,不燃ごみで出す場合は1m以内にする。プラスチック部分 は50㎝以内にして可燃ごみに出す。小さくできない場合は 直接処理施設に持ち込む。,,恵那市ごみ百科事典（令和7年4月1日現在）,https://www.city.ena.lg.jp/material/files/group/25/gomihyakka2025.pdf,36,https://www.city.ena.lg.jp/soshikiichiran/suidokankyobu/kankyoka/1/3/2/1741.html,2026-08-07,2025-04-01,2026-08-13,False
ena-466,ena,恵那市,ナイフ類,不燃ごみ,刃をガムテープ等で覆って出す。,,恵那市ごみ百科事典（令和7年4月1日現在）,https://www.city.ena.lg.jp/material/files/group/25/gomihyakka2025.pdf,36,https://www.city.ena.lg.jp/soshikiichiran/suidokankyobu/kankyoka/1/3/2/1741.html,2026-08-07,2025-04-01,2026-08-13,False
ena-467,ena,恵那市,苗箱,回収不可,販売店へ問い合わせる。,,恵那市ごみ百科事典（令和7年4月1日現在）,https://www.city.ena.lg.jp/material/files/group/25/gomihyakka2025.pdf,36,https://www.city.ena.lg.jp/soshikiichiran/suidokankyobu/kankyoka/1/3/2/1741.html,2026-08-07,2025-04-01,2026-08-13,False
ena-468,ena,恵那市,長靴,不燃ごみ,,,恵那市ごみ百科事典（令和7年4月1日現在）,https://www.city.ena.lg.jp/material/files/group/25/gomihyakka2025.pdf,36,https://www.city.ena.lg.jp/soshikiichiran/suidokankyobu/kankyoka/1/3/2/1741.html,2026-08-07,2025-04-01,2026-08-13,False
ena-469,ena,恵那市,鉈（なた）,不燃ごみ,刃をガムテープ等で覆って出す。木・プラスチック製の柄 は可燃ごみ。,,恵那市ごみ百科事典（令和7年4月1日現在）,https://www.city.ena.lg.jp/material/files/group/25/gomihyakka2025.pdf,36,https://www.city.ena.lg.jp/soshikiichiran/suidokankyobu/kankyoka/1/3/2/1741.html,2026-08-07,2025-04-01,2026-08-13,False
ena-470,ena,恵那市,鍋,不燃ごみ,,,恵那市ごみ百科事典（令和7年4月1日現在）,https://www.city.ena.lg.jp/material/files/group/25/gomihyakka2025.pdf,36,https://www.city.ena.lg.jp/soshikiichiran/suidokankyobu/kankyoka/1/3/2/1741.html,2026-08-07,2025-04-01,2026-08-13,False
ena-471,ena,恵那市,生ごみ,可燃ごみ,十分に水切りをして出す。,,恵那市ごみ百科事典（令和7年4月1日現在）,https://www.city.ena.lg.jp/material/files/group/25/gomihyakka2025.pdf,36,https://www.city.ena.lg.jp/soshikiichiran/suidokankyobu/kankyoka/1/3/2/1741.html,2026-08-07,2025-04-01,2026-08-13,False
ena-472,ena,恵那市,縄,可燃ごみ,50㎝以内に切って出す。,,恵那市ごみ百科事典（令和7年4月1日現在）,https://www.city.ena.lg.jp/material/files/group/25/gomihyakka2025.pdf,36,https://www.city.ena.lg.jp/soshikiichiran/suidokankyobu/kankyoka/1/3/2/1741.html,2026-08-07,2025-04-01,2026-08-13,False
ena-473,ena,恵那市,人形,可燃ごみ,金属部分は不燃ごみ。,,恵那市ごみ百科事典（令和7年4月1日現在）,https://www.city.ena.lg.jp/material/files/group/25/gomihyakka2025.pdf,36,https://www.city.ena.lg.jp/soshikiichiran/suidokankyobu/kankyoka/1/3/2/1741.html,2026-08-07,2025-04-01,2026-08-13,False
ena-474,ena,恵那市,人形のガラスケース,不燃ごみ,,,恵那市ごみ百科事典（令和7年4月1日現在）,https://www.city.ena.lg.jp/material/files/group/25/gomihyakka2025.pdf,36,https://www.city.ena.lg.jp/soshikiichiran/suidokankyobu/kankyoka/1/3/2/1741.html,2026-08-07,2025-04-01,2026-08-13,False
ena-475,ena,恵那市,ぬいぐるみ,可燃ごみ,金属部分は不燃ごみ。,,恵那市ごみ百科事典（令和7年4月1日現在）,https://www.city.ena.lg.jp/material/files/group/25/gomihyakka2025.pdf,36,https://www.city.ena.lg.jp/soshikiichiran/suidokankyobu/kankyoka/1/3/2/1741.html,2026-08-07,2025-04-01,2026-08-13,False
ena-476,ena,恵那市,縫い針,不燃ごみ,ガムテープ等で覆い「針」と明記する。,,恵那市ごみ百科事典（令和7年4月1日現在）,https://www.city.ena.lg.jp/material/files/group/25/gomihyakka2025.pdf,36,https://www.city.ena.lg.jp/soshikiichiran/suidokankyobu/kankyoka/1/3/2/1741.html,2026-08-07,2025-04-01,2026-08-13,False
ena-477,ena,恵那市,布きれ,可燃ごみ,50㎝以内に切って出す。,,恵那市ごみ百科事典（令和7年4月1日現在）,https://www.city.ena.lg.jp/material/files/group/25/gomihyakka2025.pdf,36,https://www.city.ena.lg.jp/soshikiichiran/suidokankyobu/kankyoka/1/3/2/1741.html,2026-08-07,2025-04-01,2026-08-13,False
ena-478,ena,恵那市,ネクタイ,可燃ごみ,50㎝以内に切って出す。,,恵那市ごみ百科事典（令和7年4月1日現在）,https://www.city.ena.lg.jp/material/files/group/25/gomihyakka2025.pdf,36,https://www.city.ena.lg.jp/soshikiichiran/suidokankyobu/kankyoka/1/3/2/1741.html,2026-08-07,2025-04-01,2026-08-13,False
ena-479,ena,恵那市,猫砂,可燃ごみ,汚物は取り除いて出す。シリカゲル製品は不燃ごみ。,,恵那市ごみ百科事典（令和7年4月1日現在）,https://www.city.ena.lg.jp/material/files/group/25/gomihyakka2025.pdf,36,https://www.city.ena.lg.jp/soshikiichiran/suidokankyobu/kankyoka/1/3/2/1741.html,2026-08-07,2025-04-01,2026-08-13,False
ena-480,ena,恵那市,ネジ,不燃ごみ,,,恵那市ごみ百科事典（令和7年4月1日現在）,https://www.city.ena.lg.jp/material/files/group/25/gomihyakka2025.pdf,36,https://www.city.ena.lg.jp/soshikiichiran/suidokankyobu/kankyoka/1/3/2/1741.html,2026-08-07,2025-04-01,2026-08-13,False
ena-481,ena,恵那市,ネット（花・野菜・ゴルフなどに使用するもの）,可燃ごみ,50㎝以内に切って出す。,,恵那市ごみ百科事典（令和7年4月1日現在）,https://www.city.ena.lg.jp/material/files/group/25/gomihyakka2025.pdf,36,https://www.city.ena.lg.jp/soshikiichiran/suidokankyobu/kankyoka/1/3/2/1741.html,2026-08-07,2025-04-01,2026-08-13,False
ena-482,ena,恵那市,寝袋,可燃ごみ,50㎝以内に切って出す。,,恵那市ごみ百科事典（令和7年4月1日現在）,https://www.city.ena.lg.jp/material/files/group/25/gomihyakka2025.pdf,36,https://www.city.ena.lg.jp/soshikiichiran/suidokankyobu/kankyoka/1/3/2/1741.html,2026-08-07,2025-04-01,2026-08-13,False
ena-483,ena,恵那市,粘土,不燃ごみ,紙粘土は可燃ごみ。,,恵那市ごみ百科事典（令和7年4月1日現在）,https://www.city.ena.lg.jp/material/files/group/25/gomihyakka2025.pdf,36,https://www.city.ena.lg.jp/soshikiichiran/suidokankyobu/kankyoka/1/3/2/1741.html,2026-08-07,2025-04-01,2026-08-13,False
ena-484,ena,恵那市,農機具,回収不可,販売店へ問い合わせる。,,恵那市ごみ百科事典（令和7年4月1日現在）,https://www.city.ena.lg.jp/material/files/group/25/gomihyakka2025.pdf,36,https://www.city.ena.lg.jp/soshikiichiran/suidokankyobu/kankyoka/1/3/2/1741.html,2026-08-07,2025-04-01,2026-08-13,False
ena-485,ena,恵那市,農機具用替え刃（トラクターの刃等）,回収不可,販売店へ問い合わせる。,,恵那市ごみ百科事典（令和7年4月1日現在）,https://www.city.ena.lg.jp/material/files/group/25/gomihyakka2025.pdf,36,https://www.city.ena.lg.jp/soshikiichiran/suidokankyobu/kankyoka/1/3/2/1741.html,2026-08-07,2025-04-01,2026-08-13,False
ena-486,ena,恵那市,農業用ビニール（ハウス用）,回収不可,販売店へ問い合わせる。,,恵那市ごみ百科事典（令和7年4月1日現在）,https://www.city.ena.lg.jp/material/files/group/25/gomihyakka2025.pdf,36,https://www.city.ena.lg.jp/soshikiichiran/suidokankyobu/kankyoka/1/3/2/1741.html,2026-08-07,2025-04-01,2026-08-13,False
ena-487,ena,恵那市,農薬類,回収不可,販売店へ問い合わせる。,,恵那市ごみ百科事典（令和7年4月1日現在）,https://www.city.ena.lg.jp/material/files/group/25/gomihyakka2025.pdf,36,https://www.city.ena.lg.jp/soshikiichiran/suidokankyobu/kankyoka/1/3/2/1741.html,2026-08-07,2025-04-01,2026-08-13,False
ena-488,ena,恵那市,ノート,資源ごみ,資源回収または拠点回収に出す（エコプラザ回収可）。資源 とならないものは可燃ごみ。,,恵那市ごみ百科事典（令和7年4月1日現在）,https://www.city.ena.lg.jp/material/files/group/25/gomihyakka2025.pdf,36,https://www.city.ena.lg.jp/soshikiichiran/suidokankyobu/kankyoka/1/3/2/1741.html,2026-08-07,2025-04-01,2026-08-13,True
ena-489,ena,恵那市,のこぎり,不燃ごみ,刃をガムテープ等で覆って出す。木製の柄は可燃ごみ。,,恵那市ごみ百科事典（令和7年4月1日現在）,https://www.city.ena.lg.jp/material/files/group/25/gomihyakka2025.pdf,36,https://www.city.ena.lg.jp/soshikiichiran/suidokankyobu/kankyoka/1/3/2/1741.html,2026-08-07,2025-04-01,2026-08-13,False
ena-490,ena,恵那市,バーベキューコンロ,不燃ごみ,灰・炭を取り除いて出す。,,恵那市ごみ百科事典（令和7年4月1日現在）,https://www.city.ena.lg.jp/material/files/group/25/gomihyakka2025.pdf,36,https://www.city.ena.lg.jp/soshikiichiran/suidokankyobu/kankyoka/1/3/2/1741.html,2026-08-07,2025-04-01,2026-08-13,False
ena-491,ena,恵那市,ハードディスク,不燃ごみ,,,恵那市ごみ百科事典（令和7年4月1日現在）,https://www.city.ena.lg.jp/material/files/group/25/gomihyakka2025.pdf,36,https://www.city.ena.lg.jp/soshikiichiran/suidokankyobu/kankyoka/1/3/2/1741.html,2026-08-07,2025-04-01,2026-08-13,False
ena-492,ena,恵那市,灰（焼却灰）,回収不可,家庭ごみの焼却は禁止されています。薪ストーブの灰は、 わかるよう書いて不燃ごみ。,,恵那市ごみ百科事典（令和7年4月1日現在）,https://www.city.ena.lg.jp/material/files/group/25/gomihyakka2025.pdf,37,https://www.city.ena.lg.jp/soshikiichiran/suidokankyobu/kankyoka/1/3/2/1741.html,2026-08-07,2025-04-01,2026-08-13,False
ena-493,ena,恵那市,灰（豆炭、練炭、木炭）,不燃ごみ,袋に入れ「豆炭灰」と明記する。未使用のものは回収不可。,,恵那市ごみ百科事典（令和7年4月1日現在）,https://www.city.ena.lg.jp/material/files/group/25/gomihyakka2025.pdf,37,https://www.city.ena.lg.jp/soshikiichiran/suidokankyobu/kankyoka/1/3/2/1741.html,2026-08-07,2025-04-01,2026-08-13,False
ena-494,ena,恵那市,灰皿,不燃ごみ,,,恵那市ごみ百科事典（令和7年4月1日現在）,https://www.city.ena.lg.jp/material/files/group/25/gomihyakka2025.pdf,37,https://www.city.ena.lg.jp/soshikiichiran/suidokankyobu/kankyoka/1/3/2/1741.html,2026-08-07,2025-04-01,2026-08-13,False
ena-495,ena,恵那市,パイプイス,不燃ごみ,,,恵那市ごみ百科事典（令和7年4月1日現在）,https://www.city.ena.lg.jp/material/files/group/25/gomihyakka2025.pdf,37,https://www.city.ena.lg.jp/soshikiichiran/suidokankyobu/kankyoka/1/3/2/1741.html,2026-08-07,2025-04-01,2026-08-13,False
ena-496,ena,恵那市,パイプベッド,粗大ごみ,不燃ごみに出す場合は1m以内にする。布・マット部分は 50㎝角以内にして可燃ごみ。小さくできない場合は直接処 理施設に持ち込む。,,恵那市ごみ百科事典（令和7年4月1日現在）,https://www.city.ena.lg.jp/material/files/group/25/gomihyakka2025.pdf,37,https://www.city.ena.lg.jp/soshikiichiran/suidokankyobu/kankyoka/1/3/2/1741.html,2026-08-07,2025-04-01,2026-08-13,False
ena-497,ena,恵那市,バインダー,可燃ごみ,金属部分は不燃ごみ。,,恵那市ごみ百科事典（令和7年4月1日現在）,https://www.city.ena.lg.jp/material/files/group/25/gomihyakka2025.pdf,37,https://www.city.ena.lg.jp/soshikiichiran/suidokankyobu/kankyoka/1/3/2/1741.html,2026-08-07,2025-04-01,2026-08-13,False
ena-498,ena,恵那市,パウチ,可燃ごみ,,,恵那市ごみ百科事典（令和7年4月1日現在）,https://www.city.ena.lg.jp/material/files/group/25/gomihyakka2025.pdf,37,https://www.city.ena.lg.jp/soshikiichiran/suidokankyobu/kankyoka/1/3/2/1741.html,2026-08-07,2025-04-01,2026-08-13,False
ena-499,ena,恵那市,はがき,資源ごみ,資源回収または拠点回収に出す（エコプラザ回収可）。資源 とならないものは（圧着はがき）可燃ごみ。,,恵那市ごみ百科事典（令和7年4月1日現在）,https://www.city.ena.lg.jp/material/files/group/25/gomihyakka2025.pdf,37,https://www.city.ena.lg.jp/soshikiichiran/suidokankyobu/kankyoka/1/3/2/1741.html,2026-08-07,2025-04-01,2026-08-13,True
ena-500,ena,恵那市,はかり,不燃ごみ,電池は処理困難ごみ。,,恵那市ごみ百科事典（令和7年4月1日現在）,https://www.city.ena.lg.jp/material/files/group/25/gomihyakka2025.pdf,37,https://www.city.ena.lg.jp/soshikiichiran/suidokankyobu/kankyoka/1/3/2/1741.html,2026-08-07,2025-04-01,2026-08-13,False
ena-501,ena,恵那市,はけ,不燃ごみ,,,恵那市ごみ百科事典（令和7年4月1日現在）,https://www.city.ena.lg.jp/material/files/group/25/gomihyakka2025.pdf,37,https://www.city.ena.lg.jp/soshikiichiran/suidokankyobu/kankyoka/1/3/2/1741.html,2026-08-07,2025-04-01,2026-08-13,False
ena-502,ena,恵那市,バケツ(プラスチック製),可燃ごみ,金属部分は不燃ごみ。,,恵那市ごみ百科事典（令和7年4月1日現在）,https://www.city.ena.lg.jp/material/files/group/25/gomihyakka2025.pdf,37,https://www.city.ena.lg.jp/soshikiichiran/suidokankyobu/kankyoka/1/3/2/1741.html,2026-08-07,2025-04-01,2026-08-13,False
ena-503,ena,恵那市,はさみ類,不燃ごみ,刃をガムテープ等で覆って出す。,,恵那市ごみ百科事典（令和7年4月1日現在）,https://www.city.ena.lg.jp/material/files/group/25/gomihyakka2025.pdf,37,https://www.city.ena.lg.jp/soshikiichiran/suidokankyobu/kankyoka/1/3/2/1741.html,2026-08-07,2025-04-01,2026-08-13,False
ena-504,ena,恵那市,(cid:7775)（はし）,可燃ごみ,金属部分は不燃ごみ。,,恵那市ごみ百科事典（令和7年4月1日現在）,https://www.city.ena.lg.jp/material/files/group/25/gomihyakka2025.pdf,37,https://www.city.ena.lg.jp/soshikiichiran/suidokankyobu/kankyoka/1/3/2/1741.html,2026-08-07,2025-04-01,2026-08-13,False
ena-505,ena,恵那市,はしご(アルミ製),粗大ごみ,不燃ごみに出す場合は1m以内にする。1m以内にできない 場合は直接処理施設に持ち込む。,,恵那市ごみ百科事典（令和7年4月1日現在）,https://www.city.ena.lg.jp/material/files/group/25/gomihyakka2025.pdf,37,https://www.city.ena.lg.jp/soshikiichiran/suidokankyobu/kankyoka/1/3/2/1741.html,2026-08-07,2025-04-01,2026-08-13,False
ena-506,ena,恵那市,はしご(木製),粗大ごみ,可燃ごみで出す場合は80㎝以内にする。80㎝以内にでき ない場合は直接処理施設に持ち込む。,,恵那市ごみ百科事典（令和7年4月1日現在）,https://www.city.ena.lg.jp/material/files/group/25/gomihyakka2025.pdf,37,https://www.city.ena.lg.jp/soshikiichiran/suidokankyobu/kankyoka/1/3/2/1741.html,2026-08-07,2025-04-01,2026-08-13,False
ena-507,ena,恵那市,パソコン,PCリサイクル,メーカーに問い合わせる。詳細は13ページ参照。ノートパ ソコンはエコプラザ回収可。,,恵那市ごみ百科事典（令和7年4月1日現在）,https://www.city.ena.lg.jp/material/files/group/25/gomihyakka2025.pdf,37,https://www.city.ena.lg.jp/soshikiichiran/suidokankyobu/kankyoka/1/3/2/1741.html,2026-08-07,2025-04-01,2026-08-13,True
ena-508,ena,恵那市,パソコン周辺機器（プリンターほか）,不燃ごみ,,,恵那市ごみ百科事典（令和7年4月1日現在）,https://www.city.ena.lg.jp/material/files/group/25/gomihyakka2025.pdf,37,https://www.city.ena.lg.jp/soshikiichiran/suidokankyobu/kankyoka/1/3/2/1741.html,2026-08-07,2025-04-01,2026-08-13,False
ena-509,ena,恵那市,発炎筒（使用済みのもの）,可燃ごみ,未使用のものは回収不可。,,恵那市ごみ百科事典（令和7年4月1日現在）,https://www.city.ena.lg.jp/material/files/group/25/gomihyakka2025.pdf,37,https://www.city.ena.lg.jp/soshikiichiran/suidokankyobu/kankyoka/1/3/2/1741.html,2026-08-07,2025-04-01,2026-08-13,False
ena-510,ena,恵那市,バッグ,不燃ごみ,,,恵那市ごみ百科事典（令和7年4月1日現在）,https://www.city.ena.lg.jp/material/files/group/25/gomihyakka2025.pdf,37,https://www.city.ena.lg.jp/soshikiichiran/suidokankyobu/kankyoka/1/3/2/1741.html,2026-08-07,2025-04-01,2026-08-13,False
ena-511,ena,恵那市,バッテリー（自動車）,回収不可,販売店に問い合わせる。エコプラザ回収可。,,恵那市ごみ百科事典（令和7年4月1日現在）,https://www.city.ena.lg.jp/material/files/group/25/gomihyakka2025.pdf,37,https://www.city.ena.lg.jp/soshikiichiran/suidokankyobu/kankyoka/1/3/2/1741.html,2026-08-07,2025-04-01,2026-08-13,True
ena-512,ena,恵那市,バット(金属製),不燃ごみ,木・プラスチック製は半分に切って可燃ごみ。,,恵那市ごみ百科事典（令和7年4月1日現在）,https://www.city.ena.lg.jp/material/files/group/25/gomihyakka2025.pdf,37,https://www.city.ena.lg.jp/soshikiichiran/suidokankyobu/kankyoka/1/3/2/1741.html,2026-08-07,2025-04-01,2026-08-13,False
ena-513,ena,恵那市,発泡スチロール,可燃ごみ,エコプラザ回収可。,,恵那市ごみ百科事典（令和7年4月1日現在）,https://www.city.ena.lg.jp/material/files/group/25/gomihyakka2025.pdf,37,https://www.city.ena.lg.jp/soshikiichiran/suidokankyobu/kankyoka/1/3/2/1741.html,2026-08-07,2025-04-01,2026-08-13,True
ena-514,ena,恵那市,花火(使用済みのもの),可燃ごみ,未使用のものは回収不可。,,恵那市ごみ百科事典（令和7年4月1日現在）,https://www.city.ena.lg.jp/material/files/group/25/gomihyakka2025.pdf,37,https://www.city.ena.lg.jp/soshikiichiran/suidokankyobu/kankyoka/1/3/2/1741.html,2026-08-07,2025-04-01,2026-08-13,False
ena-515,ena,恵那市,歯ブラシ,可燃ごみ,エコプラザ回収可。,,恵那市ごみ百科事典（令和7年4月1日現在）,https://www.city.ena.lg.jp/material/files/group/25/gomihyakka2025.pdf,37,https://www.city.ena.lg.jp/soshikiichiran/suidokankyobu/kankyoka/1/3/2/1741.html,2026-08-07,2025-04-01,2026-08-13,True
ena-516,ena,恵那市,刃物,不燃ごみ,ガムテープ等で覆って出す。,,恵那市ごみ百科事典（令和7年4月1日現在）,https://www.city.ena.lg.jp/material/files/group/25/gomihyakka2025.pdf,37,https://www.city.ena.lg.jp/soshikiichiran/suidokankyobu/kankyoka/1/3/2/1741.html,2026-08-07,2025-04-01,2026-08-13,False
ena-517,ena,恵那市,パラボラアンテナ,不燃ごみ,指定袋（大）をつけて出す。,,恵那市ごみ百科事典（令和7年4月1日現在）,https://www.city.ena.lg.jp/material/files/group/25/gomihyakka2025.pdf,37,https://www.city.ena.lg.jp/soshikiichiran/suidokankyobu/kankyoka/1/3/2/1741.html,2026-08-07,2025-04-01,2026-08-13,False
ena-518,ena,恵那市,針,不燃ごみ,ガムテープ等で覆い針と明記して出す。注射針は回収不可。,,恵那市ごみ百科事典（令和7年4月1日現在）,https://www.city.ena.lg.jp/material/files/group/25/gomihyakka2025.pdf,37,https://www.city.ena.lg.jp/soshikiichiran/suidokankyobu/kankyoka/1/3/2/1741.html,2026-08-07,2025-04-01,2026-08-13,False
ena-519,ena,恵那市,針金,不燃ごみ,,,恵那市ごみ百科事典（令和7年4月1日現在）,https://www.city.ena.lg.jp/material/files/group/25/gomihyakka2025.pdf,37,https://www.city.ena.lg.jp/soshikiichiran/suidokankyobu/kankyoka/1/3/2/1741.html,2026-08-07,2025-04-01,2026-08-13,False
ena-520,ena,恵那市,ハンガー,可燃ごみ,金属類は不燃ごみ。クリーニング店で引取可能なものもあ ります。,,恵那市ごみ百科事典（令和7年4月1日現在）,https://www.city.ena.lg.jp/material/files/group/25/gomihyakka2025.pdf,37,https://www.city.ena.lg.jp/soshikiichiran/suidokankyobu/kankyoka/1/3/2/1741.html,2026-08-07,2025-04-01,2026-08-13,False
ena-521,ena,恵那市,ハンカチ,可燃ごみ,,,恵那市ごみ百科事典（令和7年4月1日現在）,https://www.city.ena.lg.jp/material/files/group/25/gomihyakka2025.pdf,37,https://www.city.ena.lg.jp/soshikiichiran/suidokankyobu/kankyoka/1/3/2/1741.html,2026-08-07,2025-04-01,2026-08-13,False
ena-522,ena,恵那市,ハンドマイク,不燃ごみ,乾電池は処理困難ごみ。,,恵那市ごみ百科事典（令和7年4月1日現在）,https://www.city.ena.lg.jp/material/files/group/25/gomihyakka2025.pdf,37,https://www.city.ena.lg.jp/soshikiichiran/suidokankyobu/kankyoka/1/3/2/1741.html,2026-08-07,2025-04-01,2026-08-13,False
ena-523,ena,恵那市,ハンマー,不燃ごみ,,,恵那市ごみ百科事典（令和7年4月1日現在）,https://www.city.ena.lg.jp/material/files/group/25/gomihyakka2025.pdf,37,https://www.city.ena.lg.jp/soshikiichiran/suidokankyobu/kankyoka/1/3/2/1741.html,2026-08-07,2025-04-01,2026-08-13,False
ena-524,ena,恵那市,ピアニカ,不燃ごみ,,,恵那市ごみ百科事典（令和7年4月1日現在）,https://www.city.ena.lg.jp/material/files/group/25/gomihyakka2025.pdf,37,https://www.city.ena.lg.jp/soshikiichiran/suidokankyobu/kankyoka/1/3/2/1741.html,2026-08-07,2025-04-01,2026-08-13,False
ena-525,ena,恵那市,ピアノ,回収不可,販売店に問い合わせる。,,恵那市ごみ百科事典（令和7年4月1日現在）,https://www.city.ena.lg.jp/material/files/group/25/gomihyakka2025.pdf,37,https://www.city.ena.lg.jp/soshikiichiran/suidokankyobu/kankyoka/1/3/2/1741.html,2026-08-07,2025-04-01,2026-08-13,False
ena-526,ena,恵那市,ビーズクッション,可燃ごみ,中身を出さずそのまま可燃ごみ。入らない時は1枚指定袋 （大）をつけて出す。,,恵那市ごみ百科事典（令和7年4月1日現在）,https://www.city.ena.lg.jp/material/files/group/25/gomihyakka2025.pdf,37,https://www.city.ena.lg.jp/soshikiichiran/suidokankyobu/kankyoka/1/3/2/1741.html,2026-08-07,2025-04-01,2026-08-13,False
ena-527,ena,恵那市,ビー玉,不燃ごみ,,,恵那市ごみ百科事典（令和7年4月1日現在）,https://www.city.ena.lg.jp/material/files/group/25/gomihyakka2025.pdf,37,https://www.city.ena.lg.jp/soshikiichiran/suidokankyobu/kankyoka/1/3/2/1741.html,2026-08-07,2025-04-01,2026-08-13,False
ena-528,ena,恵那市,ビーチパラソル,不燃ごみ,,,恵那市ごみ百科事典（令和7年4月1日現在）,https://www.city.ena.lg.jp/material/files/group/25/gomihyakka2025.pdf,37,https://www.city.ena.lg.jp/soshikiichiran/suidokankyobu/kankyoka/1/3/2/1741.html,2026-08-07,2025-04-01,2026-08-13,False
ena-529,ena,恵那市,ＰＰバンド,可燃ごみ,50㎝以内に切って出す。,,恵那市ごみ百科事典（令和7年4月1日現在）,https://www.city.ena.lg.jp/material/files/group/25/gomihyakka2025.pdf,37,https://www.city.ena.lg.jp/soshikiichiran/suidokankyobu/kankyoka/1/3/2/1741.html,2026-08-07,2025-04-01,2026-08-13,False
ena-530,ena,恵那市,ビールびん,資源ごみ,中をよく洗い、できるだけ販売店へ出す。フタは不燃ごみ。,,恵那市ごみ百科事典（令和7年4月1日現在）,https://www.city.ena.lg.jp/material/files/group/25/gomihyakka2025.pdf,37,https://www.city.ena.lg.jp/soshikiichiran/suidokankyobu/kankyoka/1/3/2/1741.html,2026-08-07,2025-04-01,2026-08-13,False
ena-531,ena,恵那市,引き出し（学校用）,可燃ごみ,磁石の付いているものは、磁石をはずす。,,恵那市ごみ百科事典（令和7年4月1日現在）,https://www.city.ena.lg.jp/material/files/group/25/gomihyakka2025.pdf,37,https://www.city.ena.lg.jp/soshikiichiran/suidokankyobu/kankyoka/1/3/2/1741.html,2026-08-07,2025-04-01,2026-08-13,False
ena-532,ena,恵那市,備中くわ,不燃ごみ,柄の部分は可燃ごみ。,,恵那市ごみ百科事典（令和7年4月1日現在）,https://www.city.ena.lg.jp/material/files/group/25/gomihyakka2025.pdf,37,https://www.city.ena.lg.jp/soshikiichiran/suidokankyobu/kankyoka/1/3/2/1741.html,2026-08-07,2025-04-01,2026-08-13,False
ena-533,ena,恵那市,ビデオカメラ,不燃ごみ,電池は処理困難ごみ。,,恵那市ごみ百科事典（令和7年4月1日現在）,https://www.city.ena.lg.jp/material/files/group/25/gomihyakka2025.pdf,37,https://www.city.ena.lg.jp/soshikiichiran/suidokankyobu/kankyoka/1/3/2/1741.html,2026-08-07,2025-04-01,2026-08-13,False
ena-534,ena,恵那市,ビデオテープ,不燃ごみ,ケースは可燃ごみ。,,恵那市ごみ百科事典（令和7年4月1日現在）,https://www.city.ena.lg.jp/material/files/group/25/gomihyakka2025.pdf,37,https://www.city.ena.lg.jp/soshikiichiran/suidokankyobu/kankyoka/1/3/2/1741.html,2026-08-07,2025-04-01,2026-08-13,False
ena-535,ena,恵那市,ビデオデッキ,不燃ごみ,,,恵那市ごみ百科事典（令和7年4月1日現在）,https://www.city.ena.lg.jp/material/files/group/25/gomihyakka2025.pdf,37,https://www.city.ena.lg.jp/soshikiichiran/suidokankyobu/kankyoka/1/3/2/1741.html,2026-08-07,2025-04-01,2026-08-13,False
ena-536,ena,恵那市,雛壇（雛人形用）,不燃ごみ,長さ1m以内にして束ね、縛って出す。袋に入らない場合 は指定袋（大）をつける。木・プラスチック製品は可燃ごみ。 1ｍ以内にできない場合は直接処理施設に持ち込む。,,恵那市ごみ百科事典（令和7年4月1日現在）,https://www.city.ena.lg.jp/material/files/group/25/gomihyakka2025.pdf,37,https://www.city.ena.lg.jp/soshikiichiran/suidokankyobu/kankyoka/1/3/2/1741.html,2026-08-07,2025-04-01,2026-08-13,False
ena-537,ena,恵那市,雛人形,可燃ごみ,金属部分は不燃ごみ。,,恵那市ごみ百科事典（令和7年4月1日現在）,https://www.city.ena.lg.jp/material/files/group/25/gomihyakka2025.pdf,37,https://www.city.ena.lg.jp/soshikiichiran/suidokankyobu/kankyoka/1/3/2/1741.html,2026-08-07,2025-04-01,2026-08-13,False
ena-538,ena,恵那市,ビニールシート,可燃ごみ,50㎝以内に切って出す。塩化ビニル製品は不燃ごみ。,,恵那市ごみ百科事典（令和7年4月1日現在）,https://www.city.ena.lg.jp/material/files/group/25/gomihyakka2025.pdf,38,https://www.city.ena.lg.jp/soshikiichiran/suidokankyobu/kankyoka/1/3/2/1741.html,2026-08-07,2025-04-01,2026-08-13,False
ena-539,ena,恵那市,ビニールテープ,可燃ごみ,50㎝以内に切って出す。,,恵那市ごみ百科事典（令和7年4月1日現在）,https://www.city.ena.lg.jp/material/files/group/25/gomihyakka2025.pdf,38,https://www.city.ena.lg.jp/soshikiichiran/suidokankyobu/kankyoka/1/3/2/1741.html,2026-08-07,2025-04-01,2026-08-13,False
ena-540,ena,恵那市,ビニールプール,不燃ごみ,,,恵那市ごみ百科事典（令和7年4月1日現在）,https://www.city.ena.lg.jp/material/files/group/25/gomihyakka2025.pdf,38,https://www.city.ena.lg.jp/soshikiichiran/suidokankyobu/kankyoka/1/3/2/1741.html,2026-08-07,2025-04-01,2026-08-13,False
ena-541,ena,恵那市,ひも,可燃ごみ,50㎝以内に切って出す。,,恵那市ごみ百科事典（令和7年4月1日現在）,https://www.city.ena.lg.jp/material/files/group/25/gomihyakka2025.pdf,38,https://www.city.ena.lg.jp/soshikiichiran/suidokankyobu/kankyoka/1/3/2/1741.html,2026-08-07,2025-04-01,2026-08-13,False
ena-542,ena,恵那市,百科事典,資源ごみ,資源回収または拠点回収に出す。ビニールカバーなどは可 燃ごみ。,,恵那市ごみ百科事典（令和7年4月1日現在）,https://www.city.ena.lg.jp/material/files/group/25/gomihyakka2025.pdf,38,https://www.city.ena.lg.jp/soshikiichiran/suidokankyobu/kankyoka/1/3/2/1741.html,2026-08-07,2025-04-01,2026-08-13,False
ena-543,ena,恵那市,肥料袋,可燃ごみ,農業で使用したものは回収不可。,,恵那市ごみ百科事典（令和7年4月1日現在）,https://www.city.ena.lg.jp/material/files/group/25/gomihyakka2025.pdf,38,https://www.city.ena.lg.jp/soshikiichiran/suidokankyobu/kankyoka/1/3/2/1741.html,2026-08-07,2025-04-01,2026-08-13,False
ena-544,ena,恵那市,びんのキャップ（金属製）,不燃ごみ,プラスチック製のものは可燃ごみ。,,恵那市ごみ百科事典（令和7年4月1日現在）,https://www.city.ena.lg.jp/material/files/group/25/gomihyakka2025.pdf,38,https://www.city.ena.lg.jp/soshikiichiran/suidokankyobu/kankyoka/1/3/2/1741.html,2026-08-07,2025-04-01,2026-08-13,False
ena-545,ena,恵那市,びん(化粧品),資源ごみ,中をよく洗って出す。陶器製の化粧びんは不燃ごみ。,,恵那市ごみ百科事典（令和7年4月1日現在）,https://www.city.ena.lg.jp/material/files/group/25/gomihyakka2025.pdf,38,https://www.city.ena.lg.jp/soshikiichiran/suidokankyobu/kankyoka/1/3/2/1741.html,2026-08-07,2025-04-01,2026-08-13,False
ena-546,ena,恵那市,びん(酒類･調味料･のり･食用油),資源ごみ,中をよく洗って出す。金属製のフタは不燃ごみ。一升瓶は なるべく販売店へ。ワインびんの金具は付いていても回収 可能。,,恵那市ごみ百科事典（令和7年4月1日現在）,https://www.city.ena.lg.jp/material/files/group/25/gomihyakka2025.pdf,38,https://www.city.ena.lg.jp/soshikiichiran/suidokankyobu/kankyoka/1/3/2/1741.html,2026-08-07,2025-04-01,2026-08-13,False
ena-547,ena,恵那市,びん（ラムネびんのビー玉入り）,資源ごみ,ビー玉が入った状態でも、資源ごみで回収可能。,,恵那市ごみ百科事典（令和7年4月1日現在）,https://www.city.ena.lg.jp/material/files/group/25/gomihyakka2025.pdf,38,https://www.city.ena.lg.jp/soshikiichiran/suidokankyobu/kankyoka/1/3/2/1741.html,2026-08-07,2025-04-01,2026-08-13,False
ena-548,ena,恵那市,ファイル,可燃ごみ,金属部分は不燃ごみ。,,恵那市ごみ百科事典（令和7年4月1日現在）,https://www.city.ena.lg.jp/material/files/group/25/gomihyakka2025.pdf,38,https://www.city.ena.lg.jp/soshikiichiran/suidokankyobu/kankyoka/1/3/2/1741.html,2026-08-07,2025-04-01,2026-08-13,False
ena-549,ena,恵那市,ファスナー,不燃ごみ,プラスチック製は可燃ごみ。,,恵那市ごみ百科事典（令和7年4月1日現在）,https://www.city.ena.lg.jp/material/files/group/25/gomihyakka2025.pdf,38,https://www.city.ena.lg.jp/soshikiichiran/suidokankyobu/kankyoka/1/3/2/1741.html,2026-08-07,2025-04-01,2026-08-13,False
ena-550,ena,恵那市,ファックス,不燃ごみ,紙は取り除いて出す。,,恵那市ごみ百科事典（令和7年4月1日現在）,https://www.city.ena.lg.jp/material/files/group/25/gomihyakka2025.pdf,38,https://www.city.ena.lg.jp/soshikiichiran/suidokankyobu/kankyoka/1/3/2/1741.html,2026-08-07,2025-04-01,2026-08-13,False
ena-551,ena,恵那市,ファンヒーター,不燃ごみ,燃料を抜いて出す。指定袋に入れて出す。入らない場合は 指定袋（大）をつけて出す。,,恵那市ごみ百科事典（令和7年4月1日現在）,https://www.city.ena.lg.jp/material/files/group/25/gomihyakka2025.pdf,38,https://www.city.ena.lg.jp/soshikiichiran/suidokankyobu/kankyoka/1/3/2/1741.html,2026-08-07,2025-04-01,2026-08-13,False
ena-552,ena,恵那市,フィルム,可燃ごみ,,,恵那市ごみ百科事典（令和7年4月1日現在）,https://www.city.ena.lg.jp/material/files/group/25/gomihyakka2025.pdf,38,https://www.city.ena.lg.jp/soshikiichiran/suidokankyobu/kankyoka/1/3/2/1741.html,2026-08-07,2025-04-01,2026-08-13,False
ena-553,ena,恵那市,封筒,資源ごみ,資源回収または拠点回収に出す（エコプラザ回収可）。資源 とならないものは（窓あきのビニール部分）可燃ごみ。,,恵那市ごみ百科事典（令和7年4月1日現在）,https://www.city.ena.lg.jp/material/files/group/25/gomihyakka2025.pdf,38,https://www.city.ena.lg.jp/soshikiichiran/suidokankyobu/kankyoka/1/3/2/1741.html,2026-08-07,2025-04-01,2026-08-13,True
ena-554,ena,恵那市,風鈴,不燃ごみ,,,恵那市ごみ百科事典（令和7年4月1日現在）,https://www.city.ena.lg.jp/material/files/group/25/gomihyakka2025.pdf,38,https://www.city.ena.lg.jp/soshikiichiran/suidokankyobu/kankyoka/1/3/2/1741.html,2026-08-07,2025-04-01,2026-08-13,False
ena-555,ena,恵那市,ふすま,粗大ごみ,可燃ごみで出す場合は50㎝以内にする。50㎝以内にでき ない場合は直接処理施設に持ち込む。金属部分は不燃ごみ。,,恵那市ごみ百科事典（令和7年4月1日現在）,https://www.city.ena.lg.jp/material/files/group/25/gomihyakka2025.pdf,38,https://www.city.ena.lg.jp/soshikiichiran/suidokankyobu/kankyoka/1/3/2/1741.html,2026-08-07,2025-04-01,2026-08-13,False
ena-556,ena,恵那市,仏具（仏壇・位(cid:7771)・塔婆など）,粗大ごみ,可燃ごみで出す場合は50㎝以内にする。50㎝以内にでき ない場合は直接処理施設に持ち込む。金属部分は不燃ごみ。,,恵那市ごみ百科事典（令和7年4月1日現在）,https://www.city.ena.lg.jp/material/files/group/25/gomihyakka2025.pdf,38,https://www.city.ena.lg.jp/soshikiichiran/suidokankyobu/kankyoka/1/3/2/1741.html,2026-08-07,2025-04-01,2026-08-13,False
ena-557,ena,恵那市,ブックカバー,可燃ごみ,紙製品はできるかぎり資源回収へ。,,恵那市ごみ百科事典（令和7年4月1日現在）,https://www.city.ena.lg.jp/material/files/group/25/gomihyakka2025.pdf,38,https://www.city.ena.lg.jp/soshikiichiran/suidokankyobu/kankyoka/1/3/2/1741.html,2026-08-07,2025-04-01,2026-08-13,False
ena-558,ena,恵那市,筆(毛筆),可燃ごみ,,,恵那市ごみ百科事典（令和7年4月1日現在）,https://www.city.ena.lg.jp/material/files/group/25/gomihyakka2025.pdf,38,https://www.city.ena.lg.jp/soshikiichiran/suidokankyobu/kankyoka/1/3/2/1741.html,2026-08-07,2025-04-01,2026-08-13,False
ena-559,ena,恵那市,筆箱,可燃ごみ,金属部分は不燃ごみ。,,恵那市ごみ百科事典（令和7年4月1日現在）,https://www.city.ena.lg.jp/material/files/group/25/gomihyakka2025.pdf,38,https://www.city.ena.lg.jp/soshikiichiran/suidokankyobu/kankyoka/1/3/2/1741.html,2026-08-07,2025-04-01,2026-08-13,False
ena-560,ena,恵那市,ふとん,可燃ごみ,指定袋（大）に入れる。入らない場合は、布団１枚につき、 １枚指定袋（大）を付けて出す。,,恵那市ごみ百科事典（令和7年4月1日現在）,https://www.city.ena.lg.jp/material/files/group/25/gomihyakka2025.pdf,38,https://www.city.ena.lg.jp/soshikiichiran/suidokankyobu/kankyoka/1/3/2/1741.html,2026-08-07,2025-04-01,2026-08-13,False
ena-561,ena,恵那市,ふとん乾燥機,不燃ごみ,,,恵那市ごみ百科事典（令和7年4月1日現在）,https://www.city.ena.lg.jp/material/files/group/25/gomihyakka2025.pdf,38,https://www.city.ena.lg.jp/soshikiichiran/suidokankyobu/kankyoka/1/3/2/1741.html,2026-08-07,2025-04-01,2026-08-13,False
ena-562,ena,恵那市,布団干し（金属・ステンレス）,粗大ごみ,不燃ごみに出す場合は1m以内にする。1m以内にできない 場合は直接処理施設に持ち込む。,,恵那市ごみ百科事典（令和7年4月1日現在）,https://www.city.ena.lg.jp/material/files/group/25/gomihyakka2025.pdf,38,https://www.city.ena.lg.jp/soshikiichiran/suidokankyobu/kankyoka/1/3/2/1741.html,2026-08-07,2025-04-01,2026-08-13,False
ena-563,ena,恵那市,フライパン,不燃ごみ,,,恵那市ごみ百科事典（令和7年4月1日現在）,https://www.city.ena.lg.jp/material/files/group/25/gomihyakka2025.pdf,38,https://www.city.ena.lg.jp/soshikiichiran/suidokankyobu/kankyoka/1/3/2/1741.html,2026-08-07,2025-04-01,2026-08-13,False
ena-564,ena,恵那市,ブラインド,粗大ごみ,不燃ごみに出す場合は1m以内にする。1m以内にできない 場合は直接処理施設に持ち込む。,,恵那市ごみ百科事典（令和7年4月1日現在）,https://www.city.ena.lg.jp/material/files/group/25/gomihyakka2025.pdf,38,https://www.city.ena.lg.jp/soshikiichiran/suidokankyobu/kankyoka/1/3/2/1741.html,2026-08-07,2025-04-01,2026-08-13,False
ena-565,ena,恵那市,ブラシ,可燃ごみ,金属部分は不燃ごみ。,,恵那市ごみ百科事典（令和7年4月1日現在）,https://www.city.ena.lg.jp/material/files/group/25/gomihyakka2025.pdf,38,https://www.city.ena.lg.jp/soshikiichiran/suidokankyobu/kankyoka/1/3/2/1741.html,2026-08-07,2025-04-01,2026-08-13,False
ena-566,ena,恵那市,プラモデル,可燃ごみ,外箱は資源ごみ。金属部分は不燃ごみ。電池は処理困難ごみ。,,恵那市ごみ百科事典（令和7年4月1日現在）,https://www.city.ena.lg.jp/material/files/group/25/gomihyakka2025.pdf,38,https://www.city.ena.lg.jp/soshikiichiran/suidokankyobu/kankyoka/1/3/2/1741.html,2026-08-07,2025-04-01,2026-08-13,False
ena-567,ena,恵那市,フラワーポット,可燃ごみ,土などは除いて出す。金属･陶器製品は不燃ごみ。,,恵那市ごみ百科事典（令和7年4月1日現在）,https://www.city.ena.lg.jp/material/files/group/25/gomihyakka2025.pdf,38,https://www.city.ena.lg.jp/soshikiichiran/suidokankyobu/kankyoka/1/3/2/1741.html,2026-08-07,2025-04-01,2026-08-13,False
ena-568,ena,恵那市,ブランコ,粗大ごみ,不燃ごみに出す場合は1m以内にする。1m以内にできない 場合は直接処理施設に持ち込む。木製・プラスチック部分 は可燃ごみ。,,恵那市ごみ百科事典（令和7年4月1日現在）,https://www.city.ena.lg.jp/material/files/group/25/gomihyakka2025.pdf,38,https://www.city.ena.lg.jp/soshikiichiran/suidokankyobu/kankyoka/1/3/2/1741.html,2026-08-07,2025-04-01,2026-08-13,False
ena-569,ena,恵那市,プランター,可燃ごみ,土などは除いて出す。金属･陶器製品は不燃ごみ。,,恵那市ごみ百科事典（令和7年4月1日現在）,https://www.city.ena.lg.jp/material/files/group/25/gomihyakka2025.pdf,38,https://www.city.ena.lg.jp/soshikiichiran/suidokankyobu/kankyoka/1/3/2/1741.html,2026-08-07,2025-04-01,2026-08-13,False
ena-570,ena,恵那市,プリンター,不燃ごみ,トナー、インクカートリッジは、販売店のリサイクルボッ クスへ。紙は取り除いて出す。,,恵那市ごみ百科事典（令和7年4月1日現在）,https://www.city.ena.lg.jp/material/files/group/25/gomihyakka2025.pdf,38,https://www.city.ena.lg.jp/soshikiichiran/suidokankyobu/kankyoka/1/3/2/1741.html,2026-08-07,2025-04-01,2026-08-13,False
ena-571,ena,恵那市,ブルーレイディスク,可燃ごみ,,,恵那市ごみ百科事典（令和7年4月1日現在）,https://www.city.ena.lg.jp/material/files/group/25/gomihyakka2025.pdf,38,https://www.city.ena.lg.jp/soshikiichiran/suidokankyobu/kankyoka/1/3/2/1741.html,2026-08-07,2025-04-01,2026-08-13,False
ena-572,ena,恵那市,古着（洗濯したきれいなもの）,資源ごみ,資源回収に出すか、処理施設へ直接搬入する。資源となら ないものは金属製のボタン・ファスナーを外して可燃ごみ へ。エコプラザ回収可。,,恵那市ごみ百科事典（令和7年4月1日現在）,https://www.city.ena.lg.jp/material/files/group/25/gomihyakka2025.pdf,38,https://www.city.ena.lg.jp/soshikiichiran/suidokankyobu/kankyoka/1/3/2/1741.html,2026-08-07,2025-04-01,2026-08-13,True
ena-573,ena,恵那市,フロアマット,可燃ごみ,50㎝以内に切って出す。,,恵那市ごみ百科事典（令和7年4月1日現在）,https://www.city.ena.lg.jp/material/files/group/25/gomihyakka2025.pdf,38,https://www.city.ena.lg.jp/soshikiichiran/suidokankyobu/kankyoka/1/3/2/1741.html,2026-08-07,2025-04-01,2026-08-13,False
ena-574,ena,恵那市,風呂(cid:20290)・浴槽,粗大ごみ,処理施設へ直接搬入。個人作業で出たものに限る。,,恵那市ごみ百科事典（令和7年4月1日現在）,https://www.city.ena.lg.jp/material/files/group/25/gomihyakka2025.pdf,38,https://www.city.ena.lg.jp/soshikiichiran/suidokankyobu/kankyoka/1/3/2/1741.html,2026-08-07,2025-04-01,2026-08-13,False
ena-575,ena,恵那市,ブロック,粗大ごみ,1回の持込は軽トラック1台分まで。個人作業で出たものに 限る。,,恵那市ごみ百科事典（令和7年4月1日現在）,https://www.city.ena.lg.jp/material/files/group/25/gomihyakka2025.pdf,38,https://www.city.ena.lg.jp/soshikiichiran/suidokankyobu/kankyoka/1/3/2/1741.html,2026-08-07,2025-04-01,2026-08-13,False
ena-576,ena,恵那市,フロッピーディスク,不燃ごみ,ケースは可燃ごみ。,,恵那市ごみ百科事典（令和7年4月1日現在）,https://www.city.ena.lg.jp/material/files/group/25/gomihyakka2025.pdf,38,https://www.city.ena.lg.jp/soshikiichiran/suidokankyobu/kankyoka/1/3/2/1741.html,2026-08-07,2025-04-01,2026-08-13,False
ena-577,ena,恵那市,プロパンガスボンベ,回収不可,販売店に問い合わせる。,,恵那市ごみ百科事典（令和7年4月1日現在）,https://www.city.ena.lg.jp/material/files/group/25/gomihyakka2025.pdf,38,https://www.city.ena.lg.jp/soshikiichiran/suidokankyobu/kankyoka/1/3/2/1741.html,2026-08-07,2025-04-01,2026-08-13,False
ena-578,ena,恵那市,風呂ふた（プラスチック製）,可燃ごみ,入らない場合はふた1枚につき1枚指定袋（大）を付けて出 す。金属類は不燃ごみ。,,恵那市ごみ百科事典（令和7年4月1日現在）,https://www.city.ena.lg.jp/material/files/group/25/gomihyakka2025.pdf,38,https://www.city.ena.lg.jp/soshikiichiran/suidokankyobu/kankyoka/1/3/2/1741.html,2026-08-07,2025-04-01,2026-08-13,False
ena-579,ena,恵那市,風呂マット,可燃ごみ,50㎝以内に切って出す。金属部分は不燃ごみ。,,恵那市ごみ百科事典（令和7年4月1日現在）,https://www.city.ena.lg.jp/material/files/group/25/gomihyakka2025.pdf,38,https://www.city.ena.lg.jp/soshikiichiran/suidokankyobu/kankyoka/1/3/2/1741.html,2026-08-07,2025-04-01,2026-08-13,False
ena-580,ena,恵那市,文鎮(ぶんちん),不燃ごみ,,,恵那市ごみ百科事典（令和7年4月1日現在）,https://www.city.ena.lg.jp/material/files/group/25/gomihyakka2025.pdf,39,https://www.city.ena.lg.jp/soshikiichiran/suidokankyobu/kankyoka/1/3/2/1741.html,2026-08-07,2025-04-01,2026-08-13,False
ena-581,ena,恵那市,文房具,可燃ごみ,金属部分・金属製品・消しゴムは不燃ごみ。分別して出す。,,恵那市ごみ百科事典（令和7年4月1日現在）,https://www.city.ena.lg.jp/material/files/group/25/gomihyakka2025.pdf,39,https://www.city.ena.lg.jp/soshikiichiran/suidokankyobu/kankyoka/1/3/2/1741.html,2026-08-07,2025-04-01,2026-08-13,False
ena-582,ena,恵那市,ヘアスプレー缶,不燃ごみ,中身を使い切り、穴を開けて出す。キャップや外装フィル ムは可燃ごみ。,,恵那市ごみ百科事典（令和7年4月1日現在）,https://www.city.ena.lg.jp/material/files/group/25/gomihyakka2025.pdf,39,https://www.city.ena.lg.jp/soshikiichiran/suidokankyobu/kankyoka/1/3/2/1741.html,2026-08-07,2025-04-01,2026-08-13,False
ena-583,ena,恵那市,ヘアブラシ,可燃ごみ,金属部分は不燃ごみ。,,恵那市ごみ百科事典（令和7年4月1日現在）,https://www.city.ena.lg.jp/material/files/group/25/gomihyakka2025.pdf,39,https://www.city.ena.lg.jp/soshikiichiran/suidokankyobu/kankyoka/1/3/2/1741.html,2026-08-07,2025-04-01,2026-08-13,False
ena-584,ena,恵那市,ベッド(金属製),粗大ごみ,不燃ごみに出す場合は1m以内にする。1m以内にできない 場合は直接処理施設に持ち込む。,,恵那市ごみ百科事典（令和7年4月1日現在）,https://www.city.ena.lg.jp/material/files/group/25/gomihyakka2025.pdf,39,https://www.city.ena.lg.jp/soshikiichiran/suidokankyobu/kankyoka/1/3/2/1741.html,2026-08-07,2025-04-01,2026-08-13,False
ena-585,ena,恵那市,ペットボトル ←このマーク,資源ごみ,中をよく洗って出す。プラスチックキャップは可燃ごみ。 金属製は不燃ごみ。,,恵那市ごみ百科事典（令和7年4月1日現在）,https://www.city.ena.lg.jp/material/files/group/25/gomihyakka2025.pdf,39,https://www.city.ena.lg.jp/soshikiichiran/suidokankyobu/kankyoka/1/3/2/1741.html,2026-08-07,2025-04-01,2026-08-13,False
ena-586,ena,恵那市,ベビーカー,不燃ごみ,指定袋（大）をつけて出す。,,恵那市ごみ百科事典（令和7年4月1日現在）,https://www.city.ena.lg.jp/material/files/group/25/gomihyakka2025.pdf,39,https://www.city.ena.lg.jp/soshikiichiran/suidokankyobu/kankyoka/1/3/2/1741.html,2026-08-07,2025-04-01,2026-08-13,False
ena-587,ena,恵那市,ヘルスメーター(体重計),不燃ごみ,電池は処理困難ごみ。,,恵那市ごみ百科事典（令和7年4月1日現在）,https://www.city.ena.lg.jp/material/files/group/25/gomihyakka2025.pdf,39,https://www.city.ena.lg.jp/soshikiichiran/suidokankyobu/kankyoka/1/3/2/1741.html,2026-08-07,2025-04-01,2026-08-13,False
ena-588,ena,恵那市,ベルト,可燃ごみ,50㎝以内に切って出す。金属部分は不燃ごみ。,,恵那市ごみ百科事典（令和7年4月1日現在）,https://www.city.ena.lg.jp/material/files/group/25/gomihyakka2025.pdf,39,https://www.city.ena.lg.jp/soshikiichiran/suidokankyobu/kankyoka/1/3/2/1741.html,2026-08-07,2025-04-01,2026-08-13,False
ena-589,ena,恵那市,ヘルメット,可燃ごみ,金属部分は不燃ごみ。,,恵那市ごみ百科事典（令和7年4月1日現在）,https://www.city.ena.lg.jp/material/files/group/25/gomihyakka2025.pdf,39,https://www.city.ena.lg.jp/soshikiichiran/suidokankyobu/kankyoka/1/3/2/1741.html,2026-08-07,2025-04-01,2026-08-13,False
ena-590,ena,恵那市,便器（陶器製）,不燃ごみ,指定袋（大）をつけて出す。個人作業で出たものに限る。,,恵那市ごみ百科事典（令和7年4月1日現在）,https://www.city.ena.lg.jp/material/files/group/25/gomihyakka2025.pdf,39,https://www.city.ena.lg.jp/soshikiichiran/suidokankyobu/kankyoka/1/3/2/1741.html,2026-08-07,2025-04-01,2026-08-13,False
ena-591,ena,恵那市,ペンキ,回収不可,販売店へ問い合わせる（少量の場合に限り布に染みこませ て可燃ごみへ）。,,恵那市ごみ百科事典（令和7年4月1日現在）,https://www.city.ena.lg.jp/material/files/group/25/gomihyakka2025.pdf,39,https://www.city.ena.lg.jp/soshikiichiran/suidokankyobu/kankyoka/1/3/2/1741.html,2026-08-07,2025-04-01,2026-08-13,False
ena-592,ena,恵那市,ペンキの缶,不燃ごみ,中身を使い切って出す。,,恵那市ごみ百科事典（令和7年4月1日現在）,https://www.city.ena.lg.jp/material/files/group/25/gomihyakka2025.pdf,39,https://www.city.ena.lg.jp/soshikiichiran/suidokankyobu/kankyoka/1/3/2/1741.html,2026-08-07,2025-04-01,2026-08-13,False
ena-593,ena,恵那市,ペンキのスプレー缶,不燃ごみ,中身を使い切り、穴を開けて出す。キャップや外装フィル ムは可燃ごみ。,,恵那市ごみ百科事典（令和7年4月1日現在）,https://www.city.ena.lg.jp/material/files/group/25/gomihyakka2025.pdf,39,https://www.city.ena.lg.jp/soshikiichiran/suidokankyobu/kankyoka/1/3/2/1741.html,2026-08-07,2025-04-01,2026-08-13,False
ena-594,ena,恵那市,ペンチ,不燃ごみ,,,恵那市ごみ百科事典（令和7年4月1日現在）,https://www.city.ena.lg.jp/material/files/group/25/gomihyakka2025.pdf,39,https://www.city.ena.lg.jp/soshikiichiran/suidokankyobu/kankyoka/1/3/2/1741.html,2026-08-07,2025-04-01,2026-08-13,False
ena-595,ena,恵那市,便座（樹脂製）,不燃ごみ,プラスチック製品は可燃ごみ。,,恵那市ごみ百科事典（令和7年4月1日現在）,https://www.city.ena.lg.jp/material/files/group/25/gomihyakka2025.pdf,39,https://www.city.ena.lg.jp/soshikiichiran/suidokankyobu/kankyoka/1/3/2/1741.html,2026-08-07,2025-04-01,2026-08-13,False
ena-596,ena,恵那市,ペン類,不燃ごみ,プラスチック製品、プラスチック部分は可燃ごみ。,,恵那市ごみ百科事典（令和7年4月1日現在）,https://www.city.ena.lg.jp/material/files/group/25/gomihyakka2025.pdf,39,https://www.city.ena.lg.jp/soshikiichiran/suidokankyobu/kankyoka/1/3/2/1741.html,2026-08-07,2025-04-01,2026-08-13,False
ena-597,ena,恵那市,ホイール（車用）,不燃ごみ,指定袋（大）に入れるか、入らない時は１本につき１枚指 定袋（大）をつけて出す。,,恵那市ごみ百科事典（令和7年4月1日現在）,https://www.city.ena.lg.jp/material/files/group/25/gomihyakka2025.pdf,39,https://www.city.ena.lg.jp/soshikiichiran/suidokankyobu/kankyoka/1/3/2/1741.html,2026-08-07,2025-04-01,2026-08-13,False
ena-598,ena,恵那市,ホイールカバー（車用・プラスチック製）,可燃ごみ,金属部分は不燃ごみ。,,恵那市ごみ百科事典（令和7年4月1日現在）,https://www.city.ena.lg.jp/material/files/group/25/gomihyakka2025.pdf,39,https://www.city.ena.lg.jp/soshikiichiran/suidokankyobu/kankyoka/1/3/2/1741.html,2026-08-07,2025-04-01,2026-08-13,False
ena-599,ena,恵那市,ボイラー（家庭用）,粗大ごみ,処理施設へ直接搬入。,,恵那市ごみ百科事典（令和7年4月1日現在）,https://www.city.ena.lg.jp/material/files/group/25/gomihyakka2025.pdf,39,https://www.city.ena.lg.jp/soshikiichiran/suidokankyobu/kankyoka/1/3/2/1741.html,2026-08-07,2025-04-01,2026-08-13,False
ena-600,ena,恵那市,ほうき,可燃ごみ,金属部分は不燃ごみ。,,恵那市ごみ百科事典（令和7年4月1日現在）,https://www.city.ena.lg.jp/material/files/group/25/gomihyakka2025.pdf,39,https://www.city.ena.lg.jp/soshikiichiran/suidokankyobu/kankyoka/1/3/2/1741.html,2026-08-07,2025-04-01,2026-08-13,False
ena-601,ena,恵那市,帽子,可燃ごみ,,,恵那市ごみ百科事典（令和7年4月1日現在）,https://www.city.ena.lg.jp/material/files/group/25/gomihyakka2025.pdf,39,https://www.city.ena.lg.jp/soshikiichiran/suidokankyobu/kankyoka/1/3/2/1741.html,2026-08-07,2025-04-01,2026-08-13,False
ena-602,ena,恵那市,防草シート,可燃ごみ,材質がすべてプラスチック類（ポリプロピレン、ポリエチ レン等）でしたら、可燃ごみとして可燃ごみ袋に入れて出 すことができます。ごみ袋に入れて出す場合は、50㎝以内 に切って出す。,,恵那市ごみ百科事典（令和7年4月1日現在）,https://www.city.ena.lg.jp/material/files/group/25/gomihyakka2025.pdf,39,https://www.city.ena.lg.jp/soshikiichiran/suidokankyobu/kankyoka/1/3/2/1741.html,2026-08-07,2025-04-01,2026-08-13,False
ena-603,ena,恵那市,包帯,可燃ごみ,50㎝以内に切って出す。,,恵那市ごみ百科事典（令和7年4月1日現在）,https://www.city.ena.lg.jp/material/files/group/25/gomihyakka2025.pdf,39,https://www.city.ena.lg.jp/soshikiichiran/suidokankyobu/kankyoka/1/3/2/1741.html,2026-08-07,2025-04-01,2026-08-13,False
ena-604,ena,恵那市,包丁,不燃ごみ,刃をガムテープ等で覆って出す。,,恵那市ごみ百科事典（令和7年4月1日現在）,https://www.city.ena.lg.jp/material/files/group/25/gomihyakka2025.pdf,39,https://www.city.ena.lg.jp/soshikiichiran/suidokankyobu/kankyoka/1/3/2/1741.html,2026-08-07,2025-04-01,2026-08-13,False
ena-605,ena,恵那市,包丁研ぎ器,不燃ごみ,,,恵那市ごみ百科事典（令和7年4月1日現在）,https://www.city.ena.lg.jp/material/files/group/25/gomihyakka2025.pdf,39,https://www.city.ena.lg.jp/soshikiichiran/suidokankyobu/kankyoka/1/3/2/1741.html,2026-08-07,2025-04-01,2026-08-13,False
ena-606,ena,恵那市,ボウル(台所用金属製),不燃ごみ,木・プラスチック製品は可燃ごみ。,,恵那市ごみ百科事典（令和7年4月1日現在）,https://www.city.ena.lg.jp/material/files/group/25/gomihyakka2025.pdf,39,https://www.city.ena.lg.jp/soshikiichiran/suidokankyobu/kankyoka/1/3/2/1741.html,2026-08-07,2025-04-01,2026-08-13,False
ena-607,ena,恵那市,ホース,可燃ごみ,50㎝以内に切って出す。塩化ビニル製品は不燃ごみ。,,恵那市ごみ百科事典（令和7年4月1日現在）,https://www.city.ena.lg.jp/material/files/group/25/gomihyakka2025.pdf,39,https://www.city.ena.lg.jp/soshikiichiran/suidokankyobu/kankyoka/1/3/2/1741.html,2026-08-07,2025-04-01,2026-08-13,False
ena-608,ena,恵那市,ポータブルトイレ（プラスチック製・木製）,可燃ごみ,清掃して出す。50㎝以上の場合は粗大ごみ。ウレタン樹脂 の場合は不燃ごみ。,,恵那市ごみ百科事典（令和7年4月1日現在）,https://www.city.ena.lg.jp/material/files/group/25/gomihyakka2025.pdf,39,https://www.city.ena.lg.jp/soshikiichiran/suidokankyobu/kankyoka/1/3/2/1741.html,2026-08-07,2025-04-01,2026-08-13,False
ena-609,ena,恵那市,ボール(スポーツ用品),可燃ごみ,できるだけ空気を抜いて出す。,,恵那市ごみ百科事典（令和7年4月1日現在）,https://www.city.ena.lg.jp/material/files/group/25/gomihyakka2025.pdf,39,https://www.city.ena.lg.jp/soshikiichiran/suidokankyobu/kankyoka/1/3/2/1741.html,2026-08-07,2025-04-01,2026-08-13,False
ena-610,ena,恵那市,ボール(ボウリング用）,粗大ごみ,処理施設へ直接搬入。,,恵那市ごみ百科事典（令和7年4月1日現在）,https://www.city.ena.lg.jp/material/files/group/25/gomihyakka2025.pdf,39,https://www.city.ena.lg.jp/soshikiichiran/suidokankyobu/kankyoka/1/3/2/1741.html,2026-08-07,2025-04-01,2026-08-13,False
ena-611,ena,恵那市,ホーロー鍋,不燃ごみ,,,恵那市ごみ百科事典（令和7年4月1日現在）,https://www.city.ena.lg.jp/material/files/group/25/gomihyakka2025.pdf,39,https://www.city.ena.lg.jp/soshikiichiran/suidokankyobu/kankyoka/1/3/2/1741.html,2026-08-07,2025-04-01,2026-08-13,False
ena-612,ena,恵那市,ポケットWiFi,不燃ごみ,,,恵那市ごみ百科事典（令和7年4月1日現在）,https://www.city.ena.lg.jp/material/files/group/25/gomihyakka2025.pdf,39,https://www.city.ena.lg.jp/soshikiichiran/suidokankyobu/kankyoka/1/3/2/1741.html,2026-08-07,2025-04-01,2026-08-13,False
ena-613,ena,恵那市,歩行器,不燃ごみ,プラスチック製品は可燃ごみ。,,恵那市ごみ百科事典（令和7年4月1日現在）,https://www.city.ena.lg.jp/material/files/group/25/gomihyakka2025.pdf,39,https://www.city.ena.lg.jp/soshikiichiran/suidokankyobu/kankyoka/1/3/2/1741.html,2026-08-07,2025-04-01,2026-08-13,False
ena-614,ena,恵那市,ボタン(プラスチック製),可燃ごみ,金属部分は不燃ごみ。,,恵那市ごみ百科事典（令和7年4月1日現在）,https://www.city.ena.lg.jp/material/files/group/25/gomihyakka2025.pdf,39,https://www.city.ena.lg.jp/soshikiichiran/suidokankyobu/kankyoka/1/3/2/1741.html,2026-08-07,2025-04-01,2026-08-13,False
ena-615,ena,恵那市,ホチキス,不燃ごみ,,,恵那市ごみ百科事典（令和7年4月1日現在）,https://www.city.ena.lg.jp/material/files/group/25/gomihyakka2025.pdf,39,https://www.city.ena.lg.jp/soshikiichiran/suidokankyobu/kankyoka/1/3/2/1741.html,2026-08-07,2025-04-01,2026-08-13,False
ena-616,ena,恵那市,ポット(魔法瓶),不燃ごみ,中に他のごみを入れない。,,恵那市ごみ百科事典（令和7年4月1日現在）,https://www.city.ena.lg.jp/material/files/group/25/gomihyakka2025.pdf,39,https://www.city.ena.lg.jp/soshikiichiran/suidokankyobu/kankyoka/1/3/2/1741.html,2026-08-07,2025-04-01,2026-08-13,False
ena-617,ena,恵那市,ポット(園芸・苗用),可燃ごみ,土などを取り除いて出す。,,恵那市ごみ百科事典（令和7年4月1日現在）,https://www.city.ena.lg.jp/material/files/group/25/gomihyakka2025.pdf,39,https://www.city.ena.lg.jp/soshikiichiran/suidokankyobu/kankyoka/1/3/2/1741.html,2026-08-07,2025-04-01,2026-08-13,False
ena-618,ena,恵那市,ホットカーペット,不燃ごみ,1ｍ以内にして縛って出す。袋に入らない場合は指定袋（大） をつける。,,恵那市ごみ百科事典（令和7年4月1日現在）,https://www.city.ena.lg.jp/material/files/group/25/gomihyakka2025.pdf,39,https://www.city.ena.lg.jp/soshikiichiran/suidokankyobu/kankyoka/1/3/2/1741.html,2026-08-07,2025-04-01,2026-08-13,False
ena-619,ena,恵那市,ホットプレート,不燃ごみ,,,恵那市ごみ百科事典（令和7年4月1日現在）,https://www.city.ena.lg.jp/material/files/group/25/gomihyakka2025.pdf,39,https://www.city.ena.lg.jp/soshikiichiran/suidokankyobu/kankyoka/1/3/2/1741.html,2026-08-07,2025-04-01,2026-08-13,False
ena-620,ena,恵那市,ポテトチップなどの紙缶･フタ,可燃ごみ,金属の底部分は不燃ごみ。,,恵那市ごみ百科事典（令和7年4月1日現在）,https://www.city.ena.lg.jp/material/files/group/25/gomihyakka2025.pdf,39,https://www.city.ena.lg.jp/soshikiichiran/suidokankyobu/kankyoka/1/3/2/1741.html,2026-08-07,2025-04-01,2026-08-13,False
ena-621,ena,恵那市,哺乳瓶(プラスチック製),可燃ごみ,耐熱ガラス製品は不燃ごみ。,,恵那市ごみ百科事典（令和7年4月1日現在）,https://www.city.ena.lg.jp/material/files/group/25/gomihyakka2025.pdf,39,https://www.city.ena.lg.jp/soshikiichiran/suidokankyobu/kankyoka/1/3/2/1741.html,2026-08-07,2025-04-01,2026-08-13,False
ena-622,ena,恵那市,ポラロイド写真,可燃ごみ,,,恵那市ごみ百科事典（令和7年4月1日現在）,https://www.city.ena.lg.jp/material/files/group/25/gomihyakka2025.pdf,39,https://www.city.ena.lg.jp/soshikiichiran/suidokankyobu/kankyoka/1/3/2/1741.html,2026-08-07,2025-04-01,2026-08-13,False
ena-623,ena,恵那市,ポリタンク,可燃ごみ,中を空にして出す。,,恵那市ごみ百科事典（令和7年4月1日現在）,https://www.city.ena.lg.jp/material/files/group/25/gomihyakka2025.pdf,39,https://www.city.ena.lg.jp/soshikiichiran/suidokankyobu/kankyoka/1/3/2/1741.html,2026-08-07,2025-04-01,2026-08-13,False
ena-624,ena,恵那市,保冷庫・保温庫,家電リサイクル,詳細は11・12ページ参照。,,恵那市ごみ百科事典（令和7年4月1日現在）,https://www.city.ena.lg.jp/material/files/group/25/gomihyakka2025.pdf,39,https://www.city.ena.lg.jp/soshikiichiran/suidokankyobu/kankyoka/1/3/2/1741.html,2026-08-07,2025-04-01,2026-08-13,False
ena-625,ena,恵那市,保冷剤・保冷パック,可燃ごみ,中身は出さずにそのまま可燃ごみ。,,恵那市ごみ百科事典（令和7年4月1日現在）,https://www.city.ena.lg.jp/material/files/group/25/gomihyakka2025.pdf,39,https://www.city.ena.lg.jp/soshikiichiran/suidokankyobu/kankyoka/1/3/2/1741.html,2026-08-07,2025-04-01,2026-08-13,False
ena-626,ena,恵那市,本棚(木製),粗大ごみ,可燃ごみに出す場合は50㎝以内にする。50㎝以内にでき ない場合は直接処理施設に持ち込む。金属部分は不燃ごみ。,,恵那市ごみ百科事典（令和7年4月1日現在）,https://www.city.ena.lg.jp/material/files/group/25/gomihyakka2025.pdf,40,https://www.city.ena.lg.jp/soshikiichiran/suidokankyobu/kankyoka/1/3/2/1741.html,2026-08-07,2025-04-01,2026-08-13,False
ena-627,ena,恵那市,マーカーペン(油性ペン),可燃ごみ,金属・ガラス製品は不燃ごみ。,,恵那市ごみ百科事典（令和7年4月1日現在）,https://www.city.ena.lg.jp/material/files/group/25/gomihyakka2025.pdf,40,https://www.city.ena.lg.jp/soshikiichiran/suidokankyobu/kankyoka/1/3/2/1741.html,2026-08-07,2025-04-01,2026-08-13,False
ena-628,ena,恵那市,マージャンパイ（麻雀(cid:7771)）,可燃ごみ,,,恵那市ごみ百科事典（令和7年4月1日現在）,https://www.city.ena.lg.jp/material/files/group/25/gomihyakka2025.pdf,40,https://www.city.ena.lg.jp/soshikiichiran/suidokankyobu/kankyoka/1/3/2/1741.html,2026-08-07,2025-04-01,2026-08-13,False
ena-629,ena,恵那市,マイク（マイクロホン）,不燃ごみ,電池は処理困難ごみ。,,恵那市ごみ百科事典（令和7年4月1日現在）,https://www.city.ena.lg.jp/material/files/group/25/gomihyakka2025.pdf,40,https://www.city.ena.lg.jp/soshikiichiran/suidokankyobu/kankyoka/1/3/2/1741.html,2026-08-07,2025-04-01,2026-08-13,False
ena-630,ena,恵那市,巻尺(布製),可燃ごみ,50㎝以内に切って出す。金属部分や金属製の巻尺は不燃ご み。,,恵那市ごみ百科事典（令和7年4月1日現在）,https://www.city.ena.lg.jp/material/files/group/25/gomihyakka2025.pdf,40,https://www.city.ena.lg.jp/soshikiichiran/suidokankyobu/kankyoka/1/3/2/1741.html,2026-08-07,2025-04-01,2026-08-13,False
ena-631,ena,恵那市,マグネット,不燃ごみ,プラスチック部分は可燃ごみ。,,恵那市ごみ百科事典（令和7年4月1日現在）,https://www.city.ena.lg.jp/material/files/group/25/gomihyakka2025.pdf,40,https://www.city.ena.lg.jp/soshikiichiran/suidokankyobu/kankyoka/1/3/2/1741.html,2026-08-07,2025-04-01,2026-08-13,False
ena-632,ena,恵那市,まくら,可燃ごみ,,,恵那市ごみ百科事典（令和7年4月1日現在）,https://www.city.ena.lg.jp/material/files/group/25/gomihyakka2025.pdf,40,https://www.city.ena.lg.jp/soshikiichiran/suidokankyobu/kankyoka/1/3/2/1741.html,2026-08-07,2025-04-01,2026-08-13,False
ena-633,ena,恵那市,マジックペン,可燃ごみ,金属・ガラス製品は不燃ごみ。,,恵那市ごみ百科事典（令和7年4月1日現在）,https://www.city.ena.lg.jp/material/files/group/25/gomihyakka2025.pdf,40,https://www.city.ena.lg.jp/soshikiichiran/suidokankyobu/kankyoka/1/3/2/1741.html,2026-08-07,2025-04-01,2026-08-13,False
ena-634,ena,恵那市,マッサージ機,粗大ごみ,処理施設へ直接搬入。,,恵那市ごみ百科事典（令和7年4月1日現在）,https://www.city.ena.lg.jp/material/files/group/25/gomihyakka2025.pdf,40,https://www.city.ena.lg.jp/soshikiichiran/suidokankyobu/kankyoka/1/3/2/1741.html,2026-08-07,2025-04-01,2026-08-13,False
ena-635,ena,恵那市,マッチ,可燃ごみ,未使用のものは回収不可。,,恵那市ごみ百科事典（令和7年4月1日現在）,https://www.city.ena.lg.jp/material/files/group/25/gomihyakka2025.pdf,40,https://www.city.ena.lg.jp/soshikiichiran/suidokankyobu/kankyoka/1/3/2/1741.html,2026-08-07,2025-04-01,2026-08-13,False
ena-636,ena,恵那市,マットレス,粗大ごみ,可燃ごみに出す場合は50㎝以内にする。50㎝以内にでき ない場合は直接処理施設に持ち込む。金属部分は不燃ごみ。,,恵那市ごみ百科事典（令和7年4月1日現在）,https://www.city.ena.lg.jp/material/files/group/25/gomihyakka2025.pdf,40,https://www.city.ena.lg.jp/soshikiichiran/suidokankyobu/kankyoka/1/3/2/1741.html,2026-08-07,2025-04-01,2026-08-13,False
ena-637,ena,恵那市,窓ガラス(板ガラス),不燃ごみ,危険のないようにガムテープ等で覆って出す。,,恵那市ごみ百科事典（令和7年4月1日現在）,https://www.city.ena.lg.jp/material/files/group/25/gomihyakka2025.pdf,40,https://www.city.ena.lg.jp/soshikiichiran/suidokankyobu/kankyoka/1/3/2/1741.html,2026-08-07,2025-04-01,2026-08-13,False
ena-638,ena,恵那市,まな板,可燃ごみ,金属部分は不燃ごみ。,,恵那市ごみ百科事典（令和7年4月1日現在）,https://www.city.ena.lg.jp/material/files/group/25/gomihyakka2025.pdf,40,https://www.city.ena.lg.jp/soshikiichiran/suidokankyobu/kankyoka/1/3/2/1741.html,2026-08-07,2025-04-01,2026-08-13,False
ena-639,ena,恵那市,豆炭,不燃ごみ,袋に入れ「豆炭灰」と明記する。未使用なものは回収不可。,,恵那市ごみ百科事典（令和7年4月1日現在）,https://www.city.ena.lg.jp/material/files/group/25/gomihyakka2025.pdf,40,https://www.city.ena.lg.jp/soshikiichiran/suidokankyobu/kankyoka/1/3/2/1741.html,2026-08-07,2025-04-01,2026-08-13,False
ena-640,ena,恵那市,マルチ（農業用）,回収不可,販売店へ問い合わせる。,,恵那市ごみ百科事典（令和7年4月1日現在）,https://www.city.ena.lg.jp/material/files/group/25/gomihyakka2025.pdf,40,https://www.city.ena.lg.jp/soshikiichiran/suidokankyobu/kankyoka/1/3/2/1741.html,2026-08-07,2025-04-01,2026-08-13,False
ena-641,ena,恵那市,ミシン,不燃ごみ,糸などは可燃ごみ。分別して出す。,,恵那市ごみ百科事典（令和7年4月1日現在）,https://www.city.ena.lg.jp/material/files/group/25/gomihyakka2025.pdf,40,https://www.city.ena.lg.jp/soshikiichiran/suidokankyobu/kankyoka/1/3/2/1741.html,2026-08-07,2025-04-01,2026-08-13,False
ena-642,ena,恵那市,ミルク缶,不燃ごみ,中身を使い切り、洗って出す。プラスチックふたは可燃ごみ。,,恵那市ごみ百科事典（令和7年4月1日現在）,https://www.city.ena.lg.jp/material/files/group/25/gomihyakka2025.pdf,40,https://www.city.ena.lg.jp/soshikiichiran/suidokankyobu/kankyoka/1/3/2/1741.html,2026-08-07,2025-04-01,2026-08-13,False
ena-643,ena,恵那市,虫かご(プラスチック製),可燃ごみ,金属部分は不燃ごみ。,,恵那市ごみ百科事典（令和7年4月1日現在）,https://www.city.ena.lg.jp/material/files/group/25/gomihyakka2025.pdf,40,https://www.city.ena.lg.jp/soshikiichiran/suidokankyobu/kankyoka/1/3/2/1741.html,2026-08-07,2025-04-01,2026-08-13,False
ena-644,ena,恵那市,蒸し器(せいろ),不燃ごみ,木製品は可燃ごみ。,,恵那市ごみ百科事典（令和7年4月1日現在）,https://www.city.ena.lg.jp/material/files/group/25/gomihyakka2025.pdf,40,https://www.city.ena.lg.jp/soshikiichiran/suidokankyobu/kankyoka/1/3/2/1741.html,2026-08-07,2025-04-01,2026-08-13,False
ena-645,ena,恵那市,虫めがね(ガラス製),不燃ごみ,プラスチック製品は可燃ごみ。,,恵那市ごみ百科事典（令和7年4月1日現在）,https://www.city.ena.lg.jp/material/files/group/25/gomihyakka2025.pdf,40,https://www.city.ena.lg.jp/soshikiichiran/suidokankyobu/kankyoka/1/3/2/1741.html,2026-08-07,2025-04-01,2026-08-13,False
ena-646,ena,恵那市,名刺ケース,可燃ごみ,金属部分は不燃ごみ。,,恵那市ごみ百科事典（令和7年4月1日現在）,https://www.city.ena.lg.jp/material/files/group/25/gomihyakka2025.pdf,40,https://www.city.ena.lg.jp/soshikiichiran/suidokankyobu/kankyoka/1/3/2/1741.html,2026-08-07,2025-04-01,2026-08-13,False
ena-647,ena,恵那市,眼鏡,不燃ごみ,プラスチックレンズは可燃ごみ。,,恵那市ごみ百科事典（令和7年4月1日現在）,https://www.city.ena.lg.jp/material/files/group/25/gomihyakka2025.pdf,40,https://www.city.ena.lg.jp/soshikiichiran/suidokankyobu/kankyoka/1/3/2/1741.html,2026-08-07,2025-04-01,2026-08-13,False
ena-648,ena,恵那市,メジャー(金属製),不燃ごみ,,,恵那市ごみ百科事典（令和7年4月1日現在）,https://www.city.ena.lg.jp/material/files/group/25/gomihyakka2025.pdf,40,https://www.city.ena.lg.jp/soshikiichiran/suidokankyobu/kankyoka/1/3/2/1741.html,2026-08-07,2025-04-01,2026-08-13,False
ena-649,ena,恵那市,メモリーカード,不燃ごみ,データの破棄をしてから出す。,,恵那市ごみ百科事典（令和7年4月1日現在）,https://www.city.ena.lg.jp/material/files/group/25/gomihyakka2025.pdf,40,https://www.city.ena.lg.jp/soshikiichiran/suidokankyobu/kankyoka/1/3/2/1741.html,2026-08-07,2025-04-01,2026-08-13,False
ena-650,ena,恵那市,毛布,可燃ごみ,たたんで可燃ごみ袋一枚を付ける。※袋に入れる場合は、 50㎝以内に切って出す。,,恵那市ごみ百科事典（令和7年4月1日現在）,https://www.city.ena.lg.jp/material/files/group/25/gomihyakka2025.pdf,40,https://www.city.ena.lg.jp/soshikiichiran/suidokankyobu/kankyoka/1/3/2/1741.html,2026-08-07,2025-04-01,2026-08-13,False
ena-651,ena,恵那市,もちつき機,不燃ごみ,中に他のごみを入れない。,,恵那市ごみ百科事典（令和7年4月1日現在）,https://www.city.ena.lg.jp/material/files/group/25/gomihyakka2025.pdf,40,https://www.city.ena.lg.jp/soshikiichiran/suidokankyobu/kankyoka/1/3/2/1741.html,2026-08-07,2025-04-01,2026-08-13,False
ena-652,ena,恵那市,モップ,可燃ごみ,金属部分は不燃ごみ。,,恵那市ごみ百科事典（令和7年4月1日現在）,https://www.city.ena.lg.jp/material/files/group/25/gomihyakka2025.pdf,40,https://www.city.ena.lg.jp/soshikiichiran/suidokankyobu/kankyoka/1/3/2/1741.html,2026-08-07,2025-04-01,2026-08-13,False
ena-653,ena,恵那市,物干し竿,粗大ごみ,不燃ごみに出す場合は1m以内にする。1m以内にできない 場合は直接処理施設に持ち込む。,,恵那市ごみ百科事典（令和7年4月1日現在）,https://www.city.ena.lg.jp/material/files/group/25/gomihyakka2025.pdf,40,https://www.city.ena.lg.jp/soshikiichiran/suidokankyobu/kankyoka/1/3/2/1741.html,2026-08-07,2025-04-01,2026-08-13,False
ena-654,ena,恵那市,物干し台,粗大ごみ,直接処理施設に持ち込む。,,恵那市ごみ百科事典（令和7年4月1日現在）,https://www.city.ena.lg.jp/material/files/group/25/gomihyakka2025.pdf,40,https://www.city.ena.lg.jp/soshikiichiran/suidokankyobu/kankyoka/1/3/2/1741.html,2026-08-07,2025-04-01,2026-08-13,False
ena-655,ena,恵那市,モバイルバッテリー,処理困難ごみ,詳細は24ページ参照。処理困難ごみとしてステーションに 出すことは可能。エコプラザ回収可。,,恵那市ごみ百科事典（令和7年4月1日現在）,https://www.city.ena.lg.jp/material/files/group/25/gomihyakka2025.pdf,40,https://www.city.ena.lg.jp/soshikiichiran/suidokankyobu/kankyoka/1/3/2/1741.html,2026-08-07,2025-04-01,2026-08-13,True
ena-656,ena,恵那市,やかん,不燃ごみ,中に他のごみを入れない。,,恵那市ごみ百科事典（令和7年4月1日現在）,https://www.city.ena.lg.jp/material/files/group/25/gomihyakka2025.pdf,40,https://www.city.ena.lg.jp/soshikiichiran/suidokankyobu/kankyoka/1/3/2/1741.html,2026-08-07,2025-04-01,2026-08-13,False
ena-657,ena,恵那市,焼き網,不燃ごみ,,,恵那市ごみ百科事典（令和7年4月1日現在）,https://www.city.ena.lg.jp/material/files/group/25/gomihyakka2025.pdf,40,https://www.city.ena.lg.jp/soshikiichiran/suidokankyobu/kankyoka/1/3/2/1741.html,2026-08-07,2025-04-01,2026-08-13,False
ena-658,ena,恵那市,野菜くず,可燃ごみ,十分に水切りをして出す。,,恵那市ごみ百科事典（令和7年4月1日現在）,https://www.city.ena.lg.jp/material/files/group/25/gomihyakka2025.pdf,40,https://www.city.ena.lg.jp/soshikiichiran/suidokankyobu/kankyoka/1/3/2/1741.html,2026-08-07,2025-04-01,2026-08-13,False
ena-659,ena,恵那市,ゆかた,資源ごみ,資源回収に出すか、処理施設へ直接搬入する。資源となら ないものは可燃ごみ。エコプラザ回収可。,,恵那市ごみ百科事典（令和7年4月1日現在）,https://www.city.ena.lg.jp/material/files/group/25/gomihyakka2025.pdf,40,https://www.city.ena.lg.jp/soshikiichiran/suidokankyobu/kankyoka/1/3/2/1741.html,2026-08-07,2025-04-01,2026-08-13,True
ena-660,ena,恵那市,油紙,可燃ごみ,,,恵那市ごみ百科事典（令和7年4月1日現在）,https://www.city.ena.lg.jp/material/files/group/25/gomihyakka2025.pdf,40,https://www.city.ena.lg.jp/soshikiichiran/suidokankyobu/kankyoka/1/3/2/1741.html,2026-08-07,2025-04-01,2026-08-13,False
ena-661,ena,恵那市,湯たんぽ(金属製),不燃ごみ,プラスチック製品は可燃ごみ。,,恵那市ごみ百科事典（令和7年4月1日現在）,https://www.city.ena.lg.jp/material/files/group/25/gomihyakka2025.pdf,40,https://www.city.ena.lg.jp/soshikiichiran/suidokankyobu/kankyoka/1/3/2/1741.html,2026-08-07,2025-04-01,2026-08-13,False
ena-662,ena,恵那市,湯飲み茶碗,不燃ごみ,紙・新聞紙で包まない。,,恵那市ごみ百科事典（令和7年4月1日現在）,https://www.city.ena.lg.jp/material/files/group/25/gomihyakka2025.pdf,40,https://www.city.ena.lg.jp/soshikiichiran/suidokankyobu/kankyoka/1/3/2/1741.html,2026-08-07,2025-04-01,2026-08-13,False
ena-663,ena,恵那市,湯沸器,不燃ごみ,中に他のごみを入れない。,,恵那市ごみ百科事典（令和7年4月1日現在）,https://www.city.ena.lg.jp/material/files/group/25/gomihyakka2025.pdf,40,https://www.city.ena.lg.jp/soshikiichiran/suidokankyobu/kankyoka/1/3/2/1741.html,2026-08-07,2025-04-01,2026-08-13,False
ena-664,ena,恵那市,よしず,粗大ごみ,可燃ごみに出す場合は50㎝以内にする。50㎝以内にでき ない場合は直接処理施設に持ち込む。,,恵那市ごみ百科事典（令和7年4月1日現在）,https://www.city.ena.lg.jp/material/files/group/25/gomihyakka2025.pdf,40,https://www.city.ena.lg.jp/soshikiichiran/suidokankyobu/kankyoka/1/3/2/1741.html,2026-08-07,2025-04-01,2026-08-13,False
ena-665,ena,恵那市,ライター(使い捨て),不燃ごみ,燃料を使い切り、袋に入れて「ライター」と明記して出す。 燃料の残っているものは回収不可。,,恵那市ごみ百科事典（令和7年4月1日現在）,https://www.city.ena.lg.jp/material/files/group/25/gomihyakka2025.pdf,40,https://www.city.ena.lg.jp/soshikiichiran/suidokankyobu/kankyoka/1/3/2/1741.html,2026-08-07,2025-04-01,2026-08-13,False
ena-666,ena,恵那市,ラケット(木･プラスチック製),可燃ごみ,金属部分や金属製のものは不燃ごみ。,,恵那市ごみ百科事典（令和7年4月1日現在）,https://www.city.ena.lg.jp/material/files/group/25/gomihyakka2025.pdf,40,https://www.city.ena.lg.jp/soshikiichiran/suidokankyobu/kankyoka/1/3/2/1741.html,2026-08-07,2025-04-01,2026-08-13,False
ena-667,ena,恵那市,ラジオ,不燃ごみ,電池は処理困難ごみ。,,恵那市ごみ百科事典（令和7年4月1日現在）,https://www.city.ena.lg.jp/material/files/group/25/gomihyakka2025.pdf,40,https://www.city.ena.lg.jp/soshikiichiran/suidokankyobu/kankyoka/1/3/2/1741.html,2026-08-07,2025-04-01,2026-08-13,False
ena-668,ena,恵那市,ラジカセ,不燃ごみ,電池は処理困難ごみ。使用できるものはエコプラザ。,,恵那市ごみ百科事典（令和7年4月1日現在）,https://www.city.ena.lg.jp/material/files/group/25/gomihyakka2025.pdf,40,https://www.city.ena.lg.jp/soshikiichiran/suidokankyobu/kankyoka/1/3/2/1741.html,2026-08-07,2025-04-01,2026-08-13,True
ena-669,ena,恵那市,ラップ(食品用),可燃ごみ,金属部分は不燃ごみ。芯は雑がみとして資源ごみ。,,恵那市ごみ百科事典（令和7年4月1日現在）,https://www.city.ena.lg.jp/material/files/group/25/gomihyakka2025.pdf,40,https://www.city.ena.lg.jp/soshikiichiran/suidokankyobu/kankyoka/1/3/2/1741.html,2026-08-07,2025-04-01,2026-08-13,False
ena-670,ena,恵那市,ランドセル,不燃ごみ,,,恵那市ごみ百科事典（令和7年4月1日現在）,https://www.city.ena.lg.jp/material/files/group/25/gomihyakka2025.pdf,40,https://www.city.ena.lg.jp/soshikiichiran/suidokankyobu/kankyoka/1/3/2/1741.html,2026-08-07,2025-04-01,2026-08-13,False
ena-671,ena,恵那市,ランプ,不燃ごみ,,,恵那市ごみ百科事典（令和7年4月1日現在）,https://www.city.ena.lg.jp/material/files/group/25/gomihyakka2025.pdf,40,https://www.city.ena.lg.jp/soshikiichiran/suidokankyobu/kankyoka/1/3/2/1741.html,2026-08-07,2025-04-01,2026-08-13,False
ena-672,ena,恵那市,リコーダー,可燃ごみ,,,恵那市ごみ百科事典（令和7年4月1日現在）,https://www.city.ena.lg.jp/material/files/group/25/gomihyakka2025.pdf,40,https://www.city.ena.lg.jp/soshikiichiran/suidokankyobu/kankyoka/1/3/2/1741.html,2026-08-07,2025-04-01,2026-08-13,False
ena-673,ena,恵那市,リチウムイオン電池,処理困難ごみ,詳細は24ページ参照。処理困難ごみとしてステーションに 出すことは可能。エコプラザ回収可。,,恵那市ごみ百科事典（令和7年4月1日現在）,https://www.city.ena.lg.jp/material/files/group/25/gomihyakka2025.pdf,41,https://www.city.ena.lg.jp/soshikiichiran/suidokankyobu/kankyoka/1/3/2/1741.html,2026-08-07,2025-04-01,2026-08-13,True
ena-674,ena,恵那市,リモコン,不燃ごみ,電池は処理困難ごみ。,,恵那市ごみ百科事典（令和7年4月1日現在）,https://www.city.ena.lg.jp/material/files/group/25/gomihyakka2025.pdf,41,https://www.city.ena.lg.jp/soshikiichiran/suidokankyobu/kankyoka/1/3/2/1741.html,2026-08-07,2025-04-01,2026-08-13,False
ena-675,ena,恵那市,リュックサック,不燃ごみ,,,恵那市ごみ百科事典（令和7年4月1日現在）,https://www.city.ena.lg.jp/material/files/group/25/gomihyakka2025.pdf,41,https://www.city.ena.lg.jp/soshikiichiran/suidokankyobu/kankyoka/1/3/2/1741.html,2026-08-07,2025-04-01,2026-08-13,False
ena-676,ena,恵那市,料理くず,可燃ごみ,十分に水切りをして出す。,,恵那市ごみ百科事典（令和7年4月1日現在）,https://www.city.ena.lg.jp/material/files/group/25/gomihyakka2025.pdf,41,https://www.city.ena.lg.jp/soshikiichiran/suidokankyobu/kankyoka/1/3/2/1741.html,2026-08-07,2025-04-01,2026-08-13,False
ena-677,ena,恵那市,ルーズリーフ（ファイル）,可燃ごみ,金属部分は不燃ごみ。,,恵那市ごみ百科事典（令和7年4月1日現在）,https://www.city.ena.lg.jp/material/files/group/25/gomihyakka2025.pdf,41,https://www.city.ena.lg.jp/soshikiichiran/suidokankyobu/kankyoka/1/3/2/1741.html,2026-08-07,2025-04-01,2026-08-13,False
ena-678,ena,恵那市,ルームランナー,粗大ごみ,不燃ごみに出す場合は1m以内にする。1m以内にできない 場合は直接処理施設に持ち込む。,,恵那市ごみ百科事典（令和7年4月1日現在）,https://www.city.ena.lg.jp/material/files/group/25/gomihyakka2025.pdf,41,https://www.city.ena.lg.jp/soshikiichiran/suidokankyobu/kankyoka/1/3/2/1741.html,2026-08-07,2025-04-01,2026-08-13,False
ena-679,ena,恵那市,冷蔵庫,家電リサイクル,詳細は11・12ページ参照。,,恵那市ごみ百科事典（令和7年4月1日現在）,https://www.city.ena.lg.jp/material/files/group/25/gomihyakka2025.pdf,41,https://www.city.ena.lg.jp/soshikiichiran/suidokankyobu/kankyoka/1/3/2/1741.html,2026-08-07,2025-04-01,2026-08-13,False
ena-680,ena,恵那市,冷凍庫,家電リサイクル,詳細は11・12ページ参照。,,恵那市ごみ百科事典（令和7年4月1日現在）,https://www.city.ena.lg.jp/material/files/group/25/gomihyakka2025.pdf,41,https://www.city.ena.lg.jp/soshikiichiran/suidokankyobu/kankyoka/1/3/2/1741.html,2026-08-07,2025-04-01,2026-08-13,False
ena-681,ena,恵那市,冷風扇,不燃ごみ,,,恵那市ごみ百科事典（令和7年4月1日現在）,https://www.city.ena.lg.jp/material/files/group/25/gomihyakka2025.pdf,41,https://www.city.ena.lg.jp/soshikiichiran/suidokankyobu/kankyoka/1/3/2/1741.html,2026-08-07,2025-04-01,2026-08-13,False
ena-682,ena,恵那市,レコード盤,可燃ごみ,,,恵那市ごみ百科事典（令和7年4月1日現在）,https://www.city.ena.lg.jp/material/files/group/25/gomihyakka2025.pdf,41,https://www.city.ena.lg.jp/soshikiichiran/suidokankyobu/kankyoka/1/3/2/1741.html,2026-08-07,2025-04-01,2026-08-13,False
ena-683,ena,恵那市,レコードプレイヤー,不燃ごみ,,,恵那市ごみ百科事典（令和7年4月1日現在）,https://www.city.ena.lg.jp/material/files/group/25/gomihyakka2025.pdf,41,https://www.city.ena.lg.jp/soshikiichiran/suidokankyobu/kankyoka/1/3/2/1741.html,2026-08-07,2025-04-01,2026-08-13,False
ena-684,ena,恵那市,レシート,可燃ごみ,,,恵那市ごみ百科事典（令和7年4月1日現在）,https://www.city.ena.lg.jp/material/files/group/25/gomihyakka2025.pdf,41,https://www.city.ena.lg.jp/soshikiichiran/suidokankyobu/kankyoka/1/3/2/1741.html,2026-08-07,2025-04-01,2026-08-13,False
ena-685,ena,恵那市,レジャーシート,可燃ごみ,50㎝以内に切って出す。,,恵那市ごみ百科事典（令和7年4月1日現在）,https://www.city.ena.lg.jp/material/files/group/25/gomihyakka2025.pdf,41,https://www.city.ena.lg.jp/soshikiichiran/suidokankyobu/kankyoka/1/3/2/1741.html,2026-08-07,2025-04-01,2026-08-13,False
ena-686,ena,恵那市,レトルトパック(カレーなど),可燃ごみ,,,恵那市ごみ百科事典（令和7年4月1日現在）,https://www.city.ena.lg.jp/material/files/group/25/gomihyakka2025.pdf,41,https://www.city.ena.lg.jp/soshikiichiran/suidokankyobu/kankyoka/1/3/2/1741.html,2026-08-07,2025-04-01,2026-08-13,False
ena-687,ena,恵那市,レンガ,粗大ごみ,1回の持込みは軽トラック1台分まで。個人作業で出たもの に限る。,,恵那市ごみ百科事典（令和7年4月1日現在）,https://www.city.ena.lg.jp/material/files/group/25/gomihyakka2025.pdf,41,https://www.city.ena.lg.jp/soshikiichiran/suidokankyobu/kankyoka/1/3/2/1741.html,2026-08-07,2025-04-01,2026-08-13,False
ena-688,ena,恵那市,レンジ(ガス･電気),不燃ごみ,中に他のごみを入れない。指定袋に入れて出す。入らない 時は指定袋（大）をつけて出す。電池は処理困難ごみ。,,恵那市ごみ百科事典（令和7年4月1日現在）,https://www.city.ena.lg.jp/material/files/group/25/gomihyakka2025.pdf,41,https://www.city.ena.lg.jp/soshikiichiran/suidokankyobu/kankyoka/1/3/2/1741.html,2026-08-07,2025-04-01,2026-08-13,False
ena-689,ena,恵那市,ろう紙,可燃ごみ,,,恵那市ごみ百科事典（令和7年4月1日現在）,https://www.city.ena.lg.jp/material/files/group/25/gomihyakka2025.pdf,41,https://www.city.ena.lg.jp/soshikiichiran/suidokankyobu/kankyoka/1/3/2/1741.html,2026-08-07,2025-04-01,2026-08-13,False
ena-690,ena,恵那市,ローソク,可燃ごみ,,,恵那市ごみ百科事典（令和7年4月1日現在）,https://www.city.ena.lg.jp/material/files/group/25/gomihyakka2025.pdf,41,https://www.city.ena.lg.jp/soshikiichiran/suidokankyobu/kankyoka/1/3/2/1741.html,2026-08-07,2025-04-01,2026-08-13,False
ena-691,ena,恵那市,ロープ,可燃ごみ,50㎝以内に切って出す。,,恵那市ごみ百科事典（令和7年4月1日現在）,https://www.city.ena.lg.jp/material/files/group/25/gomihyakka2025.pdf,41,https://www.city.ena.lg.jp/soshikiichiran/suidokankyobu/kankyoka/1/3/2/1741.html,2026-08-07,2025-04-01,2026-08-13,False
ena-692,ena,恵那市,ローラースケート,不燃ごみ,,,恵那市ごみ百科事典（令和7年4月1日現在）,https://www.city.ena.lg.jp/material/files/group/25/gomihyakka2025.pdf,41,https://www.city.ena.lg.jp/soshikiichiran/suidokankyobu/kankyoka/1/3/2/1741.html,2026-08-07,2025-04-01,2026-08-13,False
ena-693,ena,恵那市,ロッカー,粗大ごみ,不燃ごみに出す場合は1m以内にする。1m以内にできない 場合は直接処理施設に持ち込む。,,恵那市ごみ百科事典（令和7年4月1日現在）,https://www.city.ena.lg.jp/material/files/group/25/gomihyakka2025.pdf,41,https://www.city.ena.lg.jp/soshikiichiran/suidokankyobu/kankyoka/1/3/2/1741.html,2026-08-07,2025-04-01,2026-08-13,False
ena-694,ena,恵那市,ワイパー,可燃ごみ,金属部分は不燃ごみ。,,恵那市ごみ百科事典（令和7年4月1日現在）,https://www.city.ena.lg.jp/material/files/group/25/gomihyakka2025.pdf,41,https://www.city.ena.lg.jp/soshikiichiran/suidokankyobu/kankyoka/1/3/2/1741.html,2026-08-07,2025-04-01,2026-08-13,False
ena-695,ena,恵那市,ワイヤー,不燃ごみ,,,恵那市ごみ百科事典（令和7年4月1日現在）,https://www.city.ena.lg.jp/material/files/group/25/gomihyakka2025.pdf,41,https://www.city.ena.lg.jp/soshikiichiran/suidokankyobu/kankyoka/1/3/2/1741.html,2026-08-07,2025-04-01,2026-08-13,False
ena-696,ena,恵那市,ワインセラー,家電リサイクル,詳細は11・12ページ参照。,,恵那市ごみ百科事典（令和7年4月1日現在）,https://www.city.ena.lg.jp/material/files/group/25/gomihyakka2025.pdf,41,https://www.city.ena.lg.jp/soshikiichiran/suidokankyobu/kankyoka/1/3/2/1741.html,2026-08-07,2025-04-01,2026-08-13,False
ena-697,ena,恵那市,輪ゴム,可燃ごみ,,,恵那市ごみ百科事典（令和7年4月1日現在）,https://www.city.ena.lg.jp/material/files/group/25/gomihyakka2025.pdf,41,https://www.city.ena.lg.jp/soshikiichiran/suidokankyobu/kankyoka/1/3/2/1741.html,2026-08-07,2025-04-01,2026-08-13,False
ena-698,ena,恵那市,ワックス,可燃ごみ,固形ならば、容器から取り出して可燃ごみ。液体ならば、 布類に染み込ませて可燃ごみへ。金属性容器は、不燃ごみ。,,恵那市ごみ百科事典（令和7年4月1日現在）,https://www.city.ena.lg.jp/material/files/group/25/gomihyakka2025.pdf,41,https://www.city.ena.lg.jp/soshikiichiran/suidokankyobu/kankyoka/1/3/2/1741.html,2026-08-07,2025-04-01,2026-08-13,False
ena-699,ena,恵那市,和服,資源ごみ,資源回収に出すか、処理施設へ直接搬入する（エコプラザ 回収可）。資源とならないものは可燃ごみ。,,恵那市ごみ百科事典（令和7年4月1日現在）,https://www.city.ena.lg.jp/material/files/group/25/gomihyakka2025.pdf,41,https://www.city.ena.lg.jp/soshikiichiran/suidokankyobu/kankyoka/1/3/2/1741.html,2026-08-07,2025-04-01,2026-08-13,True
