id,city,city_name,name,category,instructions,large_sticker,source_title,source_url,source_page,official_page_url,official_page_updated,manual_date,verified_at,eco_plaza_hint
naka-1,nakatsugawa,中津川市,アルミフード,燃えないごみ,中に金属状の物が入っている場合は、燃えないごみ。 クッキングホイルの厚手の物は、燃えるごみ｡,,中津川市 ごみの出し方ガイドブック,https://www.city.nakatsugawa.lg.jp/material/files/group/56/guidebook1.pdf,13,https://www.city.nakatsugawa.lg.jp/soshikikarasagasu/kankyocenter/1/1/gomi/7762.html,2026-04-17,,2026-08-13,False
naka-2,nakatsugawa,中津川市,アルミホイル （クッキングホイル）,燃えるごみ,,,中津川市 ごみの出し方ガイドブック,https://www.city.nakatsugawa.lg.jp/material/files/group/56/guidebook1.pdf,13,https://www.city.nakatsugawa.lg.jp/soshikikarasagasu/kankyocenter/1/1/gomi/7762.html,2026-04-17,,2026-08-13,False
naka-3,nakatsugawa,中津川市,安全ピン,燃えないごみ,,,中津川市 ごみの出し方ガイドブック,https://www.city.nakatsugawa.lg.jp/material/files/group/56/guidebook1.pdf,13,https://www.city.nakatsugawa.lg.jp/soshikikarasagasu/kankyocenter/1/1/gomi/7762.html,2026-04-17,,2026-08-13,False
naka-4,nakatsugawa,中津川市,アンテナ,燃えないごみ,指定袋に収まらないものは、大型ごみ。 電気コード類は切って、硬質ごみ。,1セットを まとめて,中津川市 ごみの出し方ガイドブック,https://www.city.nakatsugawa.lg.jp/material/files/group/56/guidebook1.pdf,13,https://www.city.nakatsugawa.lg.jp/soshikikarasagasu/kankyocenter/1/1/gomi/7762.html,2026-04-17,,2026-08-13,False
naka-5,nakatsugawa,中津川市,アンプ,燃えないごみ,電気コード類は切って、硬質ごみ。,,中津川市 ごみの出し方ガイドブック,https://www.city.nakatsugawa.lg.jp/material/files/group/56/guidebook1.pdf,13,https://www.city.nakatsugawa.lg.jp/soshikikarasagasu/kankyocenter/1/1/gomi/7762.html,2026-04-17,,2026-08-13,False
naka-6,nakatsugawa,中津川市,育苗箱,大型ごみ,水稲を育てる箱、花苗（ポット苗）を入れる網状の箱（カゴ）,5枚まで 束ねて,中津川市 ごみの出し方ガイドブック,https://www.city.nakatsugawa.lg.jp/material/files/group/56/guidebook1.pdf,13,https://www.city.nakatsugawa.lg.jp/soshikikarasagasu/kankyocenter/1/1/gomi/7762.html,2026-04-17,,2026-08-13,False
naka-7,nakatsugawa,中津川市,衣桁（いこう）,大型ごみ,衣紋掛（えもんかけ）。 40cm以下に切れば、燃えるごみ。,１台,中津川市 ごみの出し方ガイドブック,https://www.city.nakatsugawa.lg.jp/material/files/group/56/guidebook1.pdf,13,https://www.city.nakatsugawa.lg.jp/soshikikarasagasu/kankyocenter/1/1/gomi/7762.html,2026-04-17,,2026-08-13,False
naka-8,nakatsugawa,中津川市,石,引取りできないごみ,廃棄物処理業者へ相談｡,,中津川市 ごみの出し方ガイドブック,https://www.city.nakatsugawa.lg.jp/material/files/group/56/guidebook1.pdf,13,https://www.city.nakatsugawa.lg.jp/soshikikarasagasu/kankyocenter/1/1/gomi/7762.html,2026-04-17,,2026-08-13,False
naka-9,nakatsugawa,中津川市,衣装ケース・衣装缶,大型ごみ,,1セットを まとめて,中津川市 ごみの出し方ガイドブック,https://www.city.nakatsugawa.lg.jp/material/files/group/56/guidebook1.pdf,13,https://www.city.nakatsugawa.lg.jp/soshikikarasagasu/kankyocenter/1/1/gomi/7762.html,2026-04-17,,2026-08-13,False
naka-10,nakatsugawa,中津川市,椅子,大型ごみ,事務用、食卓用、座椅子、車椅子（電動でないもの）なども同様。,１台,中津川市 ごみの出し方ガイドブック,https://www.city.nakatsugawa.lg.jp/material/files/group/56/guidebook1.pdf,13,https://www.city.nakatsugawa.lg.jp/soshikikarasagasu/kankyocenter/1/1/gomi/7762.html,2026-04-17,,2026-08-13,False
naka-11,nakatsugawa,中津川市,板,大型ごみ,幅が20cm以上のもの。板の長さを40cm以下に切れば燃えるごみ。 最大サイズ【140cm×90ｃｍ×200cm】を超えるものは、引取り不可。,１枚,中津川市 ごみの出し方ガイドブック,https://www.city.nakatsugawa.lg.jp/material/files/group/56/guidebook1.pdf,13,https://www.city.nakatsugawa.lg.jp/soshikikarasagasu/kankyocenter/1/1/gomi/7762.html,2026-04-17,,2026-08-13,False
naka-12,nakatsugawa,中津川市,板ガラス,燃えないごみ,中身が見える状態で出す。 指定袋に収まらないものは、大型ごみ。,１枚,中津川市 ごみの出し方ガイドブック,https://www.city.nakatsugawa.lg.jp/material/files/group/56/guidebook1.pdf,13,https://www.city.nakatsugawa.lg.jp/soshikikarasagasu/kankyocenter/1/1/gomi/7762.html,2026-04-17,,2026-08-13,False
naka-13,nakatsugawa,中津川市,一輪車 （運搬用・スポーツ用）,大型ごみ,タイヤのみ出す場合は、燃えないごみ。,1台,中津川市 ごみの出し方ガイドブック,https://www.city.nakatsugawa.lg.jp/material/files/group/56/guidebook1.pdf,13,https://www.city.nakatsugawa.lg.jp/soshikikarasagasu/kankyocenter/1/1/gomi/7762.html,2026-04-17,,2026-08-13,False
naka-14,nakatsugawa,中津川市,一斗缶,燃えないごみ,一斗缶の中身を空にして出す（中に他のごみを入れて出さない）。食品の 入っていたもので、中が洗ってあり、半分に切ってあれば、資源となるごみ。,1缶,中津川市 ごみの出し方ガイドブック,https://www.city.nakatsugawa.lg.jp/material/files/group/56/guidebook1.pdf,13,https://www.city.nakatsugawa.lg.jp/soshikikarasagasu/kankyocenter/1/1/gomi/7762.html,2026-04-17,,2026-08-13,False
naka-15,nakatsugawa,中津川市,衣類（古着）,燃えるごみ,40cm以下に切る｡ 状態の良いものは、できるだけ資源回収などのリサイクルに出す｡,,中津川市 ごみの出し方ガイドブック,https://www.city.nakatsugawa.lg.jp/material/files/group/56/guidebook1.pdf,13,https://www.city.nakatsugawa.lg.jp/soshikikarasagasu/kankyocenter/1/1/gomi/7762.html,2026-04-17,,2026-08-13,False
naka-16,nakatsugawa,中津川市,衣類乾燥機,リサイクル対象品,家電リサイクル法対象品。17ページ参照。,,中津川市 ごみの出し方ガイドブック,https://www.city.nakatsugawa.lg.jp/material/files/group/56/guidebook1.pdf,13,https://www.city.nakatsugawa.lg.jp/soshikikarasagasu/kankyocenter/1/1/gomi/7762.html,2026-04-17,,2026-08-13,False
naka-17,nakatsugawa,中津川市,インクカートリッジ,燃えるごみ,できるだけ販売店などの回収箱に出す｡,,中津川市 ごみの出し方ガイドブック,https://www.city.nakatsugawa.lg.jp/material/files/group/56/guidebook1.pdf,13,https://www.city.nakatsugawa.lg.jp/soshikikarasagasu/kankyocenter/1/1/gomi/7762.html,2026-04-17,,2026-08-13,False
naka-18,nakatsugawa,中津川市,インクリボン （プリンタ、ワープロなど）,燃えるごみ,できるだけ販売店などの回収箱に出す｡,,中津川市 ごみの出し方ガイドブック,https://www.city.nakatsugawa.lg.jp/material/files/group/56/guidebook1.pdf,13,https://www.city.nakatsugawa.lg.jp/soshikikarasagasu/kankyocenter/1/1/gomi/7762.html,2026-04-17,,2026-08-13,False
naka-19,nakatsugawa,中津川市,インターホン,燃えないごみ,電気コードは切って、硬質ごみ。,,中津川市 ごみの出し方ガイドブック,https://www.city.nakatsugawa.lg.jp/material/files/group/56/guidebook1.pdf,13,https://www.city.nakatsugawa.lg.jp/soshikikarasagasu/kankyocenter/1/1/gomi/7762.html,2026-04-17,,2026-08-13,False
naka-20,nakatsugawa,中津川市,インラインスケート,燃えるごみ,,,中津川市 ごみの出し方ガイドブック,https://www.city.nakatsugawa.lg.jp/material/files/group/56/guidebook1.pdf,13,https://www.city.nakatsugawa.lg.jp/soshikikarasagasu/kankyocenter/1/1/gomi/7762.html,2026-04-17,,2026-08-13,False
naka-21,nakatsugawa,中津川市,ウインドファン,大型ごみ,電気コードは切って硬質ごみ。冷房機能（冷媒、フロン入り のもの）がついているものは、引取り不可。,１台,中津川市 ごみの出し方ガイドブック,https://www.city.nakatsugawa.lg.jp/material/files/group/56/guidebook1.pdf,13,https://www.city.nakatsugawa.lg.jp/soshikikarasagasu/kankyocenter/1/1/gomi/7762.html,2026-04-17,,2026-08-13,False
naka-22,nakatsugawa,中津川市,植木鉢（陶器・金属）,燃えないごみ,土は除く。 指定袋に収まらないものは、大型ごみ。プラスチック製で 40cm以下のものは、燃えるごみ。40cmを超えるものは、大型ごみ。,３個まで 束ねて,中津川市 ごみの出し方ガイドブック,https://www.city.nakatsugawa.lg.jp/material/files/group/56/guidebook1.pdf,13,https://www.city.nakatsugawa.lg.jp/soshikikarasagasu/kankyocenter/1/1/gomi/7762.html,2026-04-17,,2026-08-13,False
naka-23,nakatsugawa,中津川市,植木用支柱（金属製）,燃えないごみ,指定袋に収まらないものは、大型ごみ。プラスチック製で40cm 以下であれば、燃えるごみ。40cmを超えるものは、大型ごみ。,10本まで 束ねて,中津川市 ごみの出し方ガイドブック,https://www.city.nakatsugawa.lg.jp/material/files/group/56/guidebook1.pdf,13,https://www.city.nakatsugawa.lg.jp/soshikikarasagasu/kankyocenter/1/1/gomi/7762.html,2026-04-17,,2026-08-13,False
naka-24,nakatsugawa,中津川市,ウォーターサーバー,大型ごみ,冷却機能がついているものは、引取り不可。,１台,中津川市 ごみの出し方ガイドブック,https://www.city.nakatsugawa.lg.jp/material/files/group/56/guidebook1.pdf,13,https://www.city.nakatsugawa.lg.jp/soshikikarasagasu/kankyocenter/1/1/gomi/7762.html,2026-04-17,,2026-08-13,False
naka-25,nakatsugawa,中津川市,浮輪,燃えるごみ,,,中津川市 ごみの出し方ガイドブック,https://www.city.nakatsugawa.lg.jp/material/files/group/56/guidebook1.pdf,13,https://www.city.nakatsugawa.lg.jp/soshikikarasagasu/kankyocenter/1/1/gomi/7762.html,2026-04-17,,2026-08-13,False
naka-26,nakatsugawa,中津川市,臼（石製）,引取りできないごみ,廃棄物処理業者、販売店などへ相談｡,,中津川市 ごみの出し方ガイドブック,https://www.city.nakatsugawa.lg.jp/material/files/group/56/guidebook1.pdf,13,https://www.city.nakatsugawa.lg.jp/soshikikarasagasu/kankyocenter/1/1/gomi/7762.html,2026-04-17,,2026-08-13,False
naka-27,nakatsugawa,中津川市,臼（木製）,引取りできないごみ,廃棄物処理業者、販売店などへ相談｡10cm以内に割り、長さ １ｍ以内とすれば大型ごみで出せる。,１個分を まとめて,中津川市 ごみの出し方ガイドブック,https://www.city.nakatsugawa.lg.jp/material/files/group/56/guidebook1.pdf,13,https://www.city.nakatsugawa.lg.jp/soshikikarasagasu/kankyocenter/1/1/gomi/7762.html,2026-04-17,,2026-08-13,False
naka-28,nakatsugawa,中津川市,腕時計,燃えないごみ,布（革）ベルトははずして、燃えるごみ｡,,中津川市 ごみの出し方ガイドブック,https://www.city.nakatsugawa.lg.jp/material/files/group/56/guidebook1.pdf,13,https://www.city.nakatsugawa.lg.jp/soshikikarasagasu/kankyocenter/1/1/gomi/7762.html,2026-04-17,,2026-08-13,False
naka-29,nakatsugawa,中津川市,乳母車,大型ごみ,ベビーカー・バギーも同様。,１台,中津川市 ごみの出し方ガイドブック,https://www.city.nakatsugawa.lg.jp/material/files/group/56/guidebook1.pdf,13,https://www.city.nakatsugawa.lg.jp/soshikikarasagasu/kankyocenter/1/1/gomi/7762.html,2026-04-17,,2026-08-13,False
naka-30,nakatsugawa,中津川市,羽毛布団,大型ごみ,40cm以下に切れば、燃えるごみ。,２枚まで 束ねて,中津川市 ごみの出し方ガイドブック,https://www.city.nakatsugawa.lg.jp/material/files/group/56/guidebook1.pdf,13,https://www.city.nakatsugawa.lg.jp/soshikikarasagasu/kankyocenter/1/1/gomi/7762.html,2026-04-17,,2026-08-13,False
naka-31,nakatsugawa,中津川市,ウレタン,大型ごみ,マットレスに限る。断熱材等の建築廃材は、引取り不可。,１枚,中津川市 ごみの出し方ガイドブック,https://www.city.nakatsugawa.lg.jp/material/files/group/56/guidebook1.pdf,13,https://www.city.nakatsugawa.lg.jp/soshikikarasagasu/kankyocenter/1/1/gomi/7762.html,2026-04-17,,2026-08-13,False
naka-32,nakatsugawa,中津川市,エアコン、クーラー,リサイクル対象品,家電リサイクル法対象品。17ページ参照。,,中津川市 ごみの出し方ガイドブック,https://www.city.nakatsugawa.lg.jp/material/files/group/56/guidebook1.pdf,13,https://www.city.nakatsugawa.lg.jp/soshikikarasagasu/kankyocenter/1/1/gomi/7762.html,2026-04-17,,2026-08-13,False
naka-33,nakatsugawa,中津川市,映写機,燃えないごみ,電気コードは切って、硬質ごみ。,,中津川市 ごみの出し方ガイドブック,https://www.city.nakatsugawa.lg.jp/material/files/group/56/guidebook1.pdf,13,https://www.city.nakatsugawa.lg.jp/soshikikarasagasu/kankyocenter/1/1/gomi/7762.html,2026-04-17,,2026-08-13,False
naka-34,nakatsugawa,中津川市,AED,燃えないごみ,販売店、取扱店へ相談。引取りしてもらえない場合は、 バッテリーをはずして、燃えないごみ。,,中津川市 ごみの出し方ガイドブック,https://www.city.nakatsugawa.lg.jp/material/files/group/56/guidebook1.pdf,13,https://www.city.nakatsugawa.lg.jp/soshikikarasagasu/kankyocenter/1/1/gomi/7762.html,2026-04-17,,2026-08-13,False
naka-35,nakatsugawa,中津川市,枝類,燃えるごみ,断面直径8cm以下・長さ40cm以下で、直径30cm以内の 束にし、燃えるごみ袋（大）を１枚縛り付ける。,,中津川市 ごみの出し方ガイドブック,https://www.city.nakatsugawa.lg.jp/material/files/group/56/guidebook1.pdf,13,https://www.city.nakatsugawa.lg.jp/soshikikarasagasu/kankyocenter/1/1/gomi/7762.html,2026-04-17,,2026-08-13,False
naka-36,nakatsugawa,中津川市,えのぐ,燃えるごみ,,,中津川市 ごみの出し方ガイドブック,https://www.city.nakatsugawa.lg.jp/material/files/group/56/guidebook1.pdf,13,https://www.city.nakatsugawa.lg.jp/soshikikarasagasu/kankyocenter/1/1/gomi/7762.html,2026-04-17,,2026-08-13,False
naka-37,nakatsugawa,中津川市,エレクトーン,大型ごみ,電気コードは切って硬質ごみ。 最大サイズ【140ｃｍ×90ｃｍ×200ｃｍ】を超えるものは、引取り不可。,１台,中津川市 ごみの出し方ガイドブック,https://www.city.nakatsugawa.lg.jp/material/files/group/56/guidebook1.pdf,13,https://www.city.nakatsugawa.lg.jp/soshikikarasagasu/kankyocenter/1/1/gomi/7762.html,2026-04-17,,2026-08-13,False
naka-38,nakatsugawa,中津川市,延長コード,硬質ごみ,,,中津川市 ごみの出し方ガイドブック,https://www.city.nakatsugawa.lg.jp/material/files/group/56/guidebook1.pdf,13,https://www.city.nakatsugawa.lg.jp/soshikikarasagasu/kankyocenter/1/1/gomi/7762.html,2026-04-17,,2026-08-13,False
naka-39,nakatsugawa,中津川市,煙突,燃えないごみ,金属製のものに限る。指定袋に収まらないものは、大型ご み。（長さは２ｍ以下。）金属製以外の物は、引取り不可。,１本,中津川市 ごみの出し方ガイドブック,https://www.city.nakatsugawa.lg.jp/material/files/group/56/guidebook1.pdf,13,https://www.city.nakatsugawa.lg.jp/soshikikarasagasu/kankyocenter/1/1/gomi/7762.html,2026-04-17,,2026-08-13,False
naka-40,nakatsugawa,中津川市,鉛筆,燃えるごみ,,,中津川市 ごみの出し方ガイドブック,https://www.city.nakatsugawa.lg.jp/material/files/group/56/guidebook1.pdf,13,https://www.city.nakatsugawa.lg.jp/soshikikarasagasu/kankyocenter/1/1/gomi/7762.html,2026-04-17,,2026-08-13,False
naka-41,nakatsugawa,中津川市,鉛筆削り器,燃えないごみ,電気コードは切って、硬質ごみ。,,中津川市 ごみの出し方ガイドブック,https://www.city.nakatsugawa.lg.jp/material/files/group/56/guidebook1.pdf,13,https://www.city.nakatsugawa.lg.jp/soshikikarasagasu/kankyocenter/1/1/gomi/7762.html,2026-04-17,,2026-08-13,False
naka-42,nakatsugawa,中津川市,オイル,引取りできないごみ,廃棄物処理業者、販売店などへ相談｡,,中津川市 ごみの出し方ガイドブック,https://www.city.nakatsugawa.lg.jp/material/files/group/56/guidebook1.pdf,13,https://www.city.nakatsugawa.lg.jp/soshikikarasagasu/kankyocenter/1/1/gomi/7762.html,2026-04-17,,2026-08-13,False
naka-43,nakatsugawa,中津川市,オイルヒーター,引取りできないごみ,廃棄物処理業者、販売店などへ相談｡,,中津川市 ごみの出し方ガイドブック,https://www.city.nakatsugawa.lg.jp/material/files/group/56/guidebook1.pdf,13,https://www.city.nakatsugawa.lg.jp/soshikikarasagasu/kankyocenter/1/1/gomi/7762.html,2026-04-17,,2026-08-13,False
naka-44,nakatsugawa,中津川市,オーディオ,燃えないごみ,指定袋に収まらないものは、大型ごみ。 電気コードは切って、硬質ごみ。,１セットを まとめて,中津川市 ごみの出し方ガイドブック,https://www.city.nakatsugawa.lg.jp/material/files/group/56/guidebook1.pdf,13,https://www.city.nakatsugawa.lg.jp/soshikikarasagasu/kankyocenter/1/1/gomi/7762.html,2026-04-17,,2026-08-13,False
naka-45,nakatsugawa,中津川市,オートバイ部品,引取りできないごみ,廃棄物処理業者、販売店などへ相談｡,,中津川市 ごみの出し方ガイドブック,https://www.city.nakatsugawa.lg.jp/material/files/group/56/guidebook1.pdf,13,https://www.city.nakatsugawa.lg.jp/soshikikarasagasu/kankyocenter/1/1/gomi/7762.html,2026-04-17,,2026-08-13,False
naka-46,nakatsugawa,中津川市,オーブントースター,燃えないごみ,電気コードは切って、硬質ごみ。,,中津川市 ごみの出し方ガイドブック,https://www.city.nakatsugawa.lg.jp/material/files/group/56/guidebook1.pdf,13,https://www.city.nakatsugawa.lg.jp/soshikikarasagasu/kankyocenter/1/1/gomi/7762.html,2026-04-17,,2026-08-13,False
naka-47,nakatsugawa,中津川市,オーブンレンジ,大型ごみ,,１台,中津川市 ごみの出し方ガイドブック,https://www.city.nakatsugawa.lg.jp/material/files/group/56/guidebook1.pdf,13,https://www.city.nakatsugawa.lg.jp/soshikikarasagasu/kankyocenter/1/1/gomi/7762.html,2026-04-17,,2026-08-13,False
naka-48,nakatsugawa,中津川市,桶（木・プラスチック製）,燃えるごみ,40cmを超えるものは、大型ごみ。 金属製のものは、燃えないごみ。,１個,中津川市 ごみの出し方ガイドブック,https://www.city.nakatsugawa.lg.jp/material/files/group/56/guidebook1.pdf,13,https://www.city.nakatsugawa.lg.jp/soshikikarasagasu/kankyocenter/1/1/gomi/7762.html,2026-04-17,,2026-08-13,False
naka-49,nakatsugawa,中津川市,お玉（金属製）,燃えないごみ,木製・プラスチック製のものは、燃えるごみ。,,中津川市 ごみの出し方ガイドブック,https://www.city.nakatsugawa.lg.jp/material/files/group/56/guidebook1.pdf,13,https://www.city.nakatsugawa.lg.jp/soshikikarasagasu/kankyocenter/1/1/gomi/7762.html,2026-04-17,,2026-08-13,False
naka-50,nakatsugawa,中津川市,落ち葉,燃えるごみ,,,中津川市 ごみの出し方ガイドブック,https://www.city.nakatsugawa.lg.jp/material/files/group/56/guidebook1.pdf,13,https://www.city.nakatsugawa.lg.jp/soshikikarasagasu/kankyocenter/1/1/gomi/7762.html,2026-04-17,,2026-08-13,False
naka-51,nakatsugawa,中津川市,おまる（プラスチック製）,燃えるごみ,40cmを超えるものは、大型ごみ。 きれいに洗って出す。,１個,中津川市 ごみの出し方ガイドブック,https://www.city.nakatsugawa.lg.jp/material/files/group/56/guidebook1.pdf,13,https://www.city.nakatsugawa.lg.jp/soshikikarasagasu/kankyocenter/1/1/gomi/7762.html,2026-04-17,,2026-08-13,False
naka-52,nakatsugawa,中津川市,おむつ（紙・布）,燃えるごみ,汚物は取り除く。,,中津川市 ごみの出し方ガイドブック,https://www.city.nakatsugawa.lg.jp/material/files/group/56/guidebook1.pdf,13,https://www.city.nakatsugawa.lg.jp/soshikikarasagasu/kankyocenter/1/1/gomi/7762.html,2026-04-17,,2026-08-13,False
naka-53,nakatsugawa,中津川市,おむつカバー,燃えるごみ,,,中津川市 ごみの出し方ガイドブック,https://www.city.nakatsugawa.lg.jp/material/files/group/56/guidebook1.pdf,13,https://www.city.nakatsugawa.lg.jp/soshikikarasagasu/kankyocenter/1/1/gomi/7762.html,2026-04-17,,2026-08-13,False
naka-54,nakatsugawa,中津川市,おもちゃ （木・プラスチック製）,燃えるごみ,金属製のものや金属部分は、燃えないごみ。 40cmを超えるものは、大型ごみ。,１個,中津川市 ごみの出し方ガイドブック,https://www.city.nakatsugawa.lg.jp/material/files/group/56/guidebook1.pdf,13,https://www.city.nakatsugawa.lg.jp/soshikikarasagasu/kankyocenter/1/1/gomi/7762.html,2026-04-17,,2026-08-13,False
naka-55,nakatsugawa,中津川市,オルガン,大型ごみ,電気コードは切って、硬質ごみ。 最大サイズ【140cm×90cm×200cm】を超えるものは、引取り不可。,１台,中津川市 ごみの出し方ガイドブック,https://www.city.nakatsugawa.lg.jp/material/files/group/56/guidebook1.pdf,14,https://www.city.nakatsugawa.lg.jp/soshikikarasagasu/kankyocenter/1/1/gomi/7762.html,2026-04-17,,2026-08-13,False
naka-56,nakatsugawa,中津川市,オルゴール,燃えないごみ,,,中津川市 ごみの出し方ガイドブック,https://www.city.nakatsugawa.lg.jp/material/files/group/56/guidebook1.pdf,14,https://www.city.nakatsugawa.lg.jp/soshikikarasagasu/kankyocenter/1/1/gomi/7762.html,2026-04-17,,2026-08-13,False
naka-57,nakatsugawa,中津川市,おろし金（金属製）,燃えないごみ,木製・プラスチック製のものは、燃えるごみ。,,中津川市 ごみの出し方ガイドブック,https://www.city.nakatsugawa.lg.jp/material/files/group/56/guidebook1.pdf,14,https://www.city.nakatsugawa.lg.jp/soshikikarasagasu/kankyocenter/1/1/gomi/7762.html,2026-04-17,,2026-08-13,False
naka-58,nakatsugawa,中津川市,温度計,燃えないごみ,水銀計は、有害ごみ｡,,中津川市 ごみの出し方ガイドブック,https://www.city.nakatsugawa.lg.jp/material/files/group/56/guidebook1.pdf,14,https://www.city.nakatsugawa.lg.jp/soshikikarasagasu/kankyocenter/1/1/gomi/7762.html,2026-04-17,,2026-08-13,False
naka-59,nakatsugawa,中津川市,カーステレオ,燃えないごみ,電気コードは切って、硬質ごみ。,,中津川市 ごみの出し方ガイドブック,https://www.city.nakatsugawa.lg.jp/material/files/group/56/guidebook1.pdf,14,https://www.city.nakatsugawa.lg.jp/soshikikarasagasu/kankyocenter/1/1/gomi/7762.html,2026-04-17,,2026-08-13,False
naka-60,nakatsugawa,中津川市,カーテン,大型ごみ,40cm以下に切れば、燃えるごみ｡ 金具類は外して、燃 えないごみ｡,４枚まで 束ねて,中津川市 ごみの出し方ガイドブック,https://www.city.nakatsugawa.lg.jp/material/files/group/56/guidebook1.pdf,14,https://www.city.nakatsugawa.lg.jp/soshikikarasagasu/kankyocenter/1/1/gomi/7762.html,2026-04-17,,2026-08-13,False
naka-61,nakatsugawa,中津川市,カーテンレール,大型ごみ,指定袋に収まれば、燃えないごみ。 最大サイズ【140cm×90cm×200cm】を超えるものは、引取り不可。,２本まで 束ねて,中津川市 ごみの出し方ガイドブック,https://www.city.nakatsugawa.lg.jp/material/files/group/56/guidebook1.pdf,14,https://www.city.nakatsugawa.lg.jp/soshikikarasagasu/kankyocenter/1/1/gomi/7762.html,2026-04-17,,2026-08-13,False
naka-62,nakatsugawa,中津川市,カーナビゲーション,燃えないごみ,電気コードは切って、硬質ごみ。,,中津川市 ごみの出し方ガイドブック,https://www.city.nakatsugawa.lg.jp/material/files/group/56/guidebook1.pdf,14,https://www.city.nakatsugawa.lg.jp/soshikikarasagasu/kankyocenter/1/1/gomi/7762.html,2026-04-17,,2026-08-13,False
naka-63,nakatsugawa,中津川市,カーぺット,大型ごみ,40cm以下に切れば、燃えるごみ。,１枚,中津川市 ごみの出し方ガイドブック,https://www.city.nakatsugawa.lg.jp/material/files/group/56/guidebook1.pdf,14,https://www.city.nakatsugawa.lg.jp/soshikikarasagasu/kankyocenter/1/1/gomi/7762.html,2026-04-17,,2026-08-13,False
naka-64,nakatsugawa,中津川市,カーボン紙,燃えるごみ,,,中津川市 ごみの出し方ガイドブック,https://www.city.nakatsugawa.lg.jp/material/files/group/56/guidebook1.pdf,14,https://www.city.nakatsugawa.lg.jp/soshikikarasagasu/kankyocenter/1/1/gomi/7762.html,2026-04-17,,2026-08-13,False
naka-65,nakatsugawa,中津川市,絵画,燃えるごみ,40cmを超えるものは、大型ごみ。,１枚,中津川市 ごみの出し方ガイドブック,https://www.city.nakatsugawa.lg.jp/material/files/group/56/guidebook1.pdf,14,https://www.city.nakatsugawa.lg.jp/soshikikarasagasu/kankyocenter/1/1/gomi/7762.html,2026-04-17,,2026-08-13,False
naka-66,nakatsugawa,中津川市,貝殻,燃えるごみ,,,中津川市 ごみの出し方ガイドブック,https://www.city.nakatsugawa.lg.jp/material/files/group/56/guidebook1.pdf,14,https://www.city.nakatsugawa.lg.jp/soshikikarasagasu/kankyocenter/1/1/gomi/7762.html,2026-04-17,,2026-08-13,False
naka-67,nakatsugawa,中津川市,懐中電灯,燃えないごみ,電池は取りはずして、有害ごみ｡,,中津川市 ごみの出し方ガイドブック,https://www.city.nakatsugawa.lg.jp/material/files/group/56/guidebook1.pdf,14,https://www.city.nakatsugawa.lg.jp/soshikikarasagasu/kankyocenter/1/1/gomi/7762.html,2026-04-17,,2026-08-13,False
naka-68,nakatsugawa,中津川市,鏡,燃えないごみ,指定袋に入らないものは、大型ごみ。,1枚,中津川市 ごみの出し方ガイドブック,https://www.city.nakatsugawa.lg.jp/material/files/group/56/guidebook1.pdf,14,https://www.city.nakatsugawa.lg.jp/soshikikarasagasu/kankyocenter/1/1/gomi/7762.html,2026-04-17,,2026-08-13,False
naka-69,nakatsugawa,中津川市,かき氷機 ( 氷削り器 ),燃えないごみ,プラスチック製で40cm以下のものは燃えるごみ。 指定袋に入らないものは、大型ごみ。,1台,中津川市 ごみの出し方ガイドブック,https://www.city.nakatsugawa.lg.jp/material/files/group/56/guidebook1.pdf,14,https://www.city.nakatsugawa.lg.jp/soshikikarasagasu/kankyocenter/1/1/gomi/7762.html,2026-04-17,,2026-08-13,False
naka-70,nakatsugawa,中津川市,鍵・錠,燃えないごみ,,,中津川市 ごみの出し方ガイドブック,https://www.city.nakatsugawa.lg.jp/material/files/group/56/guidebook1.pdf,14,https://www.city.nakatsugawa.lg.jp/soshikikarasagasu/kankyocenter/1/1/gomi/7762.html,2026-04-17,,2026-08-13,False
naka-71,nakatsugawa,中津川市,学習机,大型ごみ,,１台,中津川市 ごみの出し方ガイドブック,https://www.city.nakatsugawa.lg.jp/material/files/group/56/guidebook1.pdf,14,https://www.city.nakatsugawa.lg.jp/soshikikarasagasu/kankyocenter/1/1/gomi/7762.html,2026-04-17,,2026-08-13,False
naka-72,nakatsugawa,中津川市,額縁（木製）,燃えるごみ,ガラスははずして、燃えないごみ。金属製のものは、燃えな いごみ。40cmを超えるものは、大型ごみ。,1枚,中津川市 ごみの出し方ガイドブック,https://www.city.nakatsugawa.lg.jp/material/files/group/56/guidebook1.pdf,14,https://www.city.nakatsugawa.lg.jp/soshikikarasagasu/kankyocenter/1/1/gomi/7762.html,2026-04-17,,2026-08-13,False
naka-73,nakatsugawa,中津川市,かさ（傘）,燃えないごみ,「かさ」に限り、袋からはみ出していても可。 布地ははずして、燃えるごみ｡,,中津川市 ごみの出し方ガイドブック,https://www.city.nakatsugawa.lg.jp/material/files/group/56/guidebook1.pdf,14,https://www.city.nakatsugawa.lg.jp/soshikikarasagasu/kankyocenter/1/1/gomi/7762.html,2026-04-17,,2026-08-13,False
naka-74,nakatsugawa,中津川市,加湿器,燃えないごみ,電気コードは切って、硬質ごみ｡指定袋に収まらないものは、大型ご み。フロン等のガスを使用している機器については、引取り不可。,１台,中津川市 ごみの出し方ガイドブック,https://www.city.nakatsugawa.lg.jp/material/files/group/56/guidebook1.pdf,14,https://www.city.nakatsugawa.lg.jp/soshikikarasagasu/kankyocenter/1/1/gomi/7762.html,2026-04-17,,2026-08-13,False
naka-75,nakatsugawa,中津川市,菓子袋,燃えるごみ,,,中津川市 ごみの出し方ガイドブック,https://www.city.nakatsugawa.lg.jp/material/files/group/56/guidebook1.pdf,14,https://www.city.nakatsugawa.lg.jp/soshikikarasagasu/kankyocenter/1/1/gomi/7762.html,2026-04-17,,2026-08-13,False
naka-76,nakatsugawa,中津川市,ガスオーブンレンジ,大型ごみ,,１台,中津川市 ごみの出し方ガイドブック,https://www.city.nakatsugawa.lg.jp/material/files/group/56/guidebook1.pdf,14,https://www.city.nakatsugawa.lg.jp/soshikikarasagasu/kankyocenter/1/1/gomi/7762.html,2026-04-17,,2026-08-13,False
naka-77,nakatsugawa,中津川市,ガスコンロ,燃えないごみ,指定袋に収まらないものは、大型ごみ。 着火用の電池は取りはずし、有害ごみ。,１台,中津川市 ごみの出し方ガイドブック,https://www.city.nakatsugawa.lg.jp/material/files/group/56/guidebook1.pdf,14,https://www.city.nakatsugawa.lg.jp/soshikikarasagasu/kankyocenter/1/1/gomi/7762.html,2026-04-17,,2026-08-13,False
naka-78,nakatsugawa,中津川市,ガス炊飯器,燃えないごみ,指定袋に収まらないものは、大型ごみ。,１台,中津川市 ごみの出し方ガイドブック,https://www.city.nakatsugawa.lg.jp/material/files/group/56/guidebook1.pdf,14,https://www.city.nakatsugawa.lg.jp/soshikikarasagasu/kankyocenter/1/1/gomi/7762.html,2026-04-17,,2026-08-13,False
naka-79,nakatsugawa,中津川市,ガス台,大型ごみ,ガスコンロ・ガステーブルを置くための台。,１台,中津川市 ごみの出し方ガイドブック,https://www.city.nakatsugawa.lg.jp/material/files/group/56/guidebook1.pdf,14,https://www.city.nakatsugawa.lg.jp/soshikikarasagasu/kankyocenter/1/1/gomi/7762.html,2026-04-17,,2026-08-13,False
naka-80,nakatsugawa,中津川市,ガスボンベ,引取りできないごみ,廃棄物処理業者、販売店などへ相談｡,,中津川市 ごみの出し方ガイドブック,https://www.city.nakatsugawa.lg.jp/material/files/group/56/guidebook1.pdf,14,https://www.city.nakatsugawa.lg.jp/soshikikarasagasu/kankyocenter/1/1/gomi/7762.html,2026-04-17,,2026-08-13,False
naka-81,nakatsugawa,中津川市,カセットコンロ,燃えないごみ,カセットボンベは取りはずし、必ず穴を開けてから、有害ごみ。,,中津川市 ごみの出し方ガイドブック,https://www.city.nakatsugawa.lg.jp/material/files/group/56/guidebook1.pdf,14,https://www.city.nakatsugawa.lg.jp/soshikikarasagasu/kankyocenter/1/1/gomi/7762.html,2026-04-17,,2026-08-13,False
naka-82,nakatsugawa,中津川市,カセットテープ,燃えるごみ,,,中津川市 ごみの出し方ガイドブック,https://www.city.nakatsugawa.lg.jp/material/files/group/56/guidebook1.pdf,14,https://www.city.nakatsugawa.lg.jp/soshikikarasagasu/kankyocenter/1/1/gomi/7762.html,2026-04-17,,2026-08-13,False
naka-83,nakatsugawa,中津川市,カセットデッキ,燃えないごみ,電気コードは切って、硬質ごみ。,,中津川市 ごみの出し方ガイドブック,https://www.city.nakatsugawa.lg.jp/material/files/group/56/guidebook1.pdf,14,https://www.city.nakatsugawa.lg.jp/soshikikarasagasu/kankyocenter/1/1/gomi/7762.html,2026-04-17,,2026-08-13,False
naka-84,nakatsugawa,中津川市,カセットボンベ（卓上用）,有害ごみ,使い切ったあと、必ず穴を開ける。 ガスが残っているものは、環境センターへ相談。,,中津川市 ごみの出し方ガイドブック,https://www.city.nakatsugawa.lg.jp/material/files/group/56/guidebook1.pdf,14,https://www.city.nakatsugawa.lg.jp/soshikikarasagasu/kankyocenter/1/1/gomi/7762.html,2026-04-17,,2026-08-13,False
naka-85,nakatsugawa,中津川市,カッターナイフ（刃を含む）,燃えないごみ,,,中津川市 ごみの出し方ガイドブック,https://www.city.nakatsugawa.lg.jp/material/files/group/56/guidebook1.pdf,14,https://www.city.nakatsugawa.lg.jp/soshikikarasagasu/kankyocenter/1/1/gomi/7762.html,2026-04-17,,2026-08-13,False
naka-86,nakatsugawa,中津川市,かっぱ（雨着）,燃えるごみ,,,中津川市 ごみの出し方ガイドブック,https://www.city.nakatsugawa.lg.jp/material/files/group/56/guidebook1.pdf,14,https://www.city.nakatsugawa.lg.jp/soshikikarasagasu/kankyocenter/1/1/gomi/7762.html,2026-04-17,,2026-08-13,False
naka-87,nakatsugawa,中津川市,金網,硬質ごみ,回収コンテナに入らない大きなものは、大型ごみ。 直接持ち込みに限る。,,中津川市 ごみの出し方ガイドブック,https://www.city.nakatsugawa.lg.jp/material/files/group/56/guidebook1.pdf,14,https://www.city.nakatsugawa.lg.jp/soshikikarasagasu/kankyocenter/1/1/gomi/7762.html,2026-04-17,,2026-08-13,False
naka-88,nakatsugawa,中津川市,簡易トイレ,大型ごみ,必ず、中をきれいに洗って出す。最大サイズ 【140cm×90cm×200cm】を超えるものは、引取り不可。,１台,中津川市 ごみの出し方ガイドブック,https://www.city.nakatsugawa.lg.jp/material/files/group/56/guidebook1.pdf,14,https://www.city.nakatsugawa.lg.jp/soshikikarasagasu/kankyocenter/1/1/gomi/7762.html,2026-04-17,,2026-08-13,False
naka-89,nakatsugawa,中津川市,かばん,燃えるごみ,40cmを超えるものは、大型ごみ。 金属部分ははずして、燃えないごみ｡,１個,中津川市 ごみの出し方ガイドブック,https://www.city.nakatsugawa.lg.jp/material/files/group/56/guidebook1.pdf,14,https://www.city.nakatsugawa.lg.jp/soshikikarasagasu/kankyocenter/1/1/gomi/7762.html,2026-04-17,,2026-08-13,False
naka-90,nakatsugawa,中津川市,画鋲,燃えないごみ,,,中津川市 ごみの出し方ガイドブック,https://www.city.nakatsugawa.lg.jp/material/files/group/56/guidebook1.pdf,14,https://www.city.nakatsugawa.lg.jp/soshikikarasagasu/kankyocenter/1/1/gomi/7762.html,2026-04-17,,2026-08-13,False
naka-91,nakatsugawa,中津川市,花瓶（ガラス・陶器）,燃えないごみ,,,中津川市 ごみの出し方ガイドブック,https://www.city.nakatsugawa.lg.jp/material/files/group/56/guidebook1.pdf,14,https://www.city.nakatsugawa.lg.jp/soshikikarasagasu/kankyocenter/1/1/gomi/7762.html,2026-04-17,,2026-08-13,False
naka-92,nakatsugawa,中津川市,壁紙（ロール）,引取りできないごみ,ロール状のものは引取り不可。ロールを解き１人で持てる重 さに束ねれば、大型ごみ。40cm以下に切れば、燃えるごみ。,１束,中津川市 ごみの出し方ガイドブック,https://www.city.nakatsugawa.lg.jp/material/files/group/56/guidebook1.pdf,14,https://www.city.nakatsugawa.lg.jp/soshikikarasagasu/kankyocenter/1/1/gomi/7762.html,2026-04-17,,2026-08-13,False
naka-93,nakatsugawa,中津川市,鎌,燃えないごみ,木製の柄の部分は、40cm以下に切って、燃えるごみ。,,中津川市 ごみの出し方ガイドブック,https://www.city.nakatsugawa.lg.jp/material/files/group/56/guidebook1.pdf,14,https://www.city.nakatsugawa.lg.jp/soshikikarasagasu/kankyocenter/1/1/gomi/7762.html,2026-04-17,,2026-08-13,False
naka-94,nakatsugawa,中津川市,釜,硬質ごみ,炊飯器の中の釜は燃えないごみ。,,中津川市 ごみの出し方ガイドブック,https://www.city.nakatsugawa.lg.jp/material/files/group/56/guidebook1.pdf,14,https://www.city.nakatsugawa.lg.jp/soshikikarasagasu/kankyocenter/1/1/gomi/7762.html,2026-04-17,,2026-08-13,False
naka-95,nakatsugawa,中津川市,紙、雑紙（ざつがみ）,資源となるごみ,49ページを参照。 リサイクルＢＯＸ、学校等の資源回収へ出す。,,中津川市 ごみの出し方ガイドブック,https://www.city.nakatsugawa.lg.jp/material/files/group/56/guidebook1.pdf,14,https://www.city.nakatsugawa.lg.jp/soshikikarasagasu/kankyocenter/1/1/gomi/7762.html,2026-04-17,,2026-08-13,False
naka-96,nakatsugawa,中津川市,紙くず類,燃えるごみ,油等で汚れているものやティッシュ等。,,中津川市 ごみの出し方ガイドブック,https://www.city.nakatsugawa.lg.jp/material/files/group/56/guidebook1.pdf,14,https://www.city.nakatsugawa.lg.jp/soshikikarasagasu/kankyocenter/1/1/gomi/7762.html,2026-04-17,,2026-08-13,False
naka-97,nakatsugawa,中津川市,紙コップ,燃えるごみ,,,中津川市 ごみの出し方ガイドブック,https://www.city.nakatsugawa.lg.jp/material/files/group/56/guidebook1.pdf,14,https://www.city.nakatsugawa.lg.jp/soshikikarasagasu/kankyocenter/1/1/gomi/7762.html,2026-04-17,,2026-08-13,False
naka-98,nakatsugawa,中津川市,かみそり,燃えないごみ,,,中津川市 ごみの出し方ガイドブック,https://www.city.nakatsugawa.lg.jp/material/files/group/56/guidebook1.pdf,14,https://www.city.nakatsugawa.lg.jp/soshikikarasagasu/kankyocenter/1/1/gomi/7762.html,2026-04-17,,2026-08-13,False
naka-99,nakatsugawa,中津川市,神棚,大型ごみ,精を抜き（お祓い・魂抜き）、可能な限り分解して出す。 環境センターへの直接持ち込みに限る。,,中津川市 ごみの出し方ガイドブック,https://www.city.nakatsugawa.lg.jp/material/files/group/56/guidebook1.pdf,14,https://www.city.nakatsugawa.lg.jp/soshikikarasagasu/kankyocenter/1/1/gomi/7762.html,2026-04-17,,2026-08-13,False
naka-100,nakatsugawa,中津川市,髪の毛,燃えるごみ,,,中津川市 ごみの出し方ガイドブック,https://www.city.nakatsugawa.lg.jp/material/files/group/56/guidebook1.pdf,14,https://www.city.nakatsugawa.lg.jp/soshikikarasagasu/kankyocenter/1/1/gomi/7762.html,2026-04-17,,2026-08-13,False
naka-101,nakatsugawa,中津川市,紙パック,資源となるごみ,リサイクルＢＯＸ・小売店などの回収箱へ出す。 内側にアルミが貼ってあるものは、燃えるごみ。,,中津川市 ごみの出し方ガイドブック,https://www.city.nakatsugawa.lg.jp/material/files/group/56/guidebook1.pdf,14,https://www.city.nakatsugawa.lg.jp/soshikikarasagasu/kankyocenter/1/1/gomi/7762.html,2026-04-17,,2026-08-13,False
naka-102,nakatsugawa,中津川市,カメラ,燃えないごみ,,,中津川市 ごみの出し方ガイドブック,https://www.city.nakatsugawa.lg.jp/material/files/group/56/guidebook1.pdf,14,https://www.city.nakatsugawa.lg.jp/soshikikarasagasu/kankyocenter/1/1/gomi/7762.html,2026-04-17,,2026-08-13,False
naka-103,nakatsugawa,中津川市,蚊帳,大型ごみ,40cm以下に切れば、燃えるごみ。,１張り,中津川市 ごみの出し方ガイドブック,https://www.city.nakatsugawa.lg.jp/material/files/group/56/guidebook1.pdf,14,https://www.city.nakatsugawa.lg.jp/soshikikarasagasu/kankyocenter/1/1/gomi/7762.html,2026-04-17,,2026-08-13,False
naka-104,nakatsugawa,中津川市,カラオケ機材,燃えないごみ,指定袋に収まらないものは大型ごみ。,１組,中津川市 ごみの出し方ガイドブック,https://www.city.nakatsugawa.lg.jp/material/files/group/56/guidebook1.pdf,14,https://www.city.nakatsugawa.lg.jp/soshikikarasagasu/kankyocenter/1/1/gomi/7762.html,2026-04-17,,2026-08-13,False
naka-105,nakatsugawa,中津川市,カラーボックス,大型ごみ,,１個,中津川市 ごみの出し方ガイドブック,https://www.city.nakatsugawa.lg.jp/material/files/group/56/guidebook1.pdf,14,https://www.city.nakatsugawa.lg.jp/soshikikarasagasu/kankyocenter/1/1/gomi/7762.html,2026-04-17,,2026-08-13,False
naka-106,nakatsugawa,中津川市,ガラス,燃えないごみ,中身が見える状態で出す。 指定袋に収まらないものは、大型ごみ。,１枚,中津川市 ごみの出し方ガイドブック,https://www.city.nakatsugawa.lg.jp/material/files/group/56/guidebook1.pdf,14,https://www.city.nakatsugawa.lg.jp/soshikikarasagasu/kankyocenter/1/1/gomi/7762.html,2026-04-17,,2026-08-13,False
naka-107,nakatsugawa,中津川市,ガラスケース,大型ごみ,指定袋に収まる大きさであれば、燃えないごみ,１個,中津川市 ごみの出し方ガイドブック,https://www.city.nakatsugawa.lg.jp/material/files/group/56/guidebook1.pdf,14,https://www.city.nakatsugawa.lg.jp/soshikikarasagasu/kankyocenter/1/1/gomi/7762.html,2026-04-17,,2026-08-13,False
naka-108,nakatsugawa,中津川市,ガラス食器類,燃えないごみ,中身が見える状態で出す。,,中津川市 ごみの出し方ガイドブック,https://www.city.nakatsugawa.lg.jp/material/files/group/56/guidebook1.pdf,14,https://www.city.nakatsugawa.lg.jp/soshikikarasagasu/kankyocenter/1/1/gomi/7762.html,2026-04-17,,2026-08-13,False
naka-109,nakatsugawa,中津川市,ガラス戸,大型ごみ,ガラスは外さなくてもよい。,１枚,中津川市 ごみの出し方ガイドブック,https://www.city.nakatsugawa.lg.jp/material/files/group/56/guidebook1.pdf,15,https://www.city.nakatsugawa.lg.jp/soshikikarasagasu/kankyocenter/1/1/gomi/7762.html,2026-04-17,,2026-08-13,False
naka-110,nakatsugawa,中津川市,革・毛皮,燃えるごみ,40cmを超えるものは、大型ごみ。,１枚,中津川市 ごみの出し方ガイドブック,https://www.city.nakatsugawa.lg.jp/material/files/group/56/guidebook1.pdf,15,https://www.city.nakatsugawa.lg.jp/soshikikarasagasu/kankyocenter/1/1/gomi/7762.html,2026-04-17,,2026-08-13,False
naka-111,nakatsugawa,中津川市,瓦,引取りできないごみ,廃棄物処理業者、販売店などへ相談｡,,中津川市 ごみの出し方ガイドブック,https://www.city.nakatsugawa.lg.jp/material/files/group/56/guidebook1.pdf,15,https://www.city.nakatsugawa.lg.jp/soshikikarasagasu/kankyocenter/1/1/gomi/7762.html,2026-04-17,,2026-08-13,False
naka-112,nakatsugawa,中津川市,換気扇,燃えないごみ,電気コードは切って、硬質ごみ。,,中津川市 ごみの出し方ガイドブック,https://www.city.nakatsugawa.lg.jp/material/files/group/56/guidebook1.pdf,15,https://www.city.nakatsugawa.lg.jp/soshikikarasagasu/kankyocenter/1/1/gomi/7762.html,2026-04-17,,2026-08-13,False
naka-113,nakatsugawa,中津川市,缶切り,硬質ごみ,,,中津川市 ごみの出し方ガイドブック,https://www.city.nakatsugawa.lg.jp/material/files/group/56/guidebook1.pdf,15,https://www.city.nakatsugawa.lg.jp/soshikikarasagasu/kankyocenter/1/1/gomi/7762.html,2026-04-17,,2026-08-13,False
naka-114,nakatsugawa,中津川市,乾燥剤,燃えるごみ,石灰製のものは、水を含むと発熱するため、取扱注意。,,中津川市 ごみの出し方ガイドブック,https://www.city.nakatsugawa.lg.jp/material/files/group/56/guidebook1.pdf,15,https://www.city.nakatsugawa.lg.jp/soshikikarasagasu/kankyocenter/1/1/gomi/7762.html,2026-04-17,,2026-08-13,False
naka-115,nakatsugawa,中津川市,金槌,硬質ごみ,柄が木製のものは、40cm以下に切って、燃えるごみ。,,中津川市 ごみの出し方ガイドブック,https://www.city.nakatsugawa.lg.jp/material/files/group/56/guidebook1.pdf,15,https://www.city.nakatsugawa.lg.jp/soshikikarasagasu/kankyocenter/1/1/gomi/7762.html,2026-04-17,,2026-08-13,False
naka-116,nakatsugawa,中津川市,乾電池,有害ごみ,アルカリ・マンガン・ボタン・ニッケル等の種類は問わない。,,中津川市 ごみの出し方ガイドブック,https://www.city.nakatsugawa.lg.jp/material/files/group/56/guidebook1.pdf,15,https://www.city.nakatsugawa.lg.jp/soshikikarasagasu/kankyocenter/1/1/gomi/7762.html,2026-04-17,,2026-08-13,False
naka-117,nakatsugawa,中津川市,感熱紙,燃えるごみ,,,中津川市 ごみの出し方ガイドブック,https://www.city.nakatsugawa.lg.jp/material/files/group/56/guidebook1.pdf,15,https://www.city.nakatsugawa.lg.jp/soshikikarasagasu/kankyocenter/1/1/gomi/7762.html,2026-04-17,,2026-08-13,False
naka-118,nakatsugawa,中津川市,缶類（菓子缶、缶詰、飲料等）,資源ごみ,飲食物が入っていたものに限る。中をきれいに洗って出す。「缶類（リサイクルできないもの）」 （27ページ）も参照のこと。缶詰のフタは燃えないごみ。 プラスチック製のフタは燃えるごみ。,,中津川市 ごみの出し方ガイドブック,https://www.city.nakatsugawa.lg.jp/material/files/group/56/guidebook1.pdf,15,https://www.city.nakatsugawa.lg.jp/soshikikarasagasu/kankyocenter/1/1/gomi/7762.html,2026-04-17,,2026-08-13,False
naka-119,nakatsugawa,中津川市,缶類（リサイクルできないもの）,燃えないごみ,汚れた缶・錆びた缶、塗料缶、オイル缶など。中を水洗いし、蓋 のあるものは外して出す。袋に収まらないものは、大型ごみ。,１個,中津川市 ごみの出し方ガイドブック,https://www.city.nakatsugawa.lg.jp/material/files/group/56/guidebook1.pdf,15,https://www.city.nakatsugawa.lg.jp/soshikikarasagasu/kankyocenter/1/1/gomi/7762.html,2026-04-17,,2026-08-13,False
naka-120,nakatsugawa,中津川市,キーボード（電子オルガン）,燃えないごみ,指定袋に収まらないものは、大型ごみ。 電気コードは切って、硬質ごみ。,１台,中津川市 ごみの出し方ガイドブック,https://www.city.nakatsugawa.lg.jp/material/files/group/56/guidebook1.pdf,15,https://www.city.nakatsugawa.lg.jp/soshikikarasagasu/kankyocenter/1/1/gomi/7762.html,2026-04-17,,2026-08-13,False
naka-121,nakatsugawa,中津川市,キーボード（パソコン用）,燃えないごみ,電気コードは切って、硬質ごみ。 パソコン本体は18ページ参照。,,中津川市 ごみの出し方ガイドブック,https://www.city.nakatsugawa.lg.jp/material/files/group/56/guidebook1.pdf,15,https://www.city.nakatsugawa.lg.jp/soshikikarasagasu/kankyocenter/1/1/gomi/7762.html,2026-04-17,,2026-08-13,False
naka-122,nakatsugawa,中津川市,キーホルダー,燃えないごみ,,,中津川市 ごみの出し方ガイドブック,https://www.city.nakatsugawa.lg.jp/material/files/group/56/guidebook1.pdf,15,https://www.city.nakatsugawa.lg.jp/soshikikarasagasu/kankyocenter/1/1/gomi/7762.html,2026-04-17,,2026-08-13,False
naka-123,nakatsugawa,中津川市,木くず・木片,燃えるごみ,断面直径8cm以下・長さ40cm以下・束ねた径30cmまでのも のに市指定燃えるごみ袋（大）を１枚しばり付ける。(６ページ参照）,１個,中津川市 ごみの出し方ガイドブック,https://www.city.nakatsugawa.lg.jp/material/files/group/56/guidebook1.pdf,15,https://www.city.nakatsugawa.lg.jp/soshikikarasagasu/kankyocenter/1/1/gomi/7762.html,2026-04-17,,2026-08-13,False
naka-124,nakatsugawa,中津川市,ギター、エレキギター,大型ごみ,,１個,中津川市 ごみの出し方ガイドブック,https://www.city.nakatsugawa.lg.jp/material/files/group/56/guidebook1.pdf,15,https://www.city.nakatsugawa.lg.jp/soshikikarasagasu/kankyocenter/1/1/gomi/7762.html,2026-04-17,,2026-08-13,False
naka-125,nakatsugawa,中津川市,キックボード,燃えないごみ,,,中津川市 ごみの出し方ガイドブック,https://www.city.nakatsugawa.lg.jp/material/files/group/56/guidebook1.pdf,15,https://www.city.nakatsugawa.lg.jp/soshikikarasagasu/kankyocenter/1/1/gomi/7762.html,2026-04-17,,2026-08-13,False
naka-126,nakatsugawa,中津川市,木槌,燃えるごみ,断面直径8cm以下・長さ40cm以下にする。 上記のサイズを超えるものは、大型ごみ。,１本,中津川市 ごみの出し方ガイドブック,https://www.city.nakatsugawa.lg.jp/material/files/group/56/guidebook1.pdf,15,https://www.city.nakatsugawa.lg.jp/soshikikarasagasu/kankyocenter/1/1/gomi/7762.html,2026-04-17,,2026-08-13,False
naka-127,nakatsugawa,中津川市,キッチンワゴン,大型ごみ,,１台,中津川市 ごみの出し方ガイドブック,https://www.city.nakatsugawa.lg.jp/material/files/group/56/guidebook1.pdf,15,https://www.city.nakatsugawa.lg.jp/soshikikarasagasu/kankyocenter/1/1/gomi/7762.html,2026-04-17,,2026-08-13,False
naka-128,nakatsugawa,中津川市,杵,大型ごみ,最大サイズ【140cm×90cm×200cm】を超えるものは、引取り不可。,１個,中津川市 ごみの出し方ガイドブック,https://www.city.nakatsugawa.lg.jp/material/files/group/56/guidebook1.pdf,15,https://www.city.nakatsugawa.lg.jp/soshikikarasagasu/kankyocenter/1/1/gomi/7762.html,2026-04-17,,2026-08-13,False
naka-129,nakatsugawa,中津川市,木の根,大型ごみ,土を落とし、断面直径10cm以下・長さ１ｍ以下であれば 可。上記のサイズを超えるものは、引取り不可。,１個,中津川市 ごみの出し方ガイドブック,https://www.city.nakatsugawa.lg.jp/material/files/group/56/guidebook1.pdf,15,https://www.city.nakatsugawa.lg.jp/soshikikarasagasu/kankyocenter/1/1/gomi/7762.html,2026-04-17,,2026-08-13,False
naka-130,nakatsugawa,中津川市,着物,大型ごみ,40cm以下に切れば、燃えるごみ｡状態の良いものは、でき るだけ資源回収などのリサイクルに出す｡,３枚まで 束ねて,中津川市 ごみの出し方ガイドブック,https://www.city.nakatsugawa.lg.jp/material/files/group/56/guidebook1.pdf,15,https://www.city.nakatsugawa.lg.jp/soshikikarasagasu/kankyocenter/1/1/gomi/7762.html,2026-04-17,,2026-08-13,False
naka-131,nakatsugawa,中津川市,キャスター・キャリーバック,大型ごみ,40cm以下で、金属部分を取りはずしてあれば、燃えるごみ。 取りはずした金属は、燃えないごみ。,１個,中津川市 ごみの出し方ガイドブック,https://www.city.nakatsugawa.lg.jp/material/files/group/56/guidebook1.pdf,15,https://www.city.nakatsugawa.lg.jp/soshikikarasagasu/kankyocenter/1/1/gomi/7762.html,2026-04-17,,2026-08-13,False
naka-132,nakatsugawa,中津川市,脚立,大型ごみ,最大サイズ【140cm×90cm×200cm】を超えるものは、引 取り不可。,１台,中津川市 ごみの出し方ガイドブック,https://www.city.nakatsugawa.lg.jp/material/files/group/56/guidebook1.pdf,15,https://www.city.nakatsugawa.lg.jp/soshikikarasagasu/kankyocenter/1/1/gomi/7762.html,2026-04-17,,2026-08-13,False
naka-133,nakatsugawa,中津川市,キャリア（自動車用）,大型ごみ,,,中津川市 ごみの出し方ガイドブック,https://www.city.nakatsugawa.lg.jp/material/files/group/56/guidebook1.pdf,15,https://www.city.nakatsugawa.lg.jp/soshikikarasagasu/kankyocenter/1/1/gomi/7762.html,2026-04-17,,2026-08-13,False
naka-134,nakatsugawa,中津川市,キャッシュカード類,燃えるごみ,必ず切ってから出す。,,中津川市 ごみの出し方ガイドブック,https://www.city.nakatsugawa.lg.jp/material/files/group/56/guidebook1.pdf,15,https://www.city.nakatsugawa.lg.jp/soshikikarasagasu/kankyocenter/1/1/gomi/7762.html,2026-04-17,,2026-08-13,False
naka-135,nakatsugawa,中津川市,給水器,引取りできないごみ,冷却機能がついていないものであれば、大型ごみ。,１台,中津川市 ごみの出し方ガイドブック,https://www.city.nakatsugawa.lg.jp/material/files/group/56/guidebook1.pdf,15,https://www.city.nakatsugawa.lg.jp/soshikikarasagasu/kankyocenter/1/1/gomi/7762.html,2026-04-17,,2026-08-13,False
naka-136,nakatsugawa,中津川市,給湯器,引取りできないごみ,瞬間湯沸かし器であれば、燃えないごみ。（着火用電池はは ずして、有害ごみ。）,,中津川市 ごみの出し方ガイドブック,https://www.city.nakatsugawa.lg.jp/material/files/group/56/guidebook1.pdf,15,https://www.city.nakatsugawa.lg.jp/soshikikarasagasu/kankyocenter/1/1/gomi/7762.html,2026-04-17,,2026-08-13,False
naka-137,nakatsugawa,中津川市,牛乳パック,資源となるごみ,水洗いをし、切り開いて出す。 リサイクルＢＯＸ、学校等の資源回収へ出す。,,中津川市 ごみの出し方ガイドブック,https://www.city.nakatsugawa.lg.jp/material/files/group/56/guidebook1.pdf,15,https://www.city.nakatsugawa.lg.jp/soshikikarasagasu/kankyocenter/1/1/gomi/7762.html,2026-04-17,,2026-08-13,False
naka-138,nakatsugawa,中津川市,給油ポンプ（電動）,燃えないごみ,電池は取りはずして、有害ごみ｡,,中津川市 ごみの出し方ガイドブック,https://www.city.nakatsugawa.lg.jp/material/files/group/56/guidebook1.pdf,15,https://www.city.nakatsugawa.lg.jp/soshikikarasagasu/kankyocenter/1/1/gomi/7762.html,2026-04-17,,2026-08-13,False
naka-139,nakatsugawa,中津川市,鏡台（ドレッサー）,大型ごみ,,１台,中津川市 ごみの出し方ガイドブック,https://www.city.nakatsugawa.lg.jp/material/files/group/56/guidebook1.pdf,15,https://www.city.nakatsugawa.lg.jp/soshikikarasagasu/kankyocenter/1/1/gomi/7762.html,2026-04-17,,2026-08-13,False
naka-140,nakatsugawa,中津川市,金庫（耐火性）,引取りできないごみ,手提げ金庫であれば、燃えないごみ。,,中津川市 ごみの出し方ガイドブック,https://www.city.nakatsugawa.lg.jp/material/files/group/56/guidebook1.pdf,15,https://www.city.nakatsugawa.lg.jp/soshikikarasagasu/kankyocenter/1/1/gomi/7762.html,2026-04-17,,2026-08-13,False
naka-141,nakatsugawa,中津川市,空気入れ（金属製）,燃えないごみ,圧力容器があるものは、硬質ごみ｡ プラスチック製のものは、燃えるごみ。,,中津川市 ごみの出し方ガイドブック,https://www.city.nakatsugawa.lg.jp/material/files/group/56/guidebook1.pdf,15,https://www.city.nakatsugawa.lg.jp/soshikikarasagasu/kankyocenter/1/1/gomi/7762.html,2026-04-17,,2026-08-13,False
naka-142,nakatsugawa,中津川市,空気清浄機,燃えないごみ,電気コードは切って、硬質ごみ｡指定袋に収まらないものは、大型 ごみ。フロン等ガスを使用している機器については、引取り不可。,１台,中津川市 ごみの出し方ガイドブック,https://www.city.nakatsugawa.lg.jp/material/files/group/56/guidebook1.pdf,15,https://www.city.nakatsugawa.lg.jp/soshikikarasagasu/kankyocenter/1/1/gomi/7762.html,2026-04-17,,2026-08-13,False
naka-143,nakatsugawa,中津川市,クーラーボックス,大型ごみ,40cm以下であれば、燃えるごみ。,１個,中津川市 ごみの出し方ガイドブック,https://www.city.nakatsugawa.lg.jp/material/files/group/56/guidebook1.pdf,15,https://www.city.nakatsugawa.lg.jp/soshikikarasagasu/kankyocenter/1/1/gomi/7762.html,2026-04-17,,2026-08-13,False
naka-144,nakatsugawa,中津川市,釘類,燃えないごみ,,,中津川市 ごみの出し方ガイドブック,https://www.city.nakatsugawa.lg.jp/material/files/group/56/guidebook1.pdf,15,https://www.city.nakatsugawa.lg.jp/soshikikarasagasu/kankyocenter/1/1/gomi/7762.html,2026-04-17,,2026-08-13,False
naka-145,nakatsugawa,中津川市,草刈機,引取りできないごみ,廃棄物処理業者、販売店などへ相談｡,,中津川市 ごみの出し方ガイドブック,https://www.city.nakatsugawa.lg.jp/material/files/group/56/guidebook1.pdf,15,https://www.city.nakatsugawa.lg.jp/soshikikarasagasu/kankyocenter/1/1/gomi/7762.html,2026-04-17,,2026-08-13,False
naka-146,nakatsugawa,中津川市,草刈機の刃,硬質ごみ,,,中津川市 ごみの出し方ガイドブック,https://www.city.nakatsugawa.lg.jp/material/files/group/56/guidebook1.pdf,15,https://www.city.nakatsugawa.lg.jp/soshikikarasagasu/kankyocenter/1/1/gomi/7762.html,2026-04-17,,2026-08-13,False
naka-147,nakatsugawa,中津川市,草花,燃えるごみ,40cm以下に切ること。,,中津川市 ごみの出し方ガイドブック,https://www.city.nakatsugawa.lg.jp/material/files/group/56/guidebook1.pdf,15,https://www.city.nakatsugawa.lg.jp/soshikikarasagasu/kankyocenter/1/1/gomi/7762.html,2026-04-17,,2026-08-13,False
naka-148,nakatsugawa,中津川市,鎖（鉄製）,硬質ごみ,長いものは、大型ごみ。 プラスチック製のもで40cm以下であれば、燃えるごみ｡,１本,中津川市 ごみの出し方ガイドブック,https://www.city.nakatsugawa.lg.jp/material/files/group/56/guidebook1.pdf,15,https://www.city.nakatsugawa.lg.jp/soshikikarasagasu/kankyocenter/1/1/gomi/7762.html,2026-04-17,,2026-08-13,False
naka-149,nakatsugawa,中津川市,櫛（木・プラスチック製）,燃えるごみ,金属製のものは、燃えないごみ。,,中津川市 ごみの出し方ガイドブック,https://www.city.nakatsugawa.lg.jp/material/files/group/56/guidebook1.pdf,15,https://www.city.nakatsugawa.lg.jp/soshikikarasagasu/kankyocenter/1/1/gomi/7762.html,2026-04-17,,2026-08-13,False
naka-150,nakatsugawa,中津川市,串（竹製）,燃えるごみ,金属製のものは、燃えないごみ。,,中津川市 ごみの出し方ガイドブック,https://www.city.nakatsugawa.lg.jp/material/files/group/56/guidebook1.pdf,15,https://www.city.nakatsugawa.lg.jp/soshikikarasagasu/kankyocenter/1/1/gomi/7762.html,2026-04-17,,2026-08-13,False
naka-151,nakatsugawa,中津川市,薬（医薬品）,燃えるごみ,飲み忘れなどで薬がたくさん余る場合は、主治医に相談。,,中津川市 ごみの出し方ガイドブック,https://www.city.nakatsugawa.lg.jp/material/files/group/56/guidebook1.pdf,15,https://www.city.nakatsugawa.lg.jp/soshikikarasagasu/kankyocenter/1/1/gomi/7762.html,2026-04-17,,2026-08-13,False
naka-152,nakatsugawa,中津川市,薬の容器（プラスチック製）,燃えるごみ,,,中津川市 ごみの出し方ガイドブック,https://www.city.nakatsugawa.lg.jp/material/files/group/56/guidebook1.pdf,15,https://www.city.nakatsugawa.lg.jp/soshikikarasagasu/kankyocenter/1/1/gomi/7762.html,2026-04-17,,2026-08-13,False
naka-153,nakatsugawa,中津川市,口紅ケース（金属製）,燃えないごみ,プラスチック製のものは、燃えるごみ｡,,中津川市 ごみの出し方ガイドブック,https://www.city.nakatsugawa.lg.jp/material/files/group/56/guidebook1.pdf,15,https://www.city.nakatsugawa.lg.jp/soshikikarasagasu/kankyocenter/1/1/gomi/7762.html,2026-04-17,,2026-08-13,False
naka-154,nakatsugawa,中津川市,靴,燃えるごみ,スパイクなどの金属の部分ははずして、燃えないごみ｡ 安全靴で、つま先に鉄板が入っているものは、燃えないごみ。,,中津川市 ごみの出し方ガイドブック,https://www.city.nakatsugawa.lg.jp/material/files/group/56/guidebook1.pdf,15,https://www.city.nakatsugawa.lg.jp/soshikikarasagasu/kankyocenter/1/1/gomi/7762.html,2026-04-17,,2026-08-13,False
naka-155,nakatsugawa,中津川市,クッキングペーパー,燃えるごみ,,,中津川市 ごみの出し方ガイドブック,https://www.city.nakatsugawa.lg.jp/material/files/group/56/guidebook1.pdf,15,https://www.city.nakatsugawa.lg.jp/soshikikarasagasu/kankyocenter/1/1/gomi/7762.html,2026-04-17,,2026-08-13,False
naka-156,nakatsugawa,中津川市,クッション,燃えるごみ,40cmを超えるものは、大型ごみ。,１個,中津川市 ごみの出し方ガイドブック,https://www.city.nakatsugawa.lg.jp/material/files/group/56/guidebook1.pdf,15,https://www.city.nakatsugawa.lg.jp/soshikikarasagasu/kankyocenter/1/1/gomi/7762.html,2026-04-17,,2026-08-13,False
naka-157,nakatsugawa,中津川市,グラスウール,引取りできないごみ,廃棄物処理業者、販売店などへ相談｡,,中津川市 ごみの出し方ガイドブック,https://www.city.nakatsugawa.lg.jp/material/files/group/56/guidebook1.pdf,15,https://www.city.nakatsugawa.lg.jp/soshikikarasagasu/kankyocenter/1/1/gomi/7762.html,2026-04-17,,2026-08-13,False
naka-158,nakatsugawa,中津川市,クリスマスツリー（木・ プラスチック製）,燃えるごみ,電気コードは切って、硬質ごみ｡,,中津川市 ごみの出し方ガイドブック,https://www.city.nakatsugawa.lg.jp/material/files/group/56/guidebook1.pdf,15,https://www.city.nakatsugawa.lg.jp/soshikikarasagasu/kankyocenter/1/1/gomi/7762.html,2026-04-17,,2026-08-13,False
naka-159,nakatsugawa,中津川市,クリップ,燃えないごみ,,,中津川市 ごみの出し方ガイドブック,https://www.city.nakatsugawa.lg.jp/material/files/group/56/guidebook1.pdf,15,https://www.city.nakatsugawa.lg.jp/soshikikarasagasu/kankyocenter/1/1/gomi/7762.html,2026-04-17,,2026-08-13,False
naka-160,nakatsugawa,中津川市,クリーンヒーター,大型ごみ,,１台,中津川市 ごみの出し方ガイドブック,https://www.city.nakatsugawa.lg.jp/material/files/group/56/guidebook1.pdf,15,https://www.city.nakatsugawa.lg.jp/soshikikarasagasu/kankyocenter/1/1/gomi/7762.html,2026-04-17,,2026-08-13,False
naka-161,nakatsugawa,中津川市,車椅子（電動）,引取りできないごみ,電動でないものは、大型ごみ。,１台,中津川市 ごみの出し方ガイドブック,https://www.city.nakatsugawa.lg.jp/material/files/group/56/guidebook1.pdf,15,https://www.city.nakatsugawa.lg.jp/soshikikarasagasu/kankyocenter/1/1/gomi/7762.html,2026-04-17,,2026-08-13,False
naka-162,nakatsugawa,中津川市,グレーチング,大型ごみ,家庭用に限る。,１個,中津川市 ごみの出し方ガイドブック,https://www.city.nakatsugawa.lg.jp/material/files/group/56/guidebook1.pdf,15,https://www.city.nakatsugawa.lg.jp/soshikikarasagasu/kankyocenter/1/1/gomi/7762.html,2026-04-17,,2026-08-13,False
naka-163,nakatsugawa,中津川市,グローブ,燃えるごみ,,,中津川市 ごみの出し方ガイドブック,https://www.city.nakatsugawa.lg.jp/material/files/group/56/guidebook1.pdf,16,https://www.city.nakatsugawa.lg.jp/soshikikarasagasu/kankyocenter/1/1/gomi/7762.html,2026-04-17,,2026-08-13,False
naka-164,nakatsugawa,中津川市,グローランプ（点灯管）,燃えないごみ,,,中津川市 ごみの出し方ガイドブック,https://www.city.nakatsugawa.lg.jp/material/files/group/56/guidebook1.pdf,16,https://www.city.nakatsugawa.lg.jp/soshikikarasagasu/kankyocenter/1/1/gomi/7762.html,2026-04-17,,2026-08-13,False
naka-165,nakatsugawa,中津川市,黒マルチ,引取りできないごみ,廃棄物処理業者、販売店、農協などへ相談｡,,中津川市 ごみの出し方ガイドブック,https://www.city.nakatsugawa.lg.jp/material/files/group/56/guidebook1.pdf,16,https://www.city.nakatsugawa.lg.jp/soshikikarasagasu/kankyocenter/1/1/gomi/7762.html,2026-04-17,,2026-08-13,False
naka-166,nakatsugawa,中津川市,鍬,硬質ごみ,木製の柄の部分は、40cm以下に切って、燃えるごみ。,,中津川市 ごみの出し方ガイドブック,https://www.city.nakatsugawa.lg.jp/material/files/group/56/guidebook1.pdf,16,https://www.city.nakatsugawa.lg.jp/soshikikarasagasu/kankyocenter/1/1/gomi/7762.html,2026-04-17,,2026-08-13,False
naka-167,nakatsugawa,中津川市,燻蒸式殺虫剤,有害ごみ,未使用のものは、引取り不可。,,中津川市 ごみの出し方ガイドブック,https://www.city.nakatsugawa.lg.jp/material/files/group/56/guidebook1.pdf,16,https://www.city.nakatsugawa.lg.jp/soshikikarasagasu/kankyocenter/1/1/gomi/7762.html,2026-04-17,,2026-08-13,False
naka-168,nakatsugawa,中津川市,軍手,燃えるごみ,,,中津川市 ごみの出し方ガイドブック,https://www.city.nakatsugawa.lg.jp/material/files/group/56/guidebook1.pdf,16,https://www.city.nakatsugawa.lg.jp/soshikikarasagasu/kankyocenter/1/1/gomi/7762.html,2026-04-17,,2026-08-13,False
naka-169,nakatsugawa,中津川市,携行缶（ポリ製）,燃えるごみ,中身を完全に抜き、ふたを外して出す｡,,中津川市 ごみの出し方ガイドブック,https://www.city.nakatsugawa.lg.jp/material/files/group/56/guidebook1.pdf,16,https://www.city.nakatsugawa.lg.jp/soshikikarasagasu/kankyocenter/1/1/gomi/7762.html,2026-04-17,,2026-08-13,False
naka-170,nakatsugawa,中津川市,蛍光灯（管）,有害ごみ,紙カバーを外し、束ねずにそのままコンテナに出す｡ 割れてしまったものは、燃えないごみの袋に入れてコンテナに出す。,,中津川市 ごみの出し方ガイドブック,https://www.city.nakatsugawa.lg.jp/material/files/group/56/guidebook1.pdf,16,https://www.city.nakatsugawa.lg.jp/soshikikarasagasu/kankyocenter/1/1/gomi/7762.html,2026-04-17,,2026-08-13,False
naka-171,nakatsugawa,中津川市,計算機・電卓,燃えないごみ,電池は外して、有害ごみ｡,,中津川市 ごみの出し方ガイドブック,https://www.city.nakatsugawa.lg.jp/material/files/group/56/guidebook1.pdf,16,https://www.city.nakatsugawa.lg.jp/soshikikarasagasu/kankyocenter/1/1/gomi/7762.html,2026-04-17,,2026-08-13,False
naka-172,nakatsugawa,中津川市,珪藻土（けいそうど）製品,大型ごみ,珪藻土のバスマットなど。,１個,中津川市 ごみの出し方ガイドブック,https://www.city.nakatsugawa.lg.jp/material/files/group/56/guidebook1.pdf,16,https://www.city.nakatsugawa.lg.jp/soshikikarasagasu/kankyocenter/1/1/gomi/7762.html,2026-04-17,,2026-08-13,False
naka-173,nakatsugawa,中津川市,携帯電話,燃えないごみ,バッテリー部分は外して有害ごみ。 取り外せないものは販売店へ。,,中津川市 ごみの出し方ガイドブック,https://www.city.nakatsugawa.lg.jp/material/files/group/56/guidebook1.pdf,16,https://www.city.nakatsugawa.lg.jp/soshikikarasagasu/kankyocenter/1/1/gomi/7762.html,2026-04-17,,2026-08-13,False
naka-174,nakatsugawa,中津川市,毛糸,燃えるごみ,,,中津川市 ごみの出し方ガイドブック,https://www.city.nakatsugawa.lg.jp/material/files/group/56/guidebook1.pdf,16,https://www.city.nakatsugawa.lg.jp/soshikikarasagasu/kankyocenter/1/1/gomi/7762.html,2026-04-17,,2026-08-13,False
naka-175,nakatsugawa,中津川市,計量器・はかり,燃えないごみ,電池を使用しているものは、電池は外して、有害ごみ。 プラスチック製で中に金属を使用していないものは、燃えるごみ。,,中津川市 ごみの出し方ガイドブック,https://www.city.nakatsugawa.lg.jp/material/files/group/56/guidebook1.pdf,16,https://www.city.nakatsugawa.lg.jp/soshikikarasagasu/kankyocenter/1/1/gomi/7762.html,2026-04-17,,2026-08-13,False
naka-176,nakatsugawa,中津川市,ゲートボール スティック（金属）,硬質ごみ,木製のものは、40cm以下に切って、燃えるごみ。,,中津川市 ごみの出し方ガイドブック,https://www.city.nakatsugawa.lg.jp/material/files/group/56/guidebook1.pdf,16,https://www.city.nakatsugawa.lg.jp/soshikikarasagasu/kankyocenter/1/1/gomi/7762.html,2026-04-17,,2026-08-13,False
naka-177,nakatsugawa,中津川市,ゲーム機,燃えないごみ,電気コードは切って、硬質ごみ｡,,中津川市 ごみの出し方ガイドブック,https://www.city.nakatsugawa.lg.jp/material/files/group/56/guidebook1.pdf,16,https://www.city.nakatsugawa.lg.jp/soshikikarasagasu/kankyocenter/1/1/gomi/7762.html,2026-04-17,,2026-08-13,False
naka-178,nakatsugawa,中津川市,ゲームソフト,燃えるごみ,,,中津川市 ごみの出し方ガイドブック,https://www.city.nakatsugawa.lg.jp/material/files/group/56/guidebook1.pdf,16,https://www.city.nakatsugawa.lg.jp/soshikikarasagasu/kankyocenter/1/1/gomi/7762.html,2026-04-17,,2026-08-13,False
naka-179,nakatsugawa,中津川市,化粧品瓶,燃えないごみ,,,中津川市 ごみの出し方ガイドブック,https://www.city.nakatsugawa.lg.jp/material/files/group/56/guidebook1.pdf,16,https://www.city.nakatsugawa.lg.jp/soshikikarasagasu/kankyocenter/1/1/gomi/7762.html,2026-04-17,,2026-08-13,False
naka-180,nakatsugawa,中津川市,下駄箱,大型ごみ,,１個,中津川市 ごみの出し方ガイドブック,https://www.city.nakatsugawa.lg.jp/material/files/group/56/guidebook1.pdf,16,https://www.city.nakatsugawa.lg.jp/soshikikarasagasu/kankyocenter/1/1/gomi/7762.html,2026-04-17,,2026-08-13,False
naka-181,nakatsugawa,中津川市,血圧計（デジタル）,燃えないごみ,電池は外して、有害ごみ｡水銀式のものは、有害ごみ。,,中津川市 ごみの出し方ガイドブック,https://www.city.nakatsugawa.lg.jp/material/files/group/56/guidebook1.pdf,16,https://www.city.nakatsugawa.lg.jp/soshikikarasagasu/kankyocenter/1/1/gomi/7762.html,2026-04-17,,2026-08-13,False
naka-182,nakatsugawa,中津川市,玄関マット（ナイロン製）,燃えるごみ,金属製のものは、燃えないごみ。 40cmを超えるものは、大型ごみ。,１枚,中津川市 ごみの出し方ガイドブック,https://www.city.nakatsugawa.lg.jp/material/files/group/56/guidebook1.pdf,16,https://www.city.nakatsugawa.lg.jp/soshikikarasagasu/kankyocenter/1/1/gomi/7762.html,2026-04-17,,2026-08-13,False
naka-183,nakatsugawa,中津川市,健康器具,大型ごみ,電気コードは切って、硬質ごみ｡,１個,中津川市 ごみの出し方ガイドブック,https://www.city.nakatsugawa.lg.jp/material/files/group/56/guidebook1.pdf,16,https://www.city.nakatsugawa.lg.jp/soshikikarasagasu/kankyocenter/1/1/gomi/7762.html,2026-04-17,,2026-08-13,False
naka-184,nakatsugawa,中津川市,剣山,硬質ごみ,,,中津川市 ごみの出し方ガイドブック,https://www.city.nakatsugawa.lg.jp/material/files/group/56/guidebook1.pdf,16,https://www.city.nakatsugawa.lg.jp/soshikikarasagasu/kankyocenter/1/1/gomi/7762.html,2026-04-17,,2026-08-13,False
naka-185,nakatsugawa,中津川市,建築廃材,引取りできないごみ,家屋を解体した廃材、ボードその他全て。 廃棄物処理業者、販売店などへ相談｡,,中津川市 ごみの出し方ガイドブック,https://www.city.nakatsugawa.lg.jp/material/files/group/56/guidebook1.pdf,16,https://www.city.nakatsugawa.lg.jp/soshikikarasagasu/kankyocenter/1/1/gomi/7762.html,2026-04-17,,2026-08-13,False
naka-186,nakatsugawa,中津川市,鍵盤ハーモニカ,燃えるごみ,,,中津川市 ごみの出し方ガイドブック,https://www.city.nakatsugawa.lg.jp/material/files/group/56/guidebook1.pdf,16,https://www.city.nakatsugawa.lg.jp/soshikikarasagasu/kankyocenter/1/1/gomi/7762.html,2026-04-17,,2026-08-13,False
naka-187,nakatsugawa,中津川市,碁石,燃えないごみ,,,中津川市 ごみの出し方ガイドブック,https://www.city.nakatsugawa.lg.jp/material/files/group/56/guidebook1.pdf,16,https://www.city.nakatsugawa.lg.jp/soshikikarasagasu/kankyocenter/1/1/gomi/7762.html,2026-04-17,,2026-08-13,False
naka-188,nakatsugawa,中津川市,鯉のぼり,燃えるごみ,40cm以下に切って出す。,,中津川市 ごみの出し方ガイドブック,https://www.city.nakatsugawa.lg.jp/material/files/group/56/guidebook1.pdf,16,https://www.city.nakatsugawa.lg.jp/soshikikarasagasu/kankyocenter/1/1/gomi/7762.html,2026-04-17,,2026-08-13,False
naka-189,nakatsugawa,中津川市,鯉のぼり（ポール、風車）,燃えないごみ,ポールは、指定袋に入る大きさにして出す。,,中津川市 ごみの出し方ガイドブック,https://www.city.nakatsugawa.lg.jp/material/files/group/56/guidebook1.pdf,16,https://www.city.nakatsugawa.lg.jp/soshikikarasagasu/kankyocenter/1/1/gomi/7762.html,2026-04-17,,2026-08-13,False
naka-190,nakatsugawa,中津川市,高圧洗浄機,燃えないごみ,指定袋に収まらないものは、大型ごみ｡ エンジン式のものは、引取り不可。,１台,中津川市 ごみの出し方ガイドブック,https://www.city.nakatsugawa.lg.jp/material/files/group/56/guidebook1.pdf,16,https://www.city.nakatsugawa.lg.jp/soshikikarasagasu/kankyocenter/1/1/gomi/7762.html,2026-04-17,,2026-08-13,False
naka-191,nakatsugawa,中津川市,耕運機,引取りできないごみ,廃棄物処理業者、販売店、農協などへ相談｡,,中津川市 ごみの出し方ガイドブック,https://www.city.nakatsugawa.lg.jp/material/files/group/56/guidebook1.pdf,16,https://www.city.nakatsugawa.lg.jp/soshikikarasagasu/kankyocenter/1/1/gomi/7762.html,2026-04-17,,2026-08-13,False
naka-192,nakatsugawa,中津川市,工具箱（金属製）,燃えないごみ,プラスチック製のものは、燃えるごみ｡ 指定袋に収まらないものは、大型ごみ。,１個,中津川市 ごみの出し方ガイドブック,https://www.city.nakatsugawa.lg.jp/material/files/group/56/guidebook1.pdf,16,https://www.city.nakatsugawa.lg.jp/soshikikarasagasu/kankyocenter/1/1/gomi/7762.html,2026-04-17,,2026-08-13,False
naka-193,nakatsugawa,中津川市,工具類 （ドライバー・ペンチなど）,硬質ごみ,,,中津川市 ごみの出し方ガイドブック,https://www.city.nakatsugawa.lg.jp/material/files/group/56/guidebook1.pdf,16,https://www.city.nakatsugawa.lg.jp/soshikikarasagasu/kankyocenter/1/1/gomi/7762.html,2026-04-17,,2026-08-13,False
naka-194,nakatsugawa,中津川市,行李（こうり）,大型ごみ,,１セット,中津川市 ごみの出し方ガイドブック,https://www.city.nakatsugawa.lg.jp/material/files/group/56/guidebook1.pdf,16,https://www.city.nakatsugawa.lg.jp/soshikikarasagasu/kankyocenter/1/1/gomi/7762.html,2026-04-17,,2026-08-13,False
naka-195,nakatsugawa,中津川市,ゴーグル,燃えないごみ,プラスチック製のものは、燃えるごみ｡,,中津川市 ごみの出し方ガイドブック,https://www.city.nakatsugawa.lg.jp/material/files/group/56/guidebook1.pdf,16,https://www.city.nakatsugawa.lg.jp/soshikikarasagasu/kankyocenter/1/1/gomi/7762.html,2026-04-17,,2026-08-13,False
naka-196,nakatsugawa,中津川市,コードリール,硬質ごみ,,,中津川市 ごみの出し方ガイドブック,https://www.city.nakatsugawa.lg.jp/material/files/group/56/guidebook1.pdf,16,https://www.city.nakatsugawa.lg.jp/soshikikarasagasu/kankyocenter/1/1/gomi/7762.html,2026-04-17,,2026-08-13,False
naka-197,nakatsugawa,中津川市,コーヒーメーカー,燃えないごみ,電気コードは切って、硬質ごみ。,,中津川市 ごみの出し方ガイドブック,https://www.city.nakatsugawa.lg.jp/material/files/group/56/guidebook1.pdf,16,https://www.city.nakatsugawa.lg.jp/soshikikarasagasu/kankyocenter/1/1/gomi/7762.html,2026-04-17,,2026-08-13,False
naka-198,nakatsugawa,中津川市,小型電化製品,燃えないごみ,電気コードは切って、硬質ごみ｡ 指定袋に収まらないものは、大型ごみ。,１台,中津川市 ごみの出し方ガイドブック,https://www.city.nakatsugawa.lg.jp/material/files/group/56/guidebook1.pdf,16,https://www.city.nakatsugawa.lg.jp/soshikikarasagasu/kankyocenter/1/1/gomi/7762.html,2026-04-17,,2026-08-13,False
naka-199,nakatsugawa,中津川市,小型焼却炉（家庭用）,引取りできないごみ,廃棄物処理業者、販売店などへ相談｡,,中津川市 ごみの出し方ガイドブック,https://www.city.nakatsugawa.lg.jp/material/files/group/56/guidebook1.pdf,16,https://www.city.nakatsugawa.lg.jp/soshikikarasagasu/kankyocenter/1/1/gomi/7762.html,2026-04-17,,2026-08-13,False
naka-200,nakatsugawa,中津川市,固形燃料,燃えるごみ,,,中津川市 ごみの出し方ガイドブック,https://www.city.nakatsugawa.lg.jp/material/files/group/56/guidebook1.pdf,16,https://www.city.nakatsugawa.lg.jp/soshikikarasagasu/kankyocenter/1/1/gomi/7762.html,2026-04-17,,2026-08-13,False
naka-201,nakatsugawa,中津川市,ござ,燃えるごみ,40cmを超えるものは、大型ごみ。,１枚,中津川市 ごみの出し方ガイドブック,https://www.city.nakatsugawa.lg.jp/material/files/group/56/guidebook1.pdf,16,https://www.city.nakatsugawa.lg.jp/soshikikarasagasu/kankyocenter/1/1/gomi/7762.html,2026-04-17,,2026-08-13,False
naka-202,nakatsugawa,中津川市,コタツ掛け・コタツ布団,大型ごみ,たたんで縛って出す｡燃えるごみに出す場合、40cm以下に切り （わたも切る）、指定袋に切ってあることを明記。,２枚まで 束ねて,中津川市 ごみの出し方ガイドブック,https://www.city.nakatsugawa.lg.jp/material/files/group/56/guidebook1.pdf,16,https://www.city.nakatsugawa.lg.jp/soshikikarasagasu/kankyocenter/1/1/gomi/7762.html,2026-04-17,,2026-08-13,False
naka-203,nakatsugawa,中津川市,コタツ・コタツ板,大型ごみ,電気コードは切って、硬質ごみ｡,１セット を束ねて,中津川市 ごみの出し方ガイドブック,https://www.city.nakatsugawa.lg.jp/material/files/group/56/guidebook1.pdf,16,https://www.city.nakatsugawa.lg.jp/soshikikarasagasu/kankyocenter/1/1/gomi/7762.html,2026-04-17,,2026-08-13,False
naka-204,nakatsugawa,中津川市,コタツの暖房器具 （豆炭コタツ）,有害ごみ,アスベスト含有のおそれのあるものは、燃えないごみの袋 に入れ、有害ごみ。,,中津川市 ごみの出し方ガイドブック,https://www.city.nakatsugawa.lg.jp/material/files/group/56/guidebook1.pdf,16,https://www.city.nakatsugawa.lg.jp/soshikikarasagasu/kankyocenter/1/1/gomi/7762.html,2026-04-17,,2026-08-13,False
naka-205,nakatsugawa,中津川市,コタツの電熱部,燃えないごみ,電気コードは切って、硬質ごみ｡,,中津川市 ごみの出し方ガイドブック,https://www.city.nakatsugawa.lg.jp/material/files/group/56/guidebook1.pdf,16,https://www.city.nakatsugawa.lg.jp/soshikikarasagasu/kankyocenter/1/1/gomi/7762.html,2026-04-17,,2026-08-13,False
naka-206,nakatsugawa,中津川市,コタツのダクトホース （省エネダクト）,大型ごみ,,１個,中津川市 ごみの出し方ガイドブック,https://www.city.nakatsugawa.lg.jp/material/files/group/56/guidebook1.pdf,16,https://www.city.nakatsugawa.lg.jp/soshikikarasagasu/kankyocenter/1/1/gomi/7762.html,2026-04-17,,2026-08-13,False
naka-207,nakatsugawa,中津川市,コップ （ガラス製・金属製・陶器製）,燃えないごみ,プラスチック製のものは、燃えるごみ｡,,中津川市 ごみの出し方ガイドブック,https://www.city.nakatsugawa.lg.jp/material/files/group/56/guidebook1.pdf,16,https://www.city.nakatsugawa.lg.jp/soshikikarasagasu/kankyocenter/1/1/gomi/7762.html,2026-04-17,,2026-08-13,False
naka-208,nakatsugawa,中津川市,琴,大型ごみ,最大サイズ【140cm×90cm×200cm】を超えるものは、 引取り不可。,１個,中津川市 ごみの出し方ガイドブック,https://www.city.nakatsugawa.lg.jp/material/files/group/56/guidebook1.pdf,16,https://www.city.nakatsugawa.lg.jp/soshikikarasagasu/kankyocenter/1/1/gomi/7762.html,2026-04-17,,2026-08-13,False
naka-209,nakatsugawa,中津川市,ごとく,硬質ごみ,,,中津川市 ごみの出し方ガイドブック,https://www.city.nakatsugawa.lg.jp/material/files/group/56/guidebook1.pdf,16,https://www.city.nakatsugawa.lg.jp/soshikikarasagasu/kankyocenter/1/1/gomi/7762.html,2026-04-17,,2026-08-13,False
naka-210,nakatsugawa,中津川市,碁盤（木製）,燃えるごみ,１辺が40cm以下で厚みが８cm以下のものに限る。 上記サイズを超えるものは、大型ごみ。,１台,中津川市 ごみの出し方ガイドブック,https://www.city.nakatsugawa.lg.jp/material/files/group/56/guidebook1.pdf,16,https://www.city.nakatsugawa.lg.jp/soshikikarasagasu/kankyocenter/1/1/gomi/7762.html,2026-04-17,,2026-08-13,False
naka-211,nakatsugawa,中津川市,コピー機（家庭用）,燃えないごみ,卓上で使用するもので家庭用に限る。業務用のものは引取 不可。電気コードは切って、硬質ごみ。,,中津川市 ごみの出し方ガイドブック,https://www.city.nakatsugawa.lg.jp/material/files/group/56/guidebook1.pdf,16,https://www.city.nakatsugawa.lg.jp/soshikikarasagasu/kankyocenter/1/1/gomi/7762.html,2026-04-17,,2026-08-13,False
naka-212,nakatsugawa,中津川市,ゴム手袋,燃えるごみ,,,中津川市 ごみの出し方ガイドブック,https://www.city.nakatsugawa.lg.jp/material/files/group/56/guidebook1.pdf,16,https://www.city.nakatsugawa.lg.jp/soshikikarasagasu/kankyocenter/1/1/gomi/7762.html,2026-04-17,,2026-08-13,False
naka-213,nakatsugawa,中津川市,ゴムマット,燃えるごみ,40cmを超えるものは、大型ごみ。,１枚,中津川市 ごみの出し方ガイドブック,https://www.city.nakatsugawa.lg.jp/material/files/group/56/guidebook1.pdf,16,https://www.city.nakatsugawa.lg.jp/soshikikarasagasu/kankyocenter/1/1/gomi/7762.html,2026-04-17,,2026-08-13,False
naka-214,nakatsugawa,中津川市,米、古米,燃えるごみ,,,中津川市 ごみの出し方ガイドブック,https://www.city.nakatsugawa.lg.jp/material/files/group/56/guidebook1.pdf,16,https://www.city.nakatsugawa.lg.jp/soshikikarasagasu/kankyocenter/1/1/gomi/7762.html,2026-04-17,,2026-08-13,False
naka-215,nakatsugawa,中津川市,米つき機（精米機）,大型ごみ,,１台,中津川市 ごみの出し方ガイドブック,https://www.city.nakatsugawa.lg.jp/material/files/group/56/guidebook1.pdf,16,https://www.city.nakatsugawa.lg.jp/soshikikarasagasu/kankyocenter/1/1/gomi/7762.html,2026-04-17,,2026-08-13,False
naka-216,nakatsugawa,中津川市,米びつ,大型ごみ,冷却機能付きの米びつは引取り不可。,１台,中津川市 ごみの出し方ガイドブック,https://www.city.nakatsugawa.lg.jp/material/files/group/56/guidebook1.pdf,16,https://www.city.nakatsugawa.lg.jp/soshikikarasagasu/kankyocenter/1/1/gomi/7762.html,2026-04-17,,2026-08-13,False
naka-217,nakatsugawa,中津川市,米袋,燃えるごみ,40cm以下にして出す。,,中津川市 ごみの出し方ガイドブック,https://www.city.nakatsugawa.lg.jp/material/files/group/56/guidebook1.pdf,17,https://www.city.nakatsugawa.lg.jp/soshikikarasagasu/kankyocenter/1/1/gomi/7762.html,2026-04-17,,2026-08-13,False
naka-218,nakatsugawa,中津川市,ゴルフクラブ,大型ごみ,,７本まで 束ねて,中津川市 ごみの出し方ガイドブック,https://www.city.nakatsugawa.lg.jp/material/files/group/56/guidebook1.pdf,17,https://www.city.nakatsugawa.lg.jp/soshikikarasagasu/kankyocenter/1/1/gomi/7762.html,2026-04-17,,2026-08-13,False
naka-219,nakatsugawa,中津川市,ゴルフバック,大型ごみ,,１個,中津川市 ごみの出し方ガイドブック,https://www.city.nakatsugawa.lg.jp/material/files/group/56/guidebook1.pdf,17,https://www.city.nakatsugawa.lg.jp/soshikikarasagasu/kankyocenter/1/1/gomi/7762.html,2026-04-17,,2026-08-13,False
naka-220,nakatsugawa,中津川市,ゴルフマット,大型ごみ,40cm以下に切れば、燃えるごみ。,１枚,中津川市 ごみの出し方ガイドブック,https://www.city.nakatsugawa.lg.jp/material/files/group/56/guidebook1.pdf,17,https://www.city.nakatsugawa.lg.jp/soshikikarasagasu/kankyocenter/1/1/gomi/7762.html,2026-04-17,,2026-08-13,False
naka-221,nakatsugawa,中津川市,コンクリートブロック,引取りできないごみ,廃棄物処理業者へ相談｡,,中津川市 ごみの出し方ガイドブック,https://www.city.nakatsugawa.lg.jp/material/files/group/56/guidebook1.pdf,17,https://www.city.nakatsugawa.lg.jp/soshikikarasagasu/kankyocenter/1/1/gomi/7762.html,2026-04-17,,2026-08-13,False
naka-222,nakatsugawa,中津川市,コンタクトレンズ,燃えるごみ,,,中津川市 ごみの出し方ガイドブック,https://www.city.nakatsugawa.lg.jp/material/files/group/56/guidebook1.pdf,17,https://www.city.nakatsugawa.lg.jp/soshikikarasagasu/kankyocenter/1/1/gomi/7762.html,2026-04-17,,2026-08-13,False
naka-223,nakatsugawa,中津川市,コンパクトディスク（CD）,燃えるごみ,ＤＶＤ（ディーブイディー）、ＢD（ブルーレイディスク）も同様。,,中津川市 ごみの出し方ガイドブック,https://www.city.nakatsugawa.lg.jp/material/files/group/56/guidebook1.pdf,17,https://www.city.nakatsugawa.lg.jp/soshikikarasagasu/kankyocenter/1/1/gomi/7762.html,2026-04-17,,2026-08-13,False
naka-224,nakatsugawa,中津川市,コンパネ,大型ごみ,コンクリート型枠用合板や、最大サイズ【140cm×90cm×200cm】 を超えるものは、引取り不可。,１枚,中津川市 ごみの出し方ガイドブック,https://www.city.nakatsugawa.lg.jp/material/files/group/56/guidebook1.pdf,17,https://www.city.nakatsugawa.lg.jp/soshikikarasagasu/kankyocenter/1/1/gomi/7762.html,2026-04-17,,2026-08-13,False
naka-225,nakatsugawa,中津川市,コンプレッサー,大型ごみ,ホームセンター等で売っているくらいの大きさであれば、引取り可。,１個,中津川市 ごみの出し方ガイドブック,https://www.city.nakatsugawa.lg.jp/material/files/group/56/guidebook1.pdf,17,https://www.city.nakatsugawa.lg.jp/soshikikarasagasu/kankyocenter/1/1/gomi/7762.html,2026-04-17,,2026-08-13,False
naka-226,nakatsugawa,中津川市,コンポ,燃えないごみ,指定袋に収まらないものは、大型ごみ。 電気コードは切って、硬質ごみ。,１セットに まとめて,中津川市 ごみの出し方ガイドブック,https://www.city.nakatsugawa.lg.jp/material/files/group/56/guidebook1.pdf,17,https://www.city.nakatsugawa.lg.jp/soshikikarasagasu/kankyocenter/1/1/gomi/7762.html,2026-04-17,,2026-08-13,False
naka-227,nakatsugawa,中津川市,梱包材,燃えるごみ,40cm以下に切ること。長くて丸めてある物は大型ごみ。 ただし、丸めた状態で断面が10cm以下とする。,１巻,中津川市 ごみの出し方ガイドブック,https://www.city.nakatsugawa.lg.jp/material/files/group/56/guidebook1.pdf,17,https://www.city.nakatsugawa.lg.jp/soshikikarasagasu/kankyocenter/1/1/gomi/7762.html,2026-04-17,,2026-08-13,False
naka-228,nakatsugawa,中津川市,コンロ,大型ごみ,指定袋に収まるものであれば、燃えないごみ。 着火用の電池ははずして、有害ごみ。,１個,中津川市 ごみの出し方ガイドブック,https://www.city.nakatsugawa.lg.jp/material/files/group/56/guidebook1.pdf,17,https://www.city.nakatsugawa.lg.jp/soshikikarasagasu/kankyocenter/1/1/gomi/7762.html,2026-04-17,,2026-08-13,False
naka-229,nakatsugawa,中津川市,サーフボード,大型ごみ,最大サイズ【140cm×90cm×200cm】を超えるものは、引取り不可。,１個,中津川市 ごみの出し方ガイドブック,https://www.city.nakatsugawa.lg.jp/material/files/group/56/guidebook1.pdf,17,https://www.city.nakatsugawa.lg.jp/soshikikarasagasu/kankyocenter/1/1/gomi/7762.html,2026-04-17,,2026-08-13,False
naka-230,nakatsugawa,中津川市,在宅医療廃棄物,燃えるごみ,インスリン自己注射器・針は引取り不可。（病院・薬局に相談）非鋭利 なもので感染の恐れのないもの（。ポリ袋等に入れてから、指定袋へ。）,,中津川市 ごみの出し方ガイドブック,https://www.city.nakatsugawa.lg.jp/material/files/group/56/guidebook1.pdf,17,https://www.city.nakatsugawa.lg.jp/soshikikarasagasu/kankyocenter/1/1/gomi/7762.html,2026-04-17,,2026-08-13,False
naka-231,nakatsugawa,中津川市,サイドボード,大型ごみ,最大サイズ【140cm×90cm×200cm】を超えるものは、引取り不可。,１枚,中津川市 ごみの出し方ガイドブック,https://www.city.nakatsugawa.lg.jp/material/files/group/56/guidebook1.pdf,17,https://www.city.nakatsugawa.lg.jp/soshikikarasagasu/kankyocenter/1/1/gomi/7762.html,2026-04-17,,2026-08-13,False
naka-232,nakatsugawa,中津川市,サウナ,引取りできないごみ,分解し、最大サイズ【140cm×90cm×200cm】以下であれ ば、大型ごみ（。家庭用のもので直接搬入に限る。）,,中津川市 ごみの出し方ガイドブック,https://www.city.nakatsugawa.lg.jp/material/files/group/56/guidebook1.pdf,17,https://www.city.nakatsugawa.lg.jp/soshikikarasagasu/kankyocenter/1/1/gomi/7762.html,2026-04-17,,2026-08-13,False
naka-233,nakatsugawa,中津川市,サスペンダー,燃えるごみ,金具ははずして、燃えないごみ｡,,中津川市 ごみの出し方ガイドブック,https://www.city.nakatsugawa.lg.jp/material/files/group/56/guidebook1.pdf,17,https://www.city.nakatsugawa.lg.jp/soshikikarasagasu/kankyocenter/1/1/gomi/7762.html,2026-04-17,,2026-08-13,False
naka-234,nakatsugawa,中津川市,座卓,大型ごみ,,１台,中津川市 ごみの出し方ガイドブック,https://www.city.nakatsugawa.lg.jp/material/files/group/56/guidebook1.pdf,17,https://www.city.nakatsugawa.lg.jp/soshikikarasagasu/kankyocenter/1/1/gomi/7762.html,2026-04-17,,2026-08-13,False
naka-235,nakatsugawa,中津川市,サッシ,大型ごみ,ガラスは付けたままで、引取り可。,１枚,中津川市 ごみの出し方ガイドブック,https://www.city.nakatsugawa.lg.jp/material/files/group/56/guidebook1.pdf,17,https://www.city.nakatsugawa.lg.jp/soshikikarasagasu/kankyocenter/1/1/gomi/7762.html,2026-04-17,,2026-08-13,False
naka-236,nakatsugawa,中津川市,殺虫剤（電池、電気式）,燃えないごみ,電池は外して有害ごみ。電気コードは切って硬質ごみ。スプレー 缶タイプのものは「スプレー缶（」34ページ）参照。,,中津川市 ごみの出し方ガイドブック,https://www.city.nakatsugawa.lg.jp/material/files/group/56/guidebook1.pdf,17,https://www.city.nakatsugawa.lg.jp/soshikikarasagasu/kankyocenter/1/1/gomi/7762.html,2026-04-17,,2026-08-13,False
naka-237,nakatsugawa,中津川市,座布団・長座布団,大型ごみ,燃えるごみに出す場合、40cm以下に切り（わたも切る）、指定袋に 切ってあることを明記（。長座布団は、２枚でシール１枚）,５枚まで 束ねて,中津川市 ごみの出し方ガイドブック,https://www.city.nakatsugawa.lg.jp/material/files/group/56/guidebook1.pdf,17,https://www.city.nakatsugawa.lg.jp/soshikikarasagasu/kankyocenter/1/1/gomi/7762.html,2026-04-17,,2026-08-13,False
naka-238,nakatsugawa,中津川市,ざる類 （竹・プラスチック類）,燃えるごみ,金属製のものは、燃えないごみ。,,中津川市 ごみの出し方ガイドブック,https://www.city.nakatsugawa.lg.jp/material/files/group/56/guidebook1.pdf,17,https://www.city.nakatsugawa.lg.jp/soshikikarasagasu/kankyocenter/1/1/gomi/7762.html,2026-04-17,,2026-08-13,False
naka-239,nakatsugawa,中津川市,三角コーナー （プラスチック製）,燃えるごみ,金属製のものは、燃えないごみ。,,中津川市 ごみの出し方ガイドブック,https://www.city.nakatsugawa.lg.jp/material/files/group/56/guidebook1.pdf,17,https://www.city.nakatsugawa.lg.jp/soshikikarasagasu/kankyocenter/1/1/gomi/7762.html,2026-04-17,,2026-08-13,False
naka-240,nakatsugawa,中津川市,三角コーン,大型ごみ,プラスチック製のもので40cm以下のものであれば、燃えるごみ。,３個まで 重ねて,中津川市 ごみの出し方ガイドブック,https://www.city.nakatsugawa.lg.jp/material/files/group/56/guidebook1.pdf,17,https://www.city.nakatsugawa.lg.jp/soshikikarasagasu/kankyocenter/1/1/gomi/7762.html,2026-04-17,,2026-08-13,False
naka-241,nakatsugawa,中津川市,サングラス,燃えないごみ,プラスチック製のものは、燃えるごみ｡,,中津川市 ごみの出し方ガイドブック,https://www.city.nakatsugawa.lg.jp/material/files/group/56/guidebook1.pdf,17,https://www.city.nakatsugawa.lg.jp/soshikikarasagasu/kankyocenter/1/1/gomi/7762.html,2026-04-17,,2026-08-13,False
naka-242,nakatsugawa,中津川市,散布器（除草剤、水）,大型ごみ,家庭用の手動式のものに限る。 袋に収まるものであれば、燃えないごみ。,１個,中津川市 ごみの出し方ガイドブック,https://www.city.nakatsugawa.lg.jp/material/files/group/56/guidebook1.pdf,17,https://www.city.nakatsugawa.lg.jp/soshikikarasagasu/kankyocenter/1/1/gomi/7762.html,2026-04-17,,2026-08-13,False
naka-243,nakatsugawa,中津川市,三面鏡,大型ごみ,,１個,中津川市 ごみの出し方ガイドブック,https://www.city.nakatsugawa.lg.jp/material/files/group/56/guidebook1.pdf,17,https://www.city.nakatsugawa.lg.jp/soshikikarasagasu/kankyocenter/1/1/gomi/7762.html,2026-04-17,,2026-08-13,False
naka-244,nakatsugawa,中津川市,三輪車（幼児用）,大型ごみ,指定袋に収まるものは、燃えないごみ。,１台,中津川市 ごみの出し方ガイドブック,https://www.city.nakatsugawa.lg.jp/material/files/group/56/guidebook1.pdf,17,https://www.city.nakatsugawa.lg.jp/soshikikarasagasu/kankyocenter/1/1/gomi/7762.html,2026-04-17,,2026-08-13,False
naka-245,nakatsugawa,中津川市,ＣＤラジカセ,燃えないごみ,電気コードは切って、硬質ごみ。,,中津川市 ごみの出し方ガイドブック,https://www.city.nakatsugawa.lg.jp/material/files/group/56/guidebook1.pdf,17,https://www.city.nakatsugawa.lg.jp/soshikikarasagasu/kankyocenter/1/1/gomi/7762.html,2026-04-17,,2026-08-13,False
naka-246,nakatsugawa,中津川市,磁気健康布団,大型ごみ,中身が磁石だけのものに限る。 中に熱線が入っているも のは、引取り不可。,１枚,中津川市 ごみの出し方ガイドブック,https://www.city.nakatsugawa.lg.jp/material/files/group/56/guidebook1.pdf,17,https://www.city.nakatsugawa.lg.jp/soshikikarasagasu/kankyocenter/1/1/gomi/7762.html,2026-04-17,,2026-08-13,False
naka-247,nakatsugawa,中津川市,磁石,燃えないごみ,,,中津川市 ごみの出し方ガイドブック,https://www.city.nakatsugawa.lg.jp/material/files/group/56/guidebook1.pdf,17,https://www.city.nakatsugawa.lg.jp/soshikikarasagasu/kankyocenter/1/1/gomi/7762.html,2026-04-17,,2026-08-13,False
naka-248,nakatsugawa,中津川市,システムキッチン,引取りできないごみ,廃棄物処理業者、販売店などへ相談｡,,中津川市 ごみの出し方ガイドブック,https://www.city.nakatsugawa.lg.jp/material/files/group/56/guidebook1.pdf,17,https://www.city.nakatsugawa.lg.jp/soshikikarasagasu/kankyocenter/1/1/gomi/7762.html,2026-04-17,,2026-08-13,False
naka-249,nakatsugawa,中津川市,七輪（木炭コンロ）,燃えないごみ,,,中津川市 ごみの出し方ガイドブック,https://www.city.nakatsugawa.lg.jp/material/files/group/56/guidebook1.pdf,17,https://www.city.nakatsugawa.lg.jp/soshikikarasagasu/kankyocenter/1/1/gomi/7762.html,2026-04-17,,2026-08-13,False
naka-250,nakatsugawa,中津川市,室外・内アンテナ,燃えないごみ,指定袋に収まらないものは、大型ごみ。 電気コードは切って、硬質ごみ。,１台,中津川市 ごみの出し方ガイドブック,https://www.city.nakatsugawa.lg.jp/material/files/group/56/guidebook1.pdf,17,https://www.city.nakatsugawa.lg.jp/soshikikarasagasu/kankyocenter/1/1/gomi/7762.html,2026-04-17,,2026-08-13,False
naka-251,nakatsugawa,中津川市,自転車、電動自転車,大型ごみ,,１台,中津川市 ごみの出し方ガイドブック,https://www.city.nakatsugawa.lg.jp/material/files/group/56/guidebook1.pdf,17,https://www.city.nakatsugawa.lg.jp/soshikikarasagasu/kankyocenter/1/1/gomi/7762.html,2026-04-17,,2026-08-13,False
naka-252,nakatsugawa,中津川市,自転車空気入れ （圧力容器付）,硬質ごみ,ゴム・プラスチック類ははずして、燃えるごみ｡,,中津川市 ごみの出し方ガイドブック,https://www.city.nakatsugawa.lg.jp/material/files/group/56/guidebook1.pdf,17,https://www.city.nakatsugawa.lg.jp/soshikikarasagasu/kankyocenter/1/1/gomi/7762.html,2026-04-17,,2026-08-13,False
naka-253,nakatsugawa,中津川市,自転車のタイヤ （チューブ含む）,燃えるごみ,40cmを超えるものは、大型ごみ。 リムははずして、燃えないごみ。,１本,中津川市 ごみの出し方ガイドブック,https://www.city.nakatsugawa.lg.jp/material/files/group/56/guidebook1.pdf,17,https://www.city.nakatsugawa.lg.jp/soshikikarasagasu/kankyocenter/1/1/gomi/7762.html,2026-04-17,,2026-08-13,False
naka-254,nakatsugawa,中津川市,自動車部品,引取りできないごみ,廃棄物処理業者、販売店などへ相談｡,,中津川市 ごみの出し方ガイドブック,https://www.city.nakatsugawa.lg.jp/material/files/group/56/guidebook1.pdf,17,https://www.city.nakatsugawa.lg.jp/soshikikarasagasu/kankyocenter/1/1/gomi/7762.html,2026-04-17,,2026-08-13,False
naka-255,nakatsugawa,中津川市,芝刈り機,引取りできないごみ,手動のものであれば、大型ごみ。 電動のものは、廃棄物処理業者、販売店、農協などへ相談｡,１台,中津川市 ごみの出し方ガイドブック,https://www.city.nakatsugawa.lg.jp/material/files/group/56/guidebook1.pdf,17,https://www.city.nakatsugawa.lg.jp/soshikikarasagasu/kankyocenter/1/1/gomi/7762.html,2026-04-17,,2026-08-13,False
naka-256,nakatsugawa,中津川市,蛇口,硬質ごみ,,,中津川市 ごみの出し方ガイドブック,https://www.city.nakatsugawa.lg.jp/material/files/group/56/guidebook1.pdf,17,https://www.city.nakatsugawa.lg.jp/soshikikarasagasu/kankyocenter/1/1/gomi/7762.html,2026-04-17,,2026-08-13,False
naka-257,nakatsugawa,中津川市,ジャッキ（油圧ジャッキ）,引取りできないごみ,油圧ジャッキでないものは、燃えないごみ。,,中津川市 ごみの出し方ガイドブック,https://www.city.nakatsugawa.lg.jp/material/files/group/56/guidebook1.pdf,17,https://www.city.nakatsugawa.lg.jp/soshikikarasagasu/kankyocenter/1/1/gomi/7762.html,2026-04-17,,2026-08-13,False
naka-258,nakatsugawa,中津川市,シャベル,硬質ごみ,木製の柄の部分は、断面直径8ｃｍ以下・長さ40cm以下 であれば、燃えるごみ。,,中津川市 ごみの出し方ガイドブック,https://www.city.nakatsugawa.lg.jp/material/files/group/56/guidebook1.pdf,17,https://www.city.nakatsugawa.lg.jp/soshikikarasagasu/kankyocenter/1/1/gomi/7762.html,2026-04-17,,2026-08-13,False
naka-259,nakatsugawa,中津川市,しゃもじ,燃えるごみ,,,中津川市 ごみの出し方ガイドブック,https://www.city.nakatsugawa.lg.jp/material/files/group/56/guidebook1.pdf,17,https://www.city.nakatsugawa.lg.jp/soshikikarasagasu/kankyocenter/1/1/gomi/7762.html,2026-04-17,,2026-08-13,False
naka-260,nakatsugawa,中津川市,シャンデリア,大型ごみ,電球ははずして、燃えないごみ。,１個,中津川市 ごみの出し方ガイドブック,https://www.city.nakatsugawa.lg.jp/material/files/group/56/guidebook1.pdf,17,https://www.city.nakatsugawa.lg.jp/soshikikarasagasu/kankyocenter/1/1/gomi/7762.html,2026-04-17,,2026-08-13,False
naka-261,nakatsugawa,中津川市,ジューサー・ミキサー,燃えないごみ,電気コードは切って、硬質ごみ。 指定袋に収まらないものは、大型ごみ。,１台,中津川市 ごみの出し方ガイドブック,https://www.city.nakatsugawa.lg.jp/material/files/group/56/guidebook1.pdf,17,https://www.city.nakatsugawa.lg.jp/soshikikarasagasu/kankyocenter/1/1/gomi/7762.html,2026-04-17,,2026-08-13,False
naka-262,nakatsugawa,中津川市,ジュースケース,大型ごみ,きれいで状態の良いものは、販売店に引取りを依頼。 販売店で引取り不可の場合、引取り可。,１個,中津川市 ごみの出し方ガイドブック,https://www.city.nakatsugawa.lg.jp/material/files/group/56/guidebook1.pdf,17,https://www.city.nakatsugawa.lg.jp/soshikikarasagasu/kankyocenter/1/1/gomi/7762.html,2026-04-17,,2026-08-13,False
naka-263,nakatsugawa,中津川市,ジュースの蓋 （プラスチック製）,燃えるごみ,金属製のものは、燃えないごみ。,,中津川市 ごみの出し方ガイドブック,https://www.city.nakatsugawa.lg.jp/material/files/group/56/guidebook1.pdf,17,https://www.city.nakatsugawa.lg.jp/soshikikarasagasu/kankyocenter/1/1/gomi/7762.html,2026-04-17,,2026-08-13,False
naka-264,nakatsugawa,中津川市,絨毯（じゅうたん）,大型ごみ,40cm以下に切れば、燃えるごみ。 電気絨毯は、ホットカーペットを参照。,１枚,中津川市 ごみの出し方ガイドブック,https://www.city.nakatsugawa.lg.jp/material/files/group/56/guidebook1.pdf,17,https://www.city.nakatsugawa.lg.jp/soshikikarasagasu/kankyocenter/1/1/gomi/7762.html,2026-04-17,,2026-08-13,False
naka-265,nakatsugawa,中津川市,充電器,燃えないごみ,電気コードは切って、硬質ごみ。,,中津川市 ごみの出し方ガイドブック,https://www.city.nakatsugawa.lg.jp/material/files/group/56/guidebook1.pdf,17,https://www.city.nakatsugawa.lg.jp/soshikikarasagasu/kankyocenter/1/1/gomi/7762.html,2026-04-17,,2026-08-13,False
naka-266,nakatsugawa,中津川市,収納ケース （木・プラスチック製）,大型ごみ,,１個,中津川市 ごみの出し方ガイドブック,https://www.city.nakatsugawa.lg.jp/material/files/group/56/guidebook1.pdf,17,https://www.city.nakatsugawa.lg.jp/soshikikarasagasu/kankyocenter/1/1/gomi/7762.html,2026-04-17,,2026-08-13,False
naka-267,nakatsugawa,中津川市,重箱（木・プラスチック製）,燃えるごみ,,,中津川市 ごみの出し方ガイドブック,https://www.city.nakatsugawa.lg.jp/material/files/group/56/guidebook1.pdf,17,https://www.city.nakatsugawa.lg.jp/soshikikarasagasu/kankyocenter/1/1/gomi/7762.html,2026-04-17,,2026-08-13,False
naka-268,nakatsugawa,中津川市,ジュニアシート（車用）,燃えないごみ,指定袋に収まらないものは、大型ごみ。,１個,中津川市 ごみの出し方ガイドブック,https://www.city.nakatsugawa.lg.jp/material/files/group/56/guidebook1.pdf,17,https://www.city.nakatsugawa.lg.jp/soshikikarasagasu/kankyocenter/1/1/gomi/7762.html,2026-04-17,,2026-08-13,False
naka-269,nakatsugawa,中津川市,シュレッダー,大型ごみ,指定袋に収まるものは、燃えないごみ。,１台,中津川市 ごみの出し方ガイドブック,https://www.city.nakatsugawa.lg.jp/material/files/group/56/guidebook1.pdf,17,https://www.city.nakatsugawa.lg.jp/soshikikarasagasu/kankyocenter/1/1/gomi/7762.html,2026-04-17,,2026-08-13,False
naka-270,nakatsugawa,中津川市,除湿機,引取りできないごみ,冷媒（れいばい）・フロン等記載のあるものは、引取り不可。冷媒・ フロン等記載のないものは大型ごみ。電気コードは切って硬質ごみ。,１台,中津川市 ごみの出し方ガイドブック,https://www.city.nakatsugawa.lg.jp/material/files/group/56/guidebook1.pdf,17,https://www.city.nakatsugawa.lg.jp/soshikikarasagasu/kankyocenter/1/1/gomi/7762.html,2026-04-17,,2026-08-13,False
naka-271,nakatsugawa,中津川市,消火器,引取りできないごみ,消火器リサイクル法対象品。消火器取扱店等へ相談。,,中津川市 ごみの出し方ガイドブック,https://www.city.nakatsugawa.lg.jp/material/files/group/56/guidebook1.pdf,18,https://www.city.nakatsugawa.lg.jp/soshikikarasagasu/kankyocenter/1/1/gomi/7762.html,2026-04-17,,2026-08-13,False
naka-272,nakatsugawa,中津川市,定規（木・プラスチック製）,燃えるごみ,金属製のものは、燃えないごみ。,,中津川市 ごみの出し方ガイドブック,https://www.city.nakatsugawa.lg.jp/material/files/group/56/guidebook1.pdf,18,https://www.city.nakatsugawa.lg.jp/soshikikarasagasu/kankyocenter/1/1/gomi/7762.html,2026-04-17,,2026-08-13,False
naka-273,nakatsugawa,中津川市,将棋盤（木製）,燃えるごみ,１辺が40cm以下で厚みが8cm以下のものに限る。 上記サイズを超えるものは、大型ごみ。,１枚,中津川市 ごみの出し方ガイドブック,https://www.city.nakatsugawa.lg.jp/material/files/group/56/guidebook1.pdf,18,https://www.city.nakatsugawa.lg.jp/soshikikarasagasu/kankyocenter/1/1/gomi/7762.html,2026-04-17,,2026-08-13,False
naka-274,nakatsugawa,中津川市,焼却灰,引取りできないごみ,廃棄物処理業者へ相談｡,,中津川市 ごみの出し方ガイドブック,https://www.city.nakatsugawa.lg.jp/material/files/group/56/guidebook1.pdf,18,https://www.city.nakatsugawa.lg.jp/soshikikarasagasu/kankyocenter/1/1/gomi/7762.html,2026-04-17,,2026-08-13,False
naka-275,nakatsugawa,中津川市,障子戸,大型ごみ,,１枚,中津川市 ごみの出し方ガイドブック,https://www.city.nakatsugawa.lg.jp/material/files/group/56/guidebook1.pdf,18,https://www.city.nakatsugawa.lg.jp/soshikikarasagasu/kankyocenter/1/1/gomi/7762.html,2026-04-17,,2026-08-13,False
naka-276,nakatsugawa,中津川市,浄水器,燃えないごみ,指定袋に収まらないものは、大型ごみ。,１台,中津川市 ごみの出し方ガイドブック,https://www.city.nakatsugawa.lg.jp/material/files/group/56/guidebook1.pdf,18,https://www.city.nakatsugawa.lg.jp/soshikikarasagasu/kankyocenter/1/1/gomi/7762.html,2026-04-17,,2026-08-13,False
naka-277,nakatsugawa,中津川市,小動物の死がい,火葬,野良で餌等を与えていない小動物であれば、引取り可。敷地内で死ん でいた小動物は、事前予約の上、環境センターへ直接持ち込むこと。,,中津川市 ごみの出し方ガイドブック,https://www.city.nakatsugawa.lg.jp/material/files/group/56/guidebook1.pdf,18,https://www.city.nakatsugawa.lg.jp/soshikikarasagasu/kankyocenter/1/1/gomi/7762.html,2026-04-17,,2026-08-13,False
naka-278,nakatsugawa,中津川市,消毒器,大型ごみ,家庭用の手動式噴霧器に限る。上記以外は、廃棄物処理業 者・販売店等へ相談。,１個,中津川市 ごみの出し方ガイドブック,https://www.city.nakatsugawa.lg.jp/material/files/group/56/guidebook1.pdf,18,https://www.city.nakatsugawa.lg.jp/soshikikarasagasu/kankyocenter/1/1/gomi/7762.html,2026-04-17,,2026-08-13,False
naka-279,nakatsugawa,中津川市,照明器具 （木・プラスチック類）,燃えるごみ,電気コードは切って、硬質ごみ。 蛍光管ははずして、有害 ごみ。 金属部分ははずして、燃えないごみ｡,,中津川市 ごみの出し方ガイドブック,https://www.city.nakatsugawa.lg.jp/material/files/group/56/guidebook1.pdf,18,https://www.city.nakatsugawa.lg.jp/soshikikarasagasu/kankyocenter/1/1/gomi/7762.html,2026-04-17,,2026-08-13,False
naka-280,nakatsugawa,中津川市,じょうろ（プラスチック製）,燃えるごみ,金属製のものは、燃えないごみ。,,中津川市 ごみの出し方ガイドブック,https://www.city.nakatsugawa.lg.jp/material/files/group/56/guidebook1.pdf,18,https://www.city.nakatsugawa.lg.jp/soshikikarasagasu/kankyocenter/1/1/gomi/7762.html,2026-04-17,,2026-08-13,False
naka-281,nakatsugawa,中津川市,食品トレイ（白色）,資源となるごみ,きれいに洗って乾かして出す。汚れたもの、色のついたもの、柄のついた ものは、燃えるごみ。リサイクルＢＯＸ、スーパーなどの回収箱へ出す。,,中津川市 ごみの出し方ガイドブック,https://www.city.nakatsugawa.lg.jp/material/files/group/56/guidebook1.pdf,18,https://www.city.nakatsugawa.lg.jp/soshikikarasagasu/kankyocenter/1/1/gomi/7762.html,2026-04-17,,2026-08-13,False
naka-282,nakatsugawa,中津川市,食器洗い機・乾燥機,燃えないごみ,電気コードは切って、硬質ごみ｡ 指定袋に収まらないものは、大型ごみ。,１台,中津川市 ごみの出し方ガイドブック,https://www.city.nakatsugawa.lg.jp/material/files/group/56/guidebook1.pdf,18,https://www.city.nakatsugawa.lg.jp/soshikikarasagasu/kankyocenter/1/1/gomi/7762.html,2026-04-17,,2026-08-13,False
naka-283,nakatsugawa,中津川市,食器棚（水屋）,大型ごみ,扉・ガラス等そのままで可。最大サイズ【140ｃｍ×90ｃｍ ×200ｃｍ】を超えるものは、引取り不可。,１個,中津川市 ごみの出し方ガイドブック,https://www.city.nakatsugawa.lg.jp/material/files/group/56/guidebook1.pdf,18,https://www.city.nakatsugawa.lg.jp/soshikikarasagasu/kankyocenter/1/1/gomi/7762.html,2026-04-17,,2026-08-13,False
naka-284,nakatsugawa,中津川市,人口肛門 ( 医療器具 ),燃えるごみ,汚物は取り除くこと（。ポリ袋等に入れてから、指定袋へ。）,,中津川市 ごみの出し方ガイドブック,https://www.city.nakatsugawa.lg.jp/material/files/group/56/guidebook1.pdf,18,https://www.city.nakatsugawa.lg.jp/soshikikarasagasu/kankyocenter/1/1/gomi/7762.html,2026-04-17,,2026-08-13,False
naka-285,nakatsugawa,中津川市,人工芝,大型ごみ,土は取り除いて出す。,１巻,中津川市 ごみの出し方ガイドブック,https://www.city.nakatsugawa.lg.jp/material/files/group/56/guidebook1.pdf,18,https://www.city.nakatsugawa.lg.jp/soshikikarasagasu/kankyocenter/1/1/gomi/7762.html,2026-04-17,,2026-08-13,False
naka-286,nakatsugawa,中津川市,新聞紙,資源となるごみ,リサイクルＢＯＸ、学校等の資源回収へ出す｡,,中津川市 ごみの出し方ガイドブック,https://www.city.nakatsugawa.lg.jp/material/files/group/56/guidebook1.pdf,18,https://www.city.nakatsugawa.lg.jp/soshikikarasagasu/kankyocenter/1/1/gomi/7762.html,2026-04-17,,2026-08-13,False
naka-287,nakatsugawa,中津川市,水槽（プラスチック製）,燃えるごみ,40cmを超えるものは、大型ごみ。 ガラス製で袋に収まるものであれば、燃えないごみ。,１個,中津川市 ごみの出し方ガイドブック,https://www.city.nakatsugawa.lg.jp/material/files/group/56/guidebook1.pdf,18,https://www.city.nakatsugawa.lg.jp/soshikikarasagasu/kankyocenter/1/1/gomi/7762.html,2026-04-17,,2026-08-13,False
naka-288,nakatsugawa,中津川市,水中めがね （プラスチック製）,燃えるごみ,,,中津川市 ごみの出し方ガイドブック,https://www.city.nakatsugawa.lg.jp/material/files/group/56/guidebook1.pdf,18,https://www.city.nakatsugawa.lg.jp/soshikikarasagasu/kankyocenter/1/1/gomi/7762.html,2026-04-17,,2026-08-13,False
naka-289,nakatsugawa,中津川市,水筒（金属製）,燃えないごみ,プラスチック製のものは、燃えるごみ｡,,中津川市 ごみの出し方ガイドブック,https://www.city.nakatsugawa.lg.jp/material/files/group/56/guidebook1.pdf,18,https://www.city.nakatsugawa.lg.jp/soshikikarasagasu/kankyocenter/1/1/gomi/7762.html,2026-04-17,,2026-08-13,False
naka-290,nakatsugawa,中津川市,炊飯器,燃えないごみ,電気コードは切って、硬質ごみ。,,中津川市 ごみの出し方ガイドブック,https://www.city.nakatsugawa.lg.jp/material/files/group/56/guidebook1.pdf,18,https://www.city.nakatsugawa.lg.jp/soshikikarasagasu/kankyocenter/1/1/gomi/7762.html,2026-04-17,,2026-08-13,False
naka-291,nakatsugawa,中津川市,スーツケース,大型ごみ,40cm以下のものは、燃えるごみ。,１個,中津川市 ごみの出し方ガイドブック,https://www.city.nakatsugawa.lg.jp/material/files/group/56/guidebook1.pdf,18,https://www.city.nakatsugawa.lg.jp/soshikikarasagasu/kankyocenter/1/1/gomi/7762.html,2026-04-17,,2026-08-13,False
naka-292,nakatsugawa,中津川市,スキーキャリア,大型ごみ,,１個,中津川市 ごみの出し方ガイドブック,https://www.city.nakatsugawa.lg.jp/material/files/group/56/guidebook1.pdf,18,https://www.city.nakatsugawa.lg.jp/soshikikarasagasu/kankyocenter/1/1/gomi/7762.html,2026-04-17,,2026-08-13,False
naka-293,nakatsugawa,中津川市,スキー靴,燃えるごみ,,,中津川市 ごみの出し方ガイドブック,https://www.city.nakatsugawa.lg.jp/material/files/group/56/guidebook1.pdf,18,https://www.city.nakatsugawa.lg.jp/soshikikarasagasu/kankyocenter/1/1/gomi/7762.html,2026-04-17,,2026-08-13,False
naka-294,nakatsugawa,中津川市,スキー板,大型ごみ,スキー板２枚・ストック２本（１人分）をまとめて、シール１枚。,１人分を まとめて,中津川市 ごみの出し方ガイドブック,https://www.city.nakatsugawa.lg.jp/material/files/group/56/guidebook1.pdf,18,https://www.city.nakatsugawa.lg.jp/soshikikarasagasu/kankyocenter/1/1/gomi/7762.html,2026-04-17,,2026-08-13,False
naka-295,nakatsugawa,中津川市,スキーグローブ（手袋）,燃えるごみ,,,中津川市 ごみの出し方ガイドブック,https://www.city.nakatsugawa.lg.jp/material/files/group/56/guidebook1.pdf,18,https://www.city.nakatsugawa.lg.jp/soshikikarasagasu/kankyocenter/1/1/gomi/7762.html,2026-04-17,,2026-08-13,False
naka-296,nakatsugawa,中津川市,スキーストック,大型ごみ,スキー板を参照。,,中津川市 ごみの出し方ガイドブック,https://www.city.nakatsugawa.lg.jp/material/files/group/56/guidebook1.pdf,18,https://www.city.nakatsugawa.lg.jp/soshikikarasagasu/kankyocenter/1/1/gomi/7762.html,2026-04-17,,2026-08-13,False
naka-297,nakatsugawa,中津川市,スタンプ台 （プラスチック製）,燃えるごみ,金属製のものは、燃えないごみ。,,中津川市 ごみの出し方ガイドブック,https://www.city.nakatsugawa.lg.jp/material/files/group/56/guidebook1.pdf,18,https://www.city.nakatsugawa.lg.jp/soshikikarasagasu/kankyocenter/1/1/gomi/7762.html,2026-04-17,,2026-08-13,False
naka-298,nakatsugawa,中津川市,スケート靴,燃えないごみ,,,中津川市 ごみの出し方ガイドブック,https://www.city.nakatsugawa.lg.jp/material/files/group/56/guidebook1.pdf,18,https://www.city.nakatsugawa.lg.jp/soshikikarasagasu/kankyocenter/1/1/gomi/7762.html,2026-04-17,,2026-08-13,False
naka-299,nakatsugawa,中津川市,スケートボード,燃えるごみ,40cmを超えるものは、大型ごみ ローラーなど金属部分ははずして、燃えないごみ｡,１個,中津川市 ごみの出し方ガイドブック,https://www.city.nakatsugawa.lg.jp/material/files/group/56/guidebook1.pdf,18,https://www.city.nakatsugawa.lg.jp/soshikikarasagasu/kankyocenter/1/1/gomi/7762.html,2026-04-17,,2026-08-13,False
naka-300,nakatsugawa,中津川市,スコップ（園芸用・金属）,燃えないごみ,プラスチック製のものは、燃えるごみ｡,,中津川市 ごみの出し方ガイドブック,https://www.city.nakatsugawa.lg.jp/material/files/group/56/guidebook1.pdf,18,https://www.city.nakatsugawa.lg.jp/soshikikarasagasu/kankyocenter/1/1/gomi/7762.html,2026-04-17,,2026-08-13,False
naka-301,nakatsugawa,中津川市,硯（すずり）,燃えないごみ,,,中津川市 ごみの出し方ガイドブック,https://www.city.nakatsugawa.lg.jp/material/files/group/56/guidebook1.pdf,18,https://www.city.nakatsugawa.lg.jp/soshikikarasagasu/kankyocenter/1/1/gomi/7762.html,2026-04-17,,2026-08-13,False
naka-302,nakatsugawa,中津川市,すだれ,大型ごみ,40cm以下に切れば、燃えるごみ。,１枚,中津川市 ごみの出し方ガイドブック,https://www.city.nakatsugawa.lg.jp/material/files/group/56/guidebook1.pdf,18,https://www.city.nakatsugawa.lg.jp/soshikikarasagasu/kankyocenter/1/1/gomi/7762.html,2026-04-17,,2026-08-13,False
naka-303,nakatsugawa,中津川市,スチーム式洗浄機,燃えないごみ,電気コードは切って、硬質ごみ。 指定袋に収まらないものは、大型ごみ。,１台,中津川市 ごみの出し方ガイドブック,https://www.city.nakatsugawa.lg.jp/material/files/group/56/guidebook1.pdf,18,https://www.city.nakatsugawa.lg.jp/soshikikarasagasu/kankyocenter/1/1/gomi/7762.html,2026-04-17,,2026-08-13,False
naka-304,nakatsugawa,中津川市,ステレオ,燃えないごみ,電気コードは切って、硬質ごみ。 指定袋に収まらないものは、大型ごみ。,１セットを まとめて,中津川市 ごみの出し方ガイドブック,https://www.city.nakatsugawa.lg.jp/material/files/group/56/guidebook1.pdf,18,https://www.city.nakatsugawa.lg.jp/soshikikarasagasu/kankyocenter/1/1/gomi/7762.html,2026-04-17,,2026-08-13,False
naka-305,nakatsugawa,中津川市,ステンレスジャー,燃えないごみ,フードジャー・スープジャーなど。 プラスチック製の蓋は、燃えるごみ。,,中津川市 ごみの出し方ガイドブック,https://www.city.nakatsugawa.lg.jp/material/files/group/56/guidebook1.pdf,18,https://www.city.nakatsugawa.lg.jp/soshikikarasagasu/kankyocenter/1/1/gomi/7762.html,2026-04-17,,2026-08-13,False
naka-306,nakatsugawa,中津川市,ストーブ（石油ストーブ）,大型ごみ,灯油を空にして出す。ファンヒーターの電気コードは切って、 コードは硬質ごみ。,１台,中津川市 ごみの出し方ガイドブック,https://www.city.nakatsugawa.lg.jp/material/files/group/56/guidebook1.pdf,18,https://www.city.nakatsugawa.lg.jp/soshikikarasagasu/kankyocenter/1/1/gomi/7762.html,2026-04-17,,2026-08-13,False
naka-307,nakatsugawa,中津川市,ストーブ（電気ストーブ）,燃えないごみ,電気コードを切って、コードは硬質ごみ。指定袋に収まら ないものは、大型ごみ。,１台,中津川市 ごみの出し方ガイドブック,https://www.city.nakatsugawa.lg.jp/material/files/group/56/guidebook1.pdf,18,https://www.city.nakatsugawa.lg.jp/soshikikarasagasu/kankyocenter/1/1/gomi/7762.html,2026-04-17,,2026-08-13,False
naka-308,nakatsugawa,中津川市,砂,引取りできないごみ,廃棄物処理業者へ相談｡,,中津川市 ごみの出し方ガイドブック,https://www.city.nakatsugawa.lg.jp/material/files/group/56/guidebook1.pdf,18,https://www.city.nakatsugawa.lg.jp/soshikikarasagasu/kankyocenter/1/1/gomi/7762.html,2026-04-17,,2026-08-13,False
naka-309,nakatsugawa,中津川市,スノーボード,大型ごみ,,１枚,中津川市 ごみの出し方ガイドブック,https://www.city.nakatsugawa.lg.jp/material/files/group/56/guidebook1.pdf,18,https://www.city.nakatsugawa.lg.jp/soshikikarasagasu/kankyocenter/1/1/gomi/7762.html,2026-04-17,,2026-08-13,False
naka-310,nakatsugawa,中津川市,すのこ （木・プラスチック類）,大型ごみ,40cm以下に切れば、燃えるごみ。,２枚まで 束ねて,中津川市 ごみの出し方ガイドブック,https://www.city.nakatsugawa.lg.jp/material/files/group/56/guidebook1.pdf,18,https://www.city.nakatsugawa.lg.jp/soshikikarasagasu/kankyocenter/1/1/gomi/7762.html,2026-04-17,,2026-08-13,False
naka-311,nakatsugawa,中津川市,スピーカー,燃えないごみ,電気コードは切って、硬質ごみ。 指定袋に収まらないものは、大型ごみ。,１組,中津川市 ごみの出し方ガイドブック,https://www.city.nakatsugawa.lg.jp/material/files/group/56/guidebook1.pdf,18,https://www.city.nakatsugawa.lg.jp/soshikikarasagasu/kankyocenter/1/1/gomi/7762.html,2026-04-17,,2026-08-13,False
naka-312,nakatsugawa,中津川市,スプーン,燃えないごみ,木製・プラスチック製のものは、燃えるごみ。,,中津川市 ごみの出し方ガイドブック,https://www.city.nakatsugawa.lg.jp/material/files/group/56/guidebook1.pdf,18,https://www.city.nakatsugawa.lg.jp/soshikikarasagasu/kankyocenter/1/1/gomi/7762.html,2026-04-17,,2026-08-13,False
naka-313,nakatsugawa,中津川市,スプレー缶,有害ごみ,使い切ったあと、必ず穴を開ける。,,中津川市 ごみの出し方ガイドブック,https://www.city.nakatsugawa.lg.jp/material/files/group/56/guidebook1.pdf,18,https://www.city.nakatsugawa.lg.jp/soshikikarasagasu/kankyocenter/1/1/gomi/7762.html,2026-04-17,,2026-08-13,False
naka-314,nakatsugawa,中津川市,スベリ台,大型ごみ,最大サイズ【140cm×90cm×200cm】を超えるもの は、引取り不可。,１台,中津川市 ごみの出し方ガイドブック,https://www.city.nakatsugawa.lg.jp/material/files/group/56/guidebook1.pdf,18,https://www.city.nakatsugawa.lg.jp/soshikikarasagasu/kankyocenter/1/1/gomi/7762.html,2026-04-17,,2026-08-13,False
naka-315,nakatsugawa,中津川市,スポンジマットレス,大型ごみ,40cm以下に切れば、燃えるごみ。,１枚,中津川市 ごみの出し方ガイドブック,https://www.city.nakatsugawa.lg.jp/material/files/group/56/guidebook1.pdf,18,https://www.city.nakatsugawa.lg.jp/soshikikarasagasu/kankyocenter/1/1/gomi/7762.html,2026-04-17,,2026-08-13,False
naka-316,nakatsugawa,中津川市,ズボンプレッサー,燃えないごみ,電気コードは切って、硬質ごみ。 指定袋に収まらないものは、大型ごみ。,１台,中津川市 ごみの出し方ガイドブック,https://www.city.nakatsugawa.lg.jp/material/files/group/56/guidebook1.pdf,18,https://www.city.nakatsugawa.lg.jp/soshikikarasagasu/kankyocenter/1/1/gomi/7762.html,2026-04-17,,2026-08-13,False
naka-317,nakatsugawa,中津川市,スリッパ,燃えるごみ,,,中津川市 ごみの出し方ガイドブック,https://www.city.nakatsugawa.lg.jp/material/files/group/56/guidebook1.pdf,18,https://www.city.nakatsugawa.lg.jp/soshikikarasagasu/kankyocenter/1/1/gomi/7762.html,2026-04-17,,2026-08-13,False
naka-318,nakatsugawa,中津川市,すり鉢,燃えないごみ,,,中津川市 ごみの出し方ガイドブック,https://www.city.nakatsugawa.lg.jp/material/files/group/56/guidebook1.pdf,18,https://www.city.nakatsugawa.lg.jp/soshikikarasagasu/kankyocenter/1/1/gomi/7762.html,2026-04-17,,2026-08-13,False
naka-319,nakatsugawa,中津川市,スレート,引取りできないごみ,屋根や外装に使う石質の薄い板。 廃棄物処理業者、販売店などへ相談｡,,中津川市 ごみの出し方ガイドブック,https://www.city.nakatsugawa.lg.jp/material/files/group/56/guidebook1.pdf,18,https://www.city.nakatsugawa.lg.jp/soshikikarasagasu/kankyocenter/1/1/gomi/7762.html,2026-04-17,,2026-08-13,False
naka-320,nakatsugawa,中津川市,スロット台,引取りできないごみ,販売店や処理業者などへ相談。業務用ではない形状（家庭用のもの）に 限り、可能な限り分解すれば、大型ごみ（ただし、直接搬入に限る）。,,中津川市 ごみの出し方ガイドブック,https://www.city.nakatsugawa.lg.jp/material/files/group/56/guidebook1.pdf,18,https://www.city.nakatsugawa.lg.jp/soshikikarasagasu/kankyocenter/1/1/gomi/7762.html,2026-04-17,,2026-08-13,False
naka-321,nakatsugawa,中津川市,精米機,大型ごみ,家庭用で卓上で使用するものであれば、燃えないごみ。 電気コードは切って、硬質ごみ｡,１個,中津川市 ごみの出し方ガイドブック,https://www.city.nakatsugawa.lg.jp/material/files/group/56/guidebook1.pdf,18,https://www.city.nakatsugawa.lg.jp/soshikikarasagasu/kankyocenter/1/1/gomi/7762.html,2026-04-17,,2026-08-13,False
naka-322,nakatsugawa,中津川市,整理棚,大型ごみ,,１個,中津川市 ごみの出し方ガイドブック,https://www.city.nakatsugawa.lg.jp/material/files/group/56/guidebook1.pdf,18,https://www.city.nakatsugawa.lg.jp/soshikikarasagasu/kankyocenter/1/1/gomi/7762.html,2026-04-17,,2026-08-13,False
naka-323,nakatsugawa,中津川市,石灰,引取りできないごみ,廃棄物処理業者、販売店などへ相談｡,,中津川市 ごみの出し方ガイドブック,https://www.city.nakatsugawa.lg.jp/material/files/group/56/guidebook1.pdf,18,https://www.city.nakatsugawa.lg.jp/soshikikarasagasu/kankyocenter/1/1/gomi/7762.html,2026-04-17,,2026-08-13,False
naka-324,nakatsugawa,中津川市,石鹸,燃えるごみ,液体石鹸は、引取り不可。布に少しづつ染み込ませ、完全に 乾かしてから出すものは可。,,中津川市 ごみの出し方ガイドブック,https://www.city.nakatsugawa.lg.jp/material/files/group/56/guidebook1.pdf,18,https://www.city.nakatsugawa.lg.jp/soshikikarasagasu/kankyocenter/1/1/gomi/7762.html,2026-04-17,,2026-08-13,False
naka-325,nakatsugawa,中津川市,石膏ボード,引取りできないごみ,廃棄物処理業者、販売店などへ相談｡,,中津川市 ごみの出し方ガイドブック,https://www.city.nakatsugawa.lg.jp/material/files/group/56/guidebook1.pdf,19,https://www.city.nakatsugawa.lg.jp/soshikikarasagasu/kankyocenter/1/1/gomi/7762.html,2026-04-17,,2026-08-13,False
naka-326,nakatsugawa,中津川市,接着剤のチューブ・外箱,燃えるごみ,中身を使い切って出す。金属製のものは、燃えないごみ。,,中津川市 ごみの出し方ガイドブック,https://www.city.nakatsugawa.lg.jp/material/files/group/56/guidebook1.pdf,19,https://www.city.nakatsugawa.lg.jp/soshikikarasagasu/kankyocenter/1/1/gomi/7762.html,2026-04-17,,2026-08-13,False
naka-327,nakatsugawa,中津川市,セメント,引取りできないごみ,廃棄物処理業者、販売店などへ相談｡,,中津川市 ごみの出し方ガイドブック,https://www.city.nakatsugawa.lg.jp/material/files/group/56/guidebook1.pdf,19,https://www.city.nakatsugawa.lg.jp/soshikikarasagasu/kankyocenter/1/1/gomi/7762.html,2026-04-17,,2026-08-13,False
naka-328,nakatsugawa,中津川市,セラミックファンヒーター,燃えないごみ,電気コードは切って、硬質ごみ。 指定袋に収まらないものは、大型ごみ。,１台,中津川市 ごみの出し方ガイドブック,https://www.city.nakatsugawa.lg.jp/material/files/group/56/guidebook1.pdf,19,https://www.city.nakatsugawa.lg.jp/soshikikarasagasu/kankyocenter/1/1/gomi/7762.html,2026-04-17,,2026-08-13,False
naka-329,nakatsugawa,中津川市,扇子,燃えるごみ,,,中津川市 ごみの出し方ガイドブック,https://www.city.nakatsugawa.lg.jp/material/files/group/56/guidebook1.pdf,19,https://www.city.nakatsugawa.lg.jp/soshikikarasagasu/kankyocenter/1/1/gomi/7762.html,2026-04-17,,2026-08-13,False
naka-330,nakatsugawa,中津川市,洗濯機,リサイクル法対象品,家電リサイクル法対象品。17ページ参照。,,中津川市 ごみの出し方ガイドブック,https://www.city.nakatsugawa.lg.jp/material/files/group/56/guidebook1.pdf,19,https://www.city.nakatsugawa.lg.jp/soshikikarasagasu/kankyocenter/1/1/gomi/7762.html,2026-04-17,,2026-08-13,False
naka-331,nakatsugawa,中津川市,洗濯ばさみ （プラスチック製）,燃えるごみ,金属製のものや金属部分は、燃えないごみ。,,中津川市 ごみの出し方ガイドブック,https://www.city.nakatsugawa.lg.jp/material/files/group/56/guidebook1.pdf,19,https://www.city.nakatsugawa.lg.jp/soshikikarasagasu/kankyocenter/1/1/gomi/7762.html,2026-04-17,,2026-08-13,False
naka-332,nakatsugawa,中津川市,剪定枝、草、枯葉、 栗のイガ,燃えるごみ,40cm以下にして出す「。木くず・木片（」27ページ）を参照。,,中津川市 ごみの出し方ガイドブック,https://www.city.nakatsugawa.lg.jp/material/files/group/56/guidebook1.pdf,19,https://www.city.nakatsugawa.lg.jp/soshikikarasagasu/kankyocenter/1/1/gomi/7762.html,2026-04-17,,2026-08-13,False
naka-333,nakatsugawa,中津川市,剪定ばさみ,燃えないごみ,刃先部分を紙などで包んで出す。刃と柄を分別できない場合 は、燃えないごみ。指定袋に収まらないものは、大型ごみ。,１本,中津川市 ごみの出し方ガイドブック,https://www.city.nakatsugawa.lg.jp/material/files/group/56/guidebook1.pdf,19,https://www.city.nakatsugawa.lg.jp/soshikikarasagasu/kankyocenter/1/1/gomi/7762.html,2026-04-17,,2026-08-13,False
naka-334,nakatsugawa,中津川市,栓抜き,燃えないごみ,,,中津川市 ごみの出し方ガイドブック,https://www.city.nakatsugawa.lg.jp/material/files/group/56/guidebook1.pdf,19,https://www.city.nakatsugawa.lg.jp/soshikikarasagasu/kankyocenter/1/1/gomi/7762.html,2026-04-17,,2026-08-13,False
naka-335,nakatsugawa,中津川市,扇風機,燃えないごみ,電気コードは切って、硬質ごみ。 指定袋に収まらないものは、大型ごみ。,１台,中津川市 ごみの出し方ガイドブック,https://www.city.nakatsugawa.lg.jp/material/files/group/56/guidebook1.pdf,19,https://www.city.nakatsugawa.lg.jp/soshikikarasagasu/kankyocenter/1/1/gomi/7762.html,2026-04-17,,2026-08-13,False
naka-336,nakatsugawa,中津川市,洗面器（プラスチック製）,燃えるごみ,金属製のものは、燃えないごみ。 指定袋に収まらないものは、大型ごみ。,１個,中津川市 ごみの出し方ガイドブック,https://www.city.nakatsugawa.lg.jp/material/files/group/56/guidebook1.pdf,19,https://www.city.nakatsugawa.lg.jp/soshikikarasagasu/kankyocenter/1/1/gomi/7762.html,2026-04-17,,2026-08-13,False
naka-337,nakatsugawa,中津川市,洗面台,大型ごみ,,１台,中津川市 ごみの出し方ガイドブック,https://www.city.nakatsugawa.lg.jp/material/files/group/56/guidebook1.pdf,19,https://www.city.nakatsugawa.lg.jp/soshikikarasagasu/kankyocenter/1/1/gomi/7762.html,2026-04-17,,2026-08-13,False
naka-338,nakatsugawa,中津川市,双眼鏡,燃えないごみ,,,中津川市 ごみの出し方ガイドブック,https://www.city.nakatsugawa.lg.jp/material/files/group/56/guidebook1.pdf,19,https://www.city.nakatsugawa.lg.jp/soshikikarasagasu/kankyocenter/1/1/gomi/7762.html,2026-04-17,,2026-08-13,False
naka-339,nakatsugawa,中津川市,掃除機,燃えないごみ,電気コードは切って、硬質ごみ。 指定袋に収まらないものは、大型ごみ。,１台,中津川市 ごみの出し方ガイドブック,https://www.city.nakatsugawa.lg.jp/material/files/group/56/guidebook1.pdf,19,https://www.city.nakatsugawa.lg.jp/soshikikarasagasu/kankyocenter/1/1/gomi/7762.html,2026-04-17,,2026-08-13,False
naka-340,nakatsugawa,中津川市,ソファ,大型ごみ,,１台,中津川市 ごみの出し方ガイドブック,https://www.city.nakatsugawa.lg.jp/material/files/group/56/guidebook1.pdf,19,https://www.city.nakatsugawa.lg.jp/soshikikarasagasu/kankyocenter/1/1/gomi/7762.html,2026-04-17,,2026-08-13,False
naka-341,nakatsugawa,中津川市,ソリ（子供用玩具）,燃えるごみ,40cmを超えるものは、大型ごみ,１個,中津川市 ごみの出し方ガイドブック,https://www.city.nakatsugawa.lg.jp/material/files/group/56/guidebook1.pdf,19,https://www.city.nakatsugawa.lg.jp/soshikikarasagasu/kankyocenter/1/1/gomi/7762.html,2026-04-17,,2026-08-13,False
naka-342,nakatsugawa,中津川市,そろばん,燃えるごみ,,,中津川市 ごみの出し方ガイドブック,https://www.city.nakatsugawa.lg.jp/material/files/group/56/guidebook1.pdf,19,https://www.city.nakatsugawa.lg.jp/soshikikarasagasu/kankyocenter/1/1/gomi/7762.html,2026-04-17,,2026-08-13,False
naka-343,nakatsugawa,中津川市,体温計,燃えないごみ,電池ははずして、有害ごみ｡水銀式のものは、有害ごみ。,,中津川市 ごみの出し方ガイドブック,https://www.city.nakatsugawa.lg.jp/material/files/group/56/guidebook1.pdf,19,https://www.city.nakatsugawa.lg.jp/soshikikarasagasu/kankyocenter/1/1/gomi/7762.html,2026-04-17,,2026-08-13,False
naka-344,nakatsugawa,中津川市,台車,大型ごみ,,１台,中津川市 ごみの出し方ガイドブック,https://www.city.nakatsugawa.lg.jp/material/files/group/56/guidebook1.pdf,19,https://www.city.nakatsugawa.lg.jp/soshikikarasagasu/kankyocenter/1/1/gomi/7762.html,2026-04-17,,2026-08-13,False
naka-345,nakatsugawa,中津川市,体重計・ヘルスメーター,燃えないごみ,電池を使用しているものは、電池ははずして、有害ごみ。,,中津川市 ごみの出し方ガイドブック,https://www.city.nakatsugawa.lg.jp/material/files/group/56/guidebook1.pdf,19,https://www.city.nakatsugawa.lg.jp/soshikikarasagasu/kankyocenter/1/1/gomi/7762.html,2026-04-17,,2026-08-13,False
naka-346,nakatsugawa,中津川市,耐熱ガラス,燃えないごみ,中身が見える状態で出す。,,中津川市 ごみの出し方ガイドブック,https://www.city.nakatsugawa.lg.jp/material/files/group/56/guidebook1.pdf,19,https://www.city.nakatsugawa.lg.jp/soshikikarasagasu/kankyocenter/1/1/gomi/7762.html,2026-04-17,,2026-08-13,False
naka-347,nakatsugawa,中津川市,タイヤ（一輪車（運搬）用）,燃えないごみ,自動車・バイクのタイヤは、引取り不可のため、廃棄物処理 業者、販売店などへ相談。,,中津川市 ごみの出し方ガイドブック,https://www.city.nakatsugawa.lg.jp/material/files/group/56/guidebook1.pdf,19,https://www.city.nakatsugawa.lg.jp/soshikikarasagasu/kankyocenter/1/1/gomi/7762.html,2026-04-17,,2026-08-13,False
naka-348,nakatsugawa,中津川市,タイヤチェーン（金属）,硬質ごみ,ゴム製のものは金属を取り除き、40cm以下にして、燃えるごみ。,,中津川市 ごみの出し方ガイドブック,https://www.city.nakatsugawa.lg.jp/material/files/group/56/guidebook1.pdf,19,https://www.city.nakatsugawa.lg.jp/soshikikarasagasu/kankyocenter/1/1/gomi/7762.html,2026-04-17,,2026-08-13,False
naka-349,nakatsugawa,中津川市,タイヤホイール,引取りできないごみ,廃棄物処理業者、販売店などへ相談｡,,中津川市 ごみの出し方ガイドブック,https://www.city.nakatsugawa.lg.jp/material/files/group/56/guidebook1.pdf,19,https://www.city.nakatsugawa.lg.jp/soshikikarasagasu/kankyocenter/1/1/gomi/7762.html,2026-04-17,,2026-08-13,False
naka-350,nakatsugawa,中津川市,太陽光パネル,引取りできないごみ,設置業者、販売店などへ相談｡,,中津川市 ごみの出し方ガイドブック,https://www.city.nakatsugawa.lg.jp/material/files/group/56/guidebook1.pdf,19,https://www.city.nakatsugawa.lg.jp/soshikikarasagasu/kankyocenter/1/1/gomi/7762.html,2026-04-17,,2026-08-13,False
naka-351,nakatsugawa,中津川市,タイル,引取りできないごみ,廃棄物処理業者、販売店などへ相談｡,,中津川市 ごみの出し方ガイドブック,https://www.city.nakatsugawa.lg.jp/material/files/group/56/guidebook1.pdf,19,https://www.city.nakatsugawa.lg.jp/soshikikarasagasu/kankyocenter/1/1/gomi/7762.html,2026-04-17,,2026-08-13,False
naka-352,nakatsugawa,中津川市,高枝ばさみ,大型ごみ,,１本,中津川市 ごみの出し方ガイドブック,https://www.city.nakatsugawa.lg.jp/material/files/group/56/guidebook1.pdf,19,https://www.city.nakatsugawa.lg.jp/soshikikarasagasu/kankyocenter/1/1/gomi/7762.html,2026-04-17,,2026-08-13,False
naka-353,nakatsugawa,中津川市,竹,燃えるごみ,40cm以下に切って出す。「木くず・木片」（27ページ）を参照。,,中津川市 ごみの出し方ガイドブック,https://www.city.nakatsugawa.lg.jp/material/files/group/56/guidebook1.pdf,19,https://www.city.nakatsugawa.lg.jp/soshikikarasagasu/kankyocenter/1/1/gomi/7762.html,2026-04-17,,2026-08-13,False
naka-354,nakatsugawa,中津川市,畳,大型ごみ,,１枚,中津川市 ごみの出し方ガイドブック,https://www.city.nakatsugawa.lg.jp/material/files/group/56/guidebook1.pdf,19,https://www.city.nakatsugawa.lg.jp/soshikikarasagasu/kankyocenter/1/1/gomi/7762.html,2026-04-17,,2026-08-13,False
naka-355,nakatsugawa,中津川市,裁ち板,大型ごみ,最大サイズ【140cm×90cm×200cm】を超えるもの は、引取り不可。（板の厚みは10cm以下）,１枚,中津川市 ごみの出し方ガイドブック,https://www.city.nakatsugawa.lg.jp/material/files/group/56/guidebook1.pdf,19,https://www.city.nakatsugawa.lg.jp/soshikikarasagasu/kankyocenter/1/1/gomi/7762.html,2026-04-17,,2026-08-13,False
naka-356,nakatsugawa,中津川市,卓球台,大型ごみ,最大サイズ【140cm×90cm×200cm】を超えるもの は、引取り不可。,１台,中津川市 ごみの出し方ガイドブック,https://www.city.nakatsugawa.lg.jp/material/files/group/56/guidebook1.pdf,19,https://www.city.nakatsugawa.lg.jp/soshikikarasagasu/kankyocenter/1/1/gomi/7762.html,2026-04-17,,2026-08-13,False
naka-357,nakatsugawa,中津川市,脱穀機,引取りできないごみ,廃棄物処理業者、販売店などへ相談｡木製のものは厚み10cm 以内に割り、長さ１ｍ以内とすれば大型ごみで出せる。,１台,中津川市 ごみの出し方ガイドブック,https://www.city.nakatsugawa.lg.jp/material/files/group/56/guidebook1.pdf,19,https://www.city.nakatsugawa.lg.jp/soshikikarasagasu/kankyocenter/1/1/gomi/7762.html,2026-04-17,,2026-08-13,False
naka-358,nakatsugawa,中津川市,脱臭剤,燃えるごみ,,,中津川市 ごみの出し方ガイドブック,https://www.city.nakatsugawa.lg.jp/material/files/group/56/guidebook1.pdf,19,https://www.city.nakatsugawa.lg.jp/soshikikarasagasu/kankyocenter/1/1/gomi/7762.html,2026-04-17,,2026-08-13,False
naka-359,nakatsugawa,中津川市,煙草,燃えるごみ,電子タバコ本体は、有害ごみ。,,中津川市 ごみの出し方ガイドブック,https://www.city.nakatsugawa.lg.jp/material/files/group/56/guidebook1.pdf,19,https://www.city.nakatsugawa.lg.jp/soshikikarasagasu/kankyocenter/1/1/gomi/7762.html,2026-04-17,,2026-08-13,False
naka-360,nakatsugawa,中津川市,タブレット端末,燃えないごみ,情報漏えいが心配な方は販売店へ相談。,,中津川市 ごみの出し方ガイドブック,https://www.city.nakatsugawa.lg.jp/material/files/group/56/guidebook1.pdf,19,https://www.city.nakatsugawa.lg.jp/soshikikarasagasu/kankyocenter/1/1/gomi/7762.html,2026-04-17,,2026-08-13,False
naka-361,nakatsugawa,中津川市,卵パックケース （紙・プラスチック）,燃えるごみ,できるだけ小売店にあるリサイクルＢＯＸなどに出す。,,中津川市 ごみの出し方ガイドブック,https://www.city.nakatsugawa.lg.jp/material/files/group/56/guidebook1.pdf,19,https://www.city.nakatsugawa.lg.jp/soshikikarasagasu/kankyocenter/1/1/gomi/7762.html,2026-04-17,,2026-08-13,False
naka-362,nakatsugawa,中津川市,樽（たる）,大型ごみ,40cm以下に切れば、燃えるごみ｡,１個,中津川市 ごみの出し方ガイドブック,https://www.city.nakatsugawa.lg.jp/material/files/group/56/guidebook1.pdf,19,https://www.city.nakatsugawa.lg.jp/soshikikarasagasu/kankyocenter/1/1/gomi/7762.html,2026-04-17,,2026-08-13,False
naka-363,nakatsugawa,中津川市,達磨（だるま）,燃えるごみ,,,中津川市 ごみの出し方ガイドブック,https://www.city.nakatsugawa.lg.jp/material/files/group/56/guidebook1.pdf,19,https://www.city.nakatsugawa.lg.jp/soshikikarasagasu/kankyocenter/1/1/gomi/7762.html,2026-04-17,,2026-08-13,False
naka-364,nakatsugawa,中津川市,たわし類,燃えるごみ,金属製のものは、燃えないごみ。,,中津川市 ごみの出し方ガイドブック,https://www.city.nakatsugawa.lg.jp/material/files/group/56/guidebook1.pdf,19,https://www.city.nakatsugawa.lg.jp/soshikikarasagasu/kankyocenter/1/1/gomi/7762.html,2026-04-17,,2026-08-13,False
naka-365,nakatsugawa,中津川市,箪笥（たんす）,大型ごみ,最大サイズ【140cm×90cm×200cm】を超えるもの は、引取り不可。,１本,中津川市 ごみの出し方ガイドブック,https://www.city.nakatsugawa.lg.jp/material/files/group/56/guidebook1.pdf,19,https://www.city.nakatsugawa.lg.jp/soshikikarasagasu/kankyocenter/1/1/gomi/7762.html,2026-04-17,,2026-08-13,False
naka-366,nakatsugawa,中津川市,断熱材,引取りできないごみ,廃棄物処理業者、販売店などへ相談｡,,中津川市 ごみの出し方ガイドブック,https://www.city.nakatsugawa.lg.jp/material/files/group/56/guidebook1.pdf,19,https://www.city.nakatsugawa.lg.jp/soshikikarasagasu/kankyocenter/1/1/gomi/7762.html,2026-04-17,,2026-08-13,False
naka-367,nakatsugawa,中津川市,ダンボール,資源となるごみ,束ねてリサイクルＢＯＸ、学校等の資源回収へ出す｡,,中津川市 ごみの出し方ガイドブック,https://www.city.nakatsugawa.lg.jp/material/files/group/56/guidebook1.pdf,19,https://www.city.nakatsugawa.lg.jp/soshikikarasagasu/kankyocenter/1/1/gomi/7762.html,2026-04-17,,2026-08-13,False
naka-368,nakatsugawa,中津川市,チェーンソー,引取りできないごみ,エンジンのついたものは取扱いできないため、廃棄物処理 業者、販売店などへ相談｡電動のものは、燃えないごみ。,,中津川市 ごみの出し方ガイドブック,https://www.city.nakatsugawa.lg.jp/material/files/group/56/guidebook1.pdf,19,https://www.city.nakatsugawa.lg.jp/soshikikarasagasu/kankyocenter/1/1/gomi/7762.html,2026-04-17,,2026-08-13,False
naka-369,nakatsugawa,中津川市,チャイルドシート,大型ごみ,金具ははずして、燃えないごみ｡,１個,中津川市 ごみの出し方ガイドブック,https://www.city.nakatsugawa.lg.jp/material/files/group/56/guidebook1.pdf,19,https://www.city.nakatsugawa.lg.jp/soshikikarasagasu/kankyocenter/1/1/gomi/7762.html,2026-04-17,,2026-08-13,False
naka-370,nakatsugawa,中津川市,茶器,燃えないごみ,,,中津川市 ごみの出し方ガイドブック,https://www.city.nakatsugawa.lg.jp/material/files/group/56/guidebook1.pdf,19,https://www.city.nakatsugawa.lg.jp/soshikikarasagasu/kankyocenter/1/1/gomi/7762.html,2026-04-17,,2026-08-13,False
naka-371,nakatsugawa,中津川市,注射器（医療）,引取りできないごみ,病院へ相談｡,,中津川市 ごみの出し方ガイドブック,https://www.city.nakatsugawa.lg.jp/material/files/group/56/guidebook1.pdf,19,https://www.city.nakatsugawa.lg.jp/soshikikarasagasu/kankyocenter/1/1/gomi/7762.html,2026-04-17,,2026-08-13,False
naka-372,nakatsugawa,中津川市,注射針（医療）,引取りできないごみ,病院へ相談｡,,中津川市 ごみの出し方ガイドブック,https://www.city.nakatsugawa.lg.jp/material/files/group/56/guidebook1.pdf,19,https://www.city.nakatsugawa.lg.jp/soshikikarasagasu/kankyocenter/1/1/gomi/7762.html,2026-04-17,,2026-08-13,False
naka-373,nakatsugawa,中津川市,チューナー,燃えないごみ,電気コード類は切って、硬質ごみ。,,中津川市 ごみの出し方ガイドブック,https://www.city.nakatsugawa.lg.jp/material/files/group/56/guidebook1.pdf,19,https://www.city.nakatsugawa.lg.jp/soshikikarasagasu/kankyocenter/1/1/gomi/7762.html,2026-04-17,,2026-08-13,False
naka-374,nakatsugawa,中津川市,提灯（針金製）,燃えないごみ,竹・紙・プラスチックのみのものは、燃えるごみ。,,中津川市 ごみの出し方ガイドブック,https://www.city.nakatsugawa.lg.jp/material/files/group/56/guidebook1.pdf,19,https://www.city.nakatsugawa.lg.jp/soshikikarasagasu/kankyocenter/1/1/gomi/7762.html,2026-04-17,,2026-08-13,False
naka-375,nakatsugawa,中津川市,調味料の容器 （紙・プラスチック製）,燃えるごみ,,,中津川市 ごみの出し方ガイドブック,https://www.city.nakatsugawa.lg.jp/material/files/group/56/guidebook1.pdf,19,https://www.city.nakatsugawa.lg.jp/soshikikarasagasu/kankyocenter/1/1/gomi/7762.html,2026-04-17,,2026-08-13,False
naka-376,nakatsugawa,中津川市,チラシ（広告）,資源となるごみ,リサイクルＢＯＸ、学校等の資源回収へ出す｡,,中津川市 ごみの出し方ガイドブック,https://www.city.nakatsugawa.lg.jp/material/files/group/56/guidebook1.pdf,19,https://www.city.nakatsugawa.lg.jp/soshikikarasagasu/kankyocenter/1/1/gomi/7762.html,2026-04-17,,2026-08-13,False
naka-377,nakatsugawa,中津川市,使い捨てカイロ,燃えるごみ,使用済みのものに限る。,,中津川市 ごみの出し方ガイドブック,https://www.city.nakatsugawa.lg.jp/material/files/group/56/guidebook1.pdf,19,https://www.city.nakatsugawa.lg.jp/soshikikarasagasu/kankyocenter/1/1/gomi/7762.html,2026-04-17,,2026-08-13,False
naka-378,nakatsugawa,中津川市,机,大型ごみ,,１台,中津川市 ごみの出し方ガイドブック,https://www.city.nakatsugawa.lg.jp/material/files/group/56/guidebook1.pdf,19,https://www.city.nakatsugawa.lg.jp/soshikikarasagasu/kankyocenter/1/1/gomi/7762.html,2026-04-17,,2026-08-13,False
naka-379,nakatsugawa,中津川市,漬物用重石,引取りできないごみ,プラスチック製で水を入れて使用するものであれば、燃え るごみ。廃棄物処理業者、販売店などへ相談｡,,中津川市 ごみの出し方ガイドブック,https://www.city.nakatsugawa.lg.jp/material/files/group/56/guidebook1.pdf,20,https://www.city.nakatsugawa.lg.jp/soshikikarasagasu/kankyocenter/1/1/gomi/7762.html,2026-04-17,,2026-08-13,False
naka-380,nakatsugawa,中津川市,土,引取りできないごみ,廃棄物処理業者へ相談｡,,中津川市 ごみの出し方ガイドブック,https://www.city.nakatsugawa.lg.jp/material/files/group/56/guidebook1.pdf,20,https://www.city.nakatsugawa.lg.jp/soshikikarasagasu/kankyocenter/1/1/gomi/7762.html,2026-04-17,,2026-08-13,False
naka-381,nakatsugawa,中津川市,突っ張り棒 （プラスチック製）,燃えるごみ,40cmを超えるものは、大型ごみ。 金属製のものは、燃えないごみ。,３本まで 束ねて,中津川市 ごみの出し方ガイドブック,https://www.city.nakatsugawa.lg.jp/material/files/group/56/guidebook1.pdf,20,https://www.city.nakatsugawa.lg.jp/soshikikarasagasu/kankyocenter/1/1/gomi/7762.html,2026-04-17,,2026-08-13,False
naka-382,nakatsugawa,中津川市,積木 （木・プラスチック製）,燃えるごみ,,,中津川市 ごみの出し方ガイドブック,https://www.city.nakatsugawa.lg.jp/material/files/group/56/guidebook1.pdf,20,https://www.city.nakatsugawa.lg.jp/soshikikarasagasu/kankyocenter/1/1/gomi/7762.html,2026-04-17,,2026-08-13,False
naka-383,nakatsugawa,中津川市,爪切り,燃えないごみ,プラスチックのカバーがついている場合ははずして、燃えるごみ。,,中津川市 ごみの出し方ガイドブック,https://www.city.nakatsugawa.lg.jp/material/files/group/56/guidebook1.pdf,20,https://www.city.nakatsugawa.lg.jp/soshikikarasagasu/kankyocenter/1/1/gomi/7762.html,2026-04-17,,2026-08-13,False
naka-384,nakatsugawa,中津川市,釣竿 （竹製・カーボン製）,燃えるごみ,40cmを超えるものは、大型ごみ。,２本まで 束ねて,中津川市 ごみの出し方ガイドブック,https://www.city.nakatsugawa.lg.jp/material/files/group/56/guidebook1.pdf,20,https://www.city.nakatsugawa.lg.jp/soshikikarasagasu/kankyocenter/1/1/gomi/7762.html,2026-04-17,,2026-08-13,False
naka-385,nakatsugawa,中津川市,釣りリール,燃えないごみ,,,中津川市 ごみの出し方ガイドブック,https://www.city.nakatsugawa.lg.jp/material/files/group/56/guidebook1.pdf,20,https://www.city.nakatsugawa.lg.jp/soshikikarasagasu/kankyocenter/1/1/gomi/7762.html,2026-04-17,,2026-08-13,False
naka-386,nakatsugawa,中津川市,テープカッター,燃えないごみ,重石が入っていないプラスチック製のものは、燃えるごみ。,,中津川市 ごみの出し方ガイドブック,https://www.city.nakatsugawa.lg.jp/material/files/group/56/guidebook1.pdf,20,https://www.city.nakatsugawa.lg.jp/soshikikarasagasu/kankyocenter/1/1/gomi/7762.html,2026-04-17,,2026-08-13,False
naka-387,nakatsugawa,中津川市,テーブル,大型ごみ,,１台,中津川市 ごみの出し方ガイドブック,https://www.city.nakatsugawa.lg.jp/material/files/group/56/guidebook1.pdf,20,https://www.city.nakatsugawa.lg.jp/soshikikarasagasu/kankyocenter/1/1/gomi/7762.html,2026-04-17,,2026-08-13,False
naka-388,nakatsugawa,中津川市,テーブルクロス,燃えるごみ,40cmを超えるものは、大型ごみ。布製のきれいな物で状態の 良いものは、できるだけ資源回収などのリサイクルに出す｡,２枚まで 束ねて,中津川市 ごみの出し方ガイドブック,https://www.city.nakatsugawa.lg.jp/material/files/group/56/guidebook1.pdf,20,https://www.city.nakatsugawa.lg.jp/soshikikarasagasu/kankyocenter/1/1/gomi/7762.html,2026-04-17,,2026-08-13,False
naka-389,nakatsugawa,中津川市,DVD,燃えるごみ,CD（コンパクトディスク）、BD（ブルーレイディスク）も同様。,,中津川市 ごみの出し方ガイドブック,https://www.city.nakatsugawa.lg.jp/material/files/group/56/guidebook1.pdf,20,https://www.city.nakatsugawa.lg.jp/soshikikarasagasu/kankyocenter/1/1/gomi/7762.html,2026-04-17,,2026-08-13,False
naka-390,nakatsugawa,中津川市,手押し車 （シルバーカート）,大型ごみ,,１台,中津川市 ごみの出し方ガイドブック,https://www.city.nakatsugawa.lg.jp/material/files/group/56/guidebook1.pdf,20,https://www.city.nakatsugawa.lg.jp/soshikikarasagasu/kankyocenter/1/1/gomi/7762.html,2026-04-17,,2026-08-13,False
naka-391,nakatsugawa,中津川市,デスクマット,燃えるごみ,40cmを超えるものは、大型ごみ。,２枚まで 束ねて,中津川市 ごみの出し方ガイドブック,https://www.city.nakatsugawa.lg.jp/material/files/group/56/guidebook1.pdf,20,https://www.city.nakatsugawa.lg.jp/soshikikarasagasu/kankyocenter/1/1/gomi/7762.html,2026-04-17,,2026-08-13,False
naka-392,nakatsugawa,中津川市,鉄アレイ・ダンベル,硬質ごみ,,,中津川市 ごみの出し方ガイドブック,https://www.city.nakatsugawa.lg.jp/material/files/group/56/guidebook1.pdf,20,https://www.city.nakatsugawa.lg.jp/soshikikarasagasu/kankyocenter/1/1/gomi/7762.html,2026-04-17,,2026-08-13,False
naka-393,nakatsugawa,中津川市,鉄板,燃えないごみ,,,中津川市 ごみの出し方ガイドブック,https://www.city.nakatsugawa.lg.jp/material/files/group/56/guidebook1.pdf,20,https://www.city.nakatsugawa.lg.jp/soshikikarasagasu/kankyocenter/1/1/gomi/7762.html,2026-04-17,,2026-08-13,False
naka-394,nakatsugawa,中津川市,鉄棒,大型ごみ,,１台,中津川市 ごみの出し方ガイドブック,https://www.city.nakatsugawa.lg.jp/material/files/group/56/guidebook1.pdf,20,https://www.city.nakatsugawa.lg.jp/soshikikarasagasu/kankyocenter/1/1/gomi/7762.html,2026-04-17,,2026-08-13,False
naka-395,nakatsugawa,中津川市,テニスラケット,大型ごみ,木製のものは40cm以下に切れば、燃えるごみ｡,２本まで 束ねて,中津川市 ごみの出し方ガイドブック,https://www.city.nakatsugawa.lg.jp/material/files/group/56/guidebook1.pdf,20,https://www.city.nakatsugawa.lg.jp/soshikikarasagasu/kankyocenter/1/1/gomi/7762.html,2026-04-17,,2026-08-13,False
naka-396,nakatsugawa,中津川市,テレビ,リサイクル対象品,家電リサイクル法対象品。 非対象品については、燃えないごみ。17ページ参照。,,中津川市 ごみの出し方ガイドブック,https://www.city.nakatsugawa.lg.jp/material/files/group/56/guidebook1.pdf,20,https://www.city.nakatsugawa.lg.jp/soshikikarasagasu/kankyocenter/1/1/gomi/7762.html,2026-04-17,,2026-08-13,False
naka-397,nakatsugawa,中津川市,テレビ台,大型ごみ,,１個,中津川市 ごみの出し方ガイドブック,https://www.city.nakatsugawa.lg.jp/material/files/group/56/guidebook1.pdf,20,https://www.city.nakatsugawa.lg.jp/soshikikarasagasu/kankyocenter/1/1/gomi/7762.html,2026-04-17,,2026-08-13,False
naka-398,nakatsugawa,中津川市,電気あんか,燃えないごみ,電気コードは切って、硬質ごみ。,,中津川市 ごみの出し方ガイドブック,https://www.city.nakatsugawa.lg.jp/material/files/group/56/guidebook1.pdf,20,https://www.city.nakatsugawa.lg.jp/soshikikarasagasu/kankyocenter/1/1/gomi/7762.html,2026-04-17,,2026-08-13,False
naka-399,nakatsugawa,中津川市,電気温水器,引取りできないごみ,廃棄物処理業者、販売店などへ相談｡,,中津川市 ごみの出し方ガイドブック,https://www.city.nakatsugawa.lg.jp/material/files/group/56/guidebook1.pdf,20,https://www.city.nakatsugawa.lg.jp/soshikikarasagasu/kankyocenter/1/1/gomi/7762.html,2026-04-17,,2026-08-13,False
naka-400,nakatsugawa,中津川市,電気カーペット,引取りできないごみ,廃棄物処理業者へ相談｡分解して中の電気コード類を取り 出せば、燃えるごみ（。電気コードは硬質ごみ。）,,中津川市 ごみの出し方ガイドブック,https://www.city.nakatsugawa.lg.jp/material/files/group/56/guidebook1.pdf,20,https://www.city.nakatsugawa.lg.jp/soshikikarasagasu/kankyocenter/1/1/gomi/7762.html,2026-04-17,,2026-08-13,False
naka-401,nakatsugawa,中津川市,電気蚊取り器,燃えないごみ,電気コードは切って、硬質ごみ。,,中津川市 ごみの出し方ガイドブック,https://www.city.nakatsugawa.lg.jp/material/files/group/56/guidebook1.pdf,20,https://www.city.nakatsugawa.lg.jp/soshikikarasagasu/kankyocenter/1/1/gomi/7762.html,2026-04-17,,2026-08-13,False
naka-402,nakatsugawa,中津川市,電動カンナ,燃えないごみ,電気コードは切って、硬質ごみ。 指定袋に収まらないものは、大型ごみ。,１個,中津川市 ごみの出し方ガイドブック,https://www.city.nakatsugawa.lg.jp/material/files/group/56/guidebook1.pdf,20,https://www.city.nakatsugawa.lg.jp/soshikikarasagasu/kankyocenter/1/1/gomi/7762.html,2026-04-17,,2026-08-13,False
naka-403,nakatsugawa,中津川市,電気基盤,引取りできないごみ,テレビ・パソコンなどのリサイクル対象品の基盤は出せま せん。17・18ページ参照。,,中津川市 ごみの出し方ガイドブック,https://www.city.nakatsugawa.lg.jp/material/files/group/56/guidebook1.pdf,20,https://www.city.nakatsugawa.lg.jp/soshikikarasagasu/kankyocenter/1/1/gomi/7762.html,2026-04-17,,2026-08-13,False
naka-404,nakatsugawa,中津川市,電気コード・ケーブル,硬質ごみ,,,中津川市 ごみの出し方ガイドブック,https://www.city.nakatsugawa.lg.jp/material/files/group/56/guidebook1.pdf,20,https://www.city.nakatsugawa.lg.jp/soshikikarasagasu/kankyocenter/1/1/gomi/7762.html,2026-04-17,,2026-08-13,False
naka-405,nakatsugawa,中津川市,電気シェーバー（髭剃り）,燃えないごみ,電気コードは切って、硬質ごみ。,,中津川市 ごみの出し方ガイドブック,https://www.city.nakatsugawa.lg.jp/material/files/group/56/guidebook1.pdf,20,https://www.city.nakatsugawa.lg.jp/soshikikarasagasu/kankyocenter/1/1/gomi/7762.html,2026-04-17,,2026-08-13,False
naka-406,nakatsugawa,中津川市,電気スタンド,燃えないごみ,電気コードは切って、硬質ごみ。,,中津川市 ごみの出し方ガイドブック,https://www.city.nakatsugawa.lg.jp/material/files/group/56/guidebook1.pdf,20,https://www.city.nakatsugawa.lg.jp/soshikikarasagasu/kankyocenter/1/1/gomi/7762.html,2026-04-17,,2026-08-13,False
naka-407,nakatsugawa,中津川市,電気のこぎり,燃えないごみ,モーター部分は燃えないごみ。 刃ははずして、硬質ごみ。,,中津川市 ごみの出し方ガイドブック,https://www.city.nakatsugawa.lg.jp/material/files/group/56/guidebook1.pdf,20,https://www.city.nakatsugawa.lg.jp/soshikikarasagasu/kankyocenter/1/1/gomi/7762.html,2026-04-17,,2026-08-13,False
naka-408,nakatsugawa,中津川市,電気バリカン（髪用）,燃えないごみ,電気コードは切って、硬質ごみ。,,中津川市 ごみの出し方ガイドブック,https://www.city.nakatsugawa.lg.jp/material/files/group/56/guidebook1.pdf,20,https://www.city.nakatsugawa.lg.jp/soshikikarasagasu/kankyocenter/1/1/gomi/7762.html,2026-04-17,,2026-08-13,False
naka-409,nakatsugawa,中津川市,電気ポット,燃えないごみ,電気コードは切って、硬質ごみ。,,中津川市 ごみの出し方ガイドブック,https://www.city.nakatsugawa.lg.jp/material/files/group/56/guidebook1.pdf,20,https://www.city.nakatsugawa.lg.jp/soshikikarasagasu/kankyocenter/1/1/gomi/7762.html,2026-04-17,,2026-08-13,False
naka-410,nakatsugawa,中津川市,電気毛布,引取りできないごみ,廃棄物処理業者へ相談｡分解して中の電気コード類を取り 出せば、燃えるごみ。（電気コードは硬質ごみ。）,,中津川市 ごみの出し方ガイドブック,https://www.city.nakatsugawa.lg.jp/material/files/group/56/guidebook1.pdf,20,https://www.city.nakatsugawa.lg.jp/soshikikarasagasu/kankyocenter/1/1/gomi/7762.html,2026-04-17,,2026-08-13,False
naka-411,nakatsugawa,中津川市,電球,燃えないごみ,電球、豆電球、LED電球など。,,中津川市 ごみの出し方ガイドブック,https://www.city.nakatsugawa.lg.jp/material/files/group/56/guidebook1.pdf,20,https://www.city.nakatsugawa.lg.jp/soshikikarasagasu/kankyocenter/1/1/gomi/7762.html,2026-04-17,,2026-08-13,False
naka-412,nakatsugawa,中津川市,電球ソケット,燃えないごみ,,１台,中津川市 ごみの出し方ガイドブック,https://www.city.nakatsugawa.lg.jp/material/files/group/56/guidebook1.pdf,20,https://www.city.nakatsugawa.lg.jp/soshikikarasagasu/kankyocenter/1/1/gomi/7762.html,2026-04-17,,2026-08-13,False
naka-413,nakatsugawa,中津川市,電子ピアノ,大型ごみ,電気コードは切って、硬質ごみ｡,,中津川市 ごみの出し方ガイドブック,https://www.city.nakatsugawa.lg.jp/material/files/group/56/guidebook1.pdf,20,https://www.city.nakatsugawa.lg.jp/soshikikarasagasu/kankyocenter/1/1/gomi/7762.html,2026-04-17,,2026-08-13,False
naka-414,nakatsugawa,中津川市,電飾,硬質ごみ,イルミネーションの電飾なども切らずにコンテナへ出せる。,１個,中津川市 ごみの出し方ガイドブック,https://www.city.nakatsugawa.lg.jp/material/files/group/56/guidebook1.pdf,20,https://www.city.nakatsugawa.lg.jp/soshikikarasagasu/kankyocenter/1/1/gomi/7762.html,2026-04-17,,2026-08-13,False
naka-415,nakatsugawa,中津川市,電子レンジ,大型ごみ,電気コードは切って、硬質ごみ｡,１個,中津川市 ごみの出し方ガイドブック,https://www.city.nakatsugawa.lg.jp/material/files/group/56/guidebook1.pdf,20,https://www.city.nakatsugawa.lg.jp/soshikikarasagasu/kankyocenter/1/1/gomi/7762.html,2026-04-17,,2026-08-13,False
naka-416,nakatsugawa,中津川市,天水器,大型ごみ,最大サイズ【140cm×90cm×200cm】を超えるもの は、引取り不可。,１個,中津川市 ごみの出し方ガイドブック,https://www.city.nakatsugawa.lg.jp/material/files/group/56/guidebook1.pdf,20,https://www.city.nakatsugawa.lg.jp/soshikikarasagasu/kankyocenter/1/1/gomi/7762.html,2026-04-17,,2026-08-13,False
naka-417,nakatsugawa,中津川市,天体望遠鏡,燃えないごみ,指定袋に収まらないものは、大型ごみ。,,中津川市 ごみの出し方ガイドブック,https://www.city.nakatsugawa.lg.jp/material/files/group/56/guidebook1.pdf,20,https://www.city.nakatsugawa.lg.jp/soshikikarasagasu/kankyocenter/1/1/gomi/7762.html,2026-04-17,,2026-08-13,False
naka-418,nakatsugawa,中津川市,電卓・計算機,燃えないごみ,電池を使用しているものは、電池ははずして、有害ごみ｡,,中津川市 ごみの出し方ガイドブック,https://www.city.nakatsugawa.lg.jp/material/files/group/56/guidebook1.pdf,20,https://www.city.nakatsugawa.lg.jp/soshikikarasagasu/kankyocenter/1/1/gomi/7762.html,2026-04-17,,2026-08-13,False
naka-419,nakatsugawa,中津川市,電池,有害ごみ,「乾電池」を参照。,,中津川市 ごみの出し方ガイドブック,https://www.city.nakatsugawa.lg.jp/material/files/group/56/guidebook1.pdf,20,https://www.city.nakatsugawa.lg.jp/soshikikarasagasu/kankyocenter/1/1/gomi/7762.html,2026-04-17,,2026-08-13,False
naka-420,nakatsugawa,中津川市,電動工具類,燃えないごみ,大型の工具類は、引き取り不可。 廃棄物処理業者、販売店などへ相談｡,１セットを まとめて,中津川市 ごみの出し方ガイドブック,https://www.city.nakatsugawa.lg.jp/material/files/group/56/guidebook1.pdf,20,https://www.city.nakatsugawa.lg.jp/soshikikarasagasu/kankyocenter/1/1/gomi/7762.html,2026-04-17,,2026-08-13,False
naka-421,nakatsugawa,中津川市,テント （骨組み部分・金属）,燃えないごみ,指定袋に収まらないものは、大型ごみ。,１張り,中津川市 ごみの出し方ガイドブック,https://www.city.nakatsugawa.lg.jp/material/files/group/56/guidebook1.pdf,20,https://www.city.nakatsugawa.lg.jp/soshikikarasagasu/kankyocenter/1/1/gomi/7762.html,2026-04-17,,2026-08-13,False
naka-422,nakatsugawa,中津川市,テント（幌部分）,大型ごみ,40cm以下に切れば、燃えるごみ｡,,中津川市 ごみの出し方ガイドブック,https://www.city.nakatsugawa.lg.jp/material/files/group/56/guidebook1.pdf,20,https://www.city.nakatsugawa.lg.jp/soshikikarasagasu/kankyocenter/1/1/gomi/7762.html,2026-04-17,,2026-08-13,False
naka-423,nakatsugawa,中津川市,電話機,燃えないごみ,電気コードは切って、硬質ごみ｡,１枚,中津川市 ごみの出し方ガイドブック,https://www.city.nakatsugawa.lg.jp/material/files/group/56/guidebook1.pdf,20,https://www.city.nakatsugawa.lg.jp/soshikikarasagasu/kankyocenter/1/1/gomi/7762.html,2026-04-17,,2026-08-13,False
naka-424,nakatsugawa,中津川市,ドア,大型ごみ,,,中津川市 ごみの出し方ガイドブック,https://www.city.nakatsugawa.lg.jp/material/files/group/56/guidebook1.pdf,20,https://www.city.nakatsugawa.lg.jp/soshikikarasagasu/kankyocenter/1/1/gomi/7762.html,2026-04-17,,2026-08-13,False
naka-425,nakatsugawa,中津川市,ドアノブ,燃えないごみ,,,中津川市 ごみの出し方ガイドブック,https://www.city.nakatsugawa.lg.jp/material/files/group/56/guidebook1.pdf,20,https://www.city.nakatsugawa.lg.jp/soshikikarasagasu/kankyocenter/1/1/gomi/7762.html,2026-04-17,,2026-08-13,False
naka-426,nakatsugawa,中津川市,砥石,引取りできないごみ,廃棄物処理業者へ相談｡,,中津川市 ごみの出し方ガイドブック,https://www.city.nakatsugawa.lg.jp/material/files/group/56/guidebook1.pdf,20,https://www.city.nakatsugawa.lg.jp/soshikikarasagasu/kankyocenter/1/1/gomi/7762.html,2026-04-17,,2026-08-13,False
naka-427,nakatsugawa,中津川市,トイレコーナー （プラスチック製）,燃えるごみ,金属製のものは、燃えないごみ。,,中津川市 ごみの出し方ガイドブック,https://www.city.nakatsugawa.lg.jp/material/files/group/56/guidebook1.pdf,20,https://www.city.nakatsugawa.lg.jp/soshikikarasagasu/kankyocenter/1/1/gomi/7762.html,2026-04-17,,2026-08-13,False
naka-428,nakatsugawa,中津川市,陶器類（食器など）,燃えないごみ,中身の見える状態で出す。 素焼きの植木鉢は、「植木鉢」（23ページ）を参照。,１個,中津川市 ごみの出し方ガイドブック,https://www.city.nakatsugawa.lg.jp/material/files/group/56/guidebook1.pdf,20,https://www.city.nakatsugawa.lg.jp/soshikikarasagasu/kankyocenter/1/1/gomi/7762.html,2026-04-17,,2026-08-13,False
naka-429,nakatsugawa,中津川市,籐（敷物）,大型ごみ,最大サイズ【140cm×90cm×200cm】を超えるもの は、引取り不可。,１枚,中津川市 ごみの出し方ガイドブック,https://www.city.nakatsugawa.lg.jp/material/files/group/56/guidebook1.pdf,20,https://www.city.nakatsugawa.lg.jp/soshikikarasagasu/kankyocenter/1/1/gomi/7762.html,2026-04-17,,2026-08-13,False
naka-430,nakatsugawa,中津川市,唐箕,大型ごみ,手動式のもので、分解したものに限る。,１台,中津川市 ごみの出し方ガイドブック,https://www.city.nakatsugawa.lg.jp/material/files/group/56/guidebook1.pdf,20,https://www.city.nakatsugawa.lg.jp/soshikikarasagasu/kankyocenter/1/1/gomi/7762.html,2026-04-17,,2026-08-13,False
naka-431,nakatsugawa,中津川市,灯油タンク（金属）,大型ごみ,最大容量 100ℓ以下のものに限る。球形・ドラム缶・丸型 のタンクや、厚みのあるものは引取り不可。,１個,中津川市 ごみの出し方ガイドブック,https://www.city.nakatsugawa.lg.jp/material/files/group/56/guidebook1.pdf,20,https://www.city.nakatsugawa.lg.jp/soshikikarasagasu/kankyocenter/1/1/gomi/7762.html,2026-04-17,,2026-08-13,False
naka-432,nakatsugawa,中津川市,トースター,燃えないごみ,電気コードは切って、硬質ごみ。,,中津川市 ごみの出し方ガイドブック,https://www.city.nakatsugawa.lg.jp/material/files/group/56/guidebook1.pdf,20,https://www.city.nakatsugawa.lg.jp/soshikikarasagasu/kankyocenter/1/1/gomi/7762.html,2026-04-17,,2026-08-13,False
naka-433,nakatsugawa,中津川市,土管,引取りできないごみ,ビニール製のものは、引取り可。,,中津川市 ごみの出し方ガイドブック,https://www.city.nakatsugawa.lg.jp/material/files/group/56/guidebook1.pdf,21,https://www.city.nakatsugawa.lg.jp/soshikikarasagasu/kankyocenter/1/1/gomi/7762.html,2026-04-17,,2026-08-13,False
naka-434,nakatsugawa,中津川市,時計,燃えないごみ,電池ははずして、有害ごみ｡ 指定袋に収まらないものは、大型ごみ。,１個,中津川市 ごみの出し方ガイドブック,https://www.city.nakatsugawa.lg.jp/material/files/group/56/guidebook1.pdf,21,https://www.city.nakatsugawa.lg.jp/soshikikarasagasu/kankyocenter/1/1/gomi/7762.html,2026-04-17,,2026-08-13,False
naka-435,nakatsugawa,中津川市,戸棚,大型ごみ,最大サイズ【140cm×90cm×200cm】を超えるものは、 引取り不可。,１個,中津川市 ごみの出し方ガイドブック,https://www.city.nakatsugawa.lg.jp/material/files/group/56/guidebook1.pdf,21,https://www.city.nakatsugawa.lg.jp/soshikikarasagasu/kankyocenter/1/1/gomi/7762.html,2026-04-17,,2026-08-13,False
naka-436,nakatsugawa,中津川市,トタン,大型ごみ,最大サイズ【140cm×90cm×200cm】を超えるものは、 引取り不可。,１枚,中津川市 ごみの出し方ガイドブック,https://www.city.nakatsugawa.lg.jp/material/files/group/56/guidebook1.pdf,21,https://www.city.nakatsugawa.lg.jp/soshikikarasagasu/kankyocenter/1/1/gomi/7762.html,2026-04-17,,2026-08-13,False
naka-437,nakatsugawa,中津川市,トナー,資源となるごみ,店舗回収を利用。 ページプリンター用は購入した店へ問い合わせ。,,中津川市 ごみの出し方ガイドブック,https://www.city.nakatsugawa.lg.jp/material/files/group/56/guidebook1.pdf,21,https://www.city.nakatsugawa.lg.jp/soshikikarasagasu/kankyocenter/1/1/gomi/7762.html,2026-04-17,,2026-08-13,False
naka-438,nakatsugawa,中津川市,ドライバー,硬質ごみ,,,中津川市 ごみの出し方ガイドブック,https://www.city.nakatsugawa.lg.jp/material/files/group/56/guidebook1.pdf,21,https://www.city.nakatsugawa.lg.jp/soshikikarasagasu/kankyocenter/1/1/gomi/7762.html,2026-04-17,,2026-08-13,False
naka-439,nakatsugawa,中津川市,ドライヤー,燃えないごみ,電気コードは切って、硬質ごみ。,,中津川市 ごみの出し方ガイドブック,https://www.city.nakatsugawa.lg.jp/material/files/group/56/guidebook1.pdf,21,https://www.city.nakatsugawa.lg.jp/soshikikarasagasu/kankyocenter/1/1/gomi/7762.html,2026-04-17,,2026-08-13,False
naka-440,nakatsugawa,中津川市,ドラム（楽器）,大型ごみ,,１セット（分 かるようまとめる）,中津川市 ごみの出し方ガイドブック,https://www.city.nakatsugawa.lg.jp/material/files/group/56/guidebook1.pdf,21,https://www.city.nakatsugawa.lg.jp/soshikikarasagasu/kankyocenter/1/1/gomi/7762.html,2026-04-17,,2026-08-13,False
naka-441,nakatsugawa,中津川市,ドラム缶,引取りできないごみ,廃棄物処理業者、販売店などへ相談｡ お米を入れておく丸缶であれば、大型ごみで出せる。,,中津川市 ごみの出し方ガイドブック,https://www.city.nakatsugawa.lg.jp/material/files/group/56/guidebook1.pdf,21,https://www.city.nakatsugawa.lg.jp/soshikikarasagasu/kankyocenter/1/1/gomi/7762.html,2026-04-17,,2026-08-13,False
naka-442,nakatsugawa,中津川市,トランシーバー（無線機）,燃えないごみ,電気コードは切って、硬質ごみ。,,中津川市 ごみの出し方ガイドブック,https://www.city.nakatsugawa.lg.jp/material/files/group/56/guidebook1.pdf,21,https://www.city.nakatsugawa.lg.jp/soshikikarasagasu/kankyocenter/1/1/gomi/7762.html,2026-04-17,,2026-08-13,False
naka-443,nakatsugawa,中津川市,鳥籠（金属製）,燃えないごみ,木・竹・プラスチック製のものは、燃えるごみ。,,中津川市 ごみの出し方ガイドブック,https://www.city.nakatsugawa.lg.jp/material/files/group/56/guidebook1.pdf,21,https://www.city.nakatsugawa.lg.jp/soshikikarasagasu/kankyocenter/1/1/gomi/7762.html,2026-04-17,,2026-08-13,False
naka-444,nakatsugawa,中津川市,塗料,引取りできないごみ,廃棄物処理業者、販売店などへ相談｡,,中津川市 ごみの出し方ガイドブック,https://www.city.nakatsugawa.lg.jp/material/files/group/56/guidebook1.pdf,21,https://www.city.nakatsugawa.lg.jp/soshikikarasagasu/kankyocenter/1/1/gomi/7762.html,2026-04-17,,2026-08-13,False
naka-445,nakatsugawa,中津川市,トレーニング器具,燃えないごみ,指定袋に入らないものは、大型ごみ。,１個,中津川市 ごみの出し方ガイドブック,https://www.city.nakatsugawa.lg.jp/material/files/group/56/guidebook1.pdf,21,https://www.city.nakatsugawa.lg.jp/soshikikarasagasu/kankyocenter/1/1/gomi/7762.html,2026-04-17,,2026-08-13,False
naka-446,nakatsugawa,中津川市,長靴,燃えるごみ,,,中津川市 ごみの出し方ガイドブック,https://www.city.nakatsugawa.lg.jp/material/files/group/56/guidebook1.pdf,21,https://www.city.nakatsugawa.lg.jp/soshikikarasagasu/kankyocenter/1/1/gomi/7762.html,2026-04-17,,2026-08-13,False
naka-447,nakatsugawa,中津川市,流し台（簡易型）,大型ごみ,流し台単体であればだせる｡システム型（キッチンと一体になって いるもの）は引取り不可。処理業者、販売店などへ相談。,１台,中津川市 ごみの出し方ガイドブック,https://www.city.nakatsugawa.lg.jp/material/files/group/56/guidebook1.pdf,21,https://www.city.nakatsugawa.lg.jp/soshikikarasagasu/kankyocenter/1/1/gomi/7762.html,2026-04-17,,2026-08-13,False
naka-448,nakatsugawa,中津川市,ナタ,燃えないごみ,中身が見える状態で出す。刃先部分を保護して出してもよい。,,中津川市 ごみの出し方ガイドブック,https://www.city.nakatsugawa.lg.jp/material/files/group/56/guidebook1.pdf,21,https://www.city.nakatsugawa.lg.jp/soshikikarasagasu/kankyocenter/1/1/gomi/7762.html,2026-04-17,,2026-08-13,False
naka-449,nakatsugawa,中津川市,鍋,燃えないごみ,指定袋に収まらないものは、大型ごみ。,１個,中津川市 ごみの出し方ガイドブック,https://www.city.nakatsugawa.lg.jp/material/files/group/56/guidebook1.pdf,21,https://www.city.nakatsugawa.lg.jp/soshikikarasagasu/kankyocenter/1/1/gomi/7762.html,2026-04-17,,2026-08-13,False
naka-450,nakatsugawa,中津川市,生ごみ（厨芥類）,燃えるごみ,できるだけ、生ごみ処理機やコンポストを利用し自家処理 をすること｡,,中津川市 ごみの出し方ガイドブック,https://www.city.nakatsugawa.lg.jp/material/files/group/56/guidebook1.pdf,21,https://www.city.nakatsugawa.lg.jp/soshikikarasagasu/kankyocenter/1/1/gomi/7762.html,2026-04-17,,2026-08-13,False
naka-451,nakatsugawa,中津川市,生ごみ処理機,大型ごみ,外した電気コードは硬質ごみに出す｡,１個,中津川市 ごみの出し方ガイドブック,https://www.city.nakatsugawa.lg.jp/material/files/group/56/guidebook1.pdf,21,https://www.city.nakatsugawa.lg.jp/soshikikarasagasu/kankyocenter/1/1/gomi/7762.html,2026-04-17,,2026-08-13,False
naka-452,nakatsugawa,中津川市,縄,燃えるごみ,40cmを超えるものは、大型ごみ。,１巻,中津川市 ごみの出し方ガイドブック,https://www.city.nakatsugawa.lg.jp/material/files/group/56/guidebook1.pdf,21,https://www.city.nakatsugawa.lg.jp/soshikikarasagasu/kankyocenter/1/1/gomi/7762.html,2026-04-17,,2026-08-13,False
naka-453,nakatsugawa,中津川市,荷造り紐,燃えるごみ,40cm以下に切ること。,,中津川市 ごみの出し方ガイドブック,https://www.city.nakatsugawa.lg.jp/material/files/group/56/guidebook1.pdf,21,https://www.city.nakatsugawa.lg.jp/soshikikarasagasu/kankyocenter/1/1/gomi/7762.html,2026-04-17,,2026-08-13,False
naka-454,nakatsugawa,中津川市,人形,燃えるごみ,できるだけ、人形供養に出すこと｡,,中津川市 ごみの出し方ガイドブック,https://www.city.nakatsugawa.lg.jp/material/files/group/56/guidebook1.pdf,21,https://www.city.nakatsugawa.lg.jp/soshikikarasagasu/kankyocenter/1/1/gomi/7762.html,2026-04-17,,2026-08-13,False
naka-455,nakatsugawa,中津川市,ぬいぐるみ,燃えるごみ,できるだけ、人形供養に出すこと｡,,中津川市 ごみの出し方ガイドブック,https://www.city.nakatsugawa.lg.jp/material/files/group/56/guidebook1.pdf,21,https://www.city.nakatsugawa.lg.jp/soshikikarasagasu/kankyocenter/1/1/gomi/7762.html,2026-04-17,,2026-08-13,False
naka-456,nakatsugawa,中津川市,布,燃えるごみ,40cm以下に切ること。ロール状のものは引取り不可。 ロールを解き１人で持てる重さに束ねれば、大型ごみ。,１束,中津川市 ごみの出し方ガイドブック,https://www.city.nakatsugawa.lg.jp/material/files/group/56/guidebook1.pdf,21,https://www.city.nakatsugawa.lg.jp/soshikikarasagasu/kankyocenter/1/1/gomi/7762.html,2026-04-17,,2026-08-13,False
naka-457,nakatsugawa,中津川市,ネジ類,燃えないごみ,,,中津川市 ごみの出し方ガイドブック,https://www.city.nakatsugawa.lg.jp/material/files/group/56/guidebook1.pdf,21,https://www.city.nakatsugawa.lg.jp/soshikikarasagasu/kankyocenter/1/1/gomi/7762.html,2026-04-17,,2026-08-13,False
naka-458,nakatsugawa,中津川市,ネズミ取り器,燃えないごみ,,,中津川市 ごみの出し方ガイドブック,https://www.city.nakatsugawa.lg.jp/material/files/group/56/guidebook1.pdf,21,https://www.city.nakatsugawa.lg.jp/soshikikarasagasu/kankyocenter/1/1/gomi/7762.html,2026-04-17,,2026-08-13,False
naka-459,nakatsugawa,中津川市,ネット（網）,大型ごみ,40cm以下に切れば、燃えるごみ。最大サイズ【140cm×90cm×200cm】 を超えるもの農業用のものは、引取り不可。,１枚,中津川市 ごみの出し方ガイドブック,https://www.city.nakatsugawa.lg.jp/material/files/group/56/guidebook1.pdf,21,https://www.city.nakatsugawa.lg.jp/soshikikarasagasu/kankyocenter/1/1/gomi/7762.html,2026-04-17,,2026-08-13,False
naka-460,nakatsugawa,中津川市,寝袋,燃えるごみ,40cm以下に切ること。そのままの場合は、大型ごみ。,１枚,中津川市 ごみの出し方ガイドブック,https://www.city.nakatsugawa.lg.jp/material/files/group/56/guidebook1.pdf,21,https://www.city.nakatsugawa.lg.jp/soshikikarasagasu/kankyocenter/1/1/gomi/7762.html,2026-04-17,,2026-08-13,False
naka-461,nakatsugawa,中津川市,粘土（教材用）,燃えるごみ,,,中津川市 ごみの出し方ガイドブック,https://www.city.nakatsugawa.lg.jp/material/files/group/56/guidebook1.pdf,21,https://www.city.nakatsugawa.lg.jp/soshikikarasagasu/kankyocenter/1/1/gomi/7762.html,2026-04-17,,2026-08-13,False
naka-462,nakatsugawa,中津川市,農機具類,引取りできないごみ,廃棄物処理業者、販売店、農協などへ相談｡,,中津川市 ごみの出し方ガイドブック,https://www.city.nakatsugawa.lg.jp/material/files/group/56/guidebook1.pdf,21,https://www.city.nakatsugawa.lg.jp/soshikikarasagasu/kankyocenter/1/1/gomi/7762.html,2026-04-17,,2026-08-13,False
naka-463,nakatsugawa,中津川市,農薬,引取りできないごみ,廃棄物処理業者、販売店、農協などへ相談｡,,中津川市 ごみの出し方ガイドブック,https://www.city.nakatsugawa.lg.jp/material/files/group/56/guidebook1.pdf,21,https://www.city.nakatsugawa.lg.jp/soshikikarasagasu/kankyocenter/1/1/gomi/7762.html,2026-04-17,,2026-08-13,False
naka-464,nakatsugawa,中津川市,ノートパソコン,リサイクル対象品,パソコンリサイクル対象品。18ページ参照。,,中津川市 ごみの出し方ガイドブック,https://www.city.nakatsugawa.lg.jp/material/files/group/56/guidebook1.pdf,21,https://www.city.nakatsugawa.lg.jp/soshikikarasagasu/kankyocenter/1/1/gomi/7762.html,2026-04-17,,2026-08-13,False
naka-465,nakatsugawa,中津川市,のこぎり,燃えないごみ,中身が見える状態で出す。刃先部分を保護して出してもよい。,,中津川市 ごみの出し方ガイドブック,https://www.city.nakatsugawa.lg.jp/material/files/group/56/guidebook1.pdf,21,https://www.city.nakatsugawa.lg.jp/soshikikarasagasu/kankyocenter/1/1/gomi/7762.html,2026-04-17,,2026-08-13,False
naka-466,nakatsugawa,中津川市,ハードディスク,燃えないごみ,,,中津川市 ごみの出し方ガイドブック,https://www.city.nakatsugawa.lg.jp/material/files/group/56/guidebook1.pdf,21,https://www.city.nakatsugawa.lg.jp/soshikikarasagasu/kankyocenter/1/1/gomi/7762.html,2026-04-17,,2026-08-13,False
naka-467,nakatsugawa,中津川市,バーベキューコンロ,燃えないごみ,指定袋に収まらないものは、大型ごみ。,１セットを まとめて,中津川市 ごみの出し方ガイドブック,https://www.city.nakatsugawa.lg.jp/material/files/group/56/guidebook1.pdf,21,https://www.city.nakatsugawa.lg.jp/soshikikarasagasu/kankyocenter/1/1/gomi/7762.html,2026-04-17,,2026-08-13,False
naka-468,nakatsugawa,中津川市,廃材（リフォーム）,大型ごみ,自分で作業したものに限る。 太さ10cm、長さ１m以下の木材であれば出せる。,１個,中津川市 ごみの出し方ガイドブック,https://www.city.nakatsugawa.lg.jp/material/files/group/56/guidebook1.pdf,21,https://www.city.nakatsugawa.lg.jp/soshikikarasagasu/kankyocenter/1/1/gomi/7762.html,2026-04-17,,2026-08-13,False
naka-469,nakatsugawa,中津川市,灰皿,燃えないごみ,,,中津川市 ごみの出し方ガイドブック,https://www.city.nakatsugawa.lg.jp/material/files/group/56/guidebook1.pdf,21,https://www.city.nakatsugawa.lg.jp/soshikikarasagasu/kankyocenter/1/1/gomi/7762.html,2026-04-17,,2026-08-13,False
naka-470,nakatsugawa,中津川市,パイプいす,大型ごみ,,１個,中津川市 ごみの出し方ガイドブック,https://www.city.nakatsugawa.lg.jp/material/files/group/56/guidebook1.pdf,21,https://www.city.nakatsugawa.lg.jp/soshikikarasagasu/kankyocenter/1/1/gomi/7762.html,2026-04-17,,2026-08-13,False
naka-471,nakatsugawa,中津川市,パイプ（塩ビ管）,燃えるごみ,長さ40cm以下、径８cm以下のもの。,,中津川市 ごみの出し方ガイドブック,https://www.city.nakatsugawa.lg.jp/material/files/group/56/guidebook1.pdf,21,https://www.city.nakatsugawa.lg.jp/soshikikarasagasu/kankyocenter/1/1/gomi/7762.html,2026-04-17,,2026-08-13,False
naka-472,nakatsugawa,中津川市,パイプラック,大型ごみ,パイプの状態にして硬質ごみのコンテナに入る場合は、硬質ごみ。,１個,中津川市 ごみの出し方ガイドブック,https://www.city.nakatsugawa.lg.jp/material/files/group/56/guidebook1.pdf,21,https://www.city.nakatsugawa.lg.jp/soshikikarasagasu/kankyocenter/1/1/gomi/7762.html,2026-04-17,,2026-08-13,False
naka-473,nakatsugawa,中津川市,廃油（自動車用など）,引取りできないごみ,ガソリン・軽油・灯油・エンジンオイル等。 廃棄物処理業者、販売店などへ相談｡,,中津川市 ごみの出し方ガイドブック,https://www.city.nakatsugawa.lg.jp/material/files/group/56/guidebook1.pdf,21,https://www.city.nakatsugawa.lg.jp/soshikikarasagasu/kankyocenter/1/1/gomi/7762.html,2026-04-17,,2026-08-13,False
naka-474,nakatsugawa,中津川市,廃油（食用油）,燃えるごみ,ボロ布にしみこませるか固めて出す｡ できるだけ、リサイクルセンターの廃油回収に出す。,,中津川市 ごみの出し方ガイドブック,https://www.city.nakatsugawa.lg.jp/material/files/group/56/guidebook1.pdf,21,https://www.city.nakatsugawa.lg.jp/soshikikarasagasu/kankyocenter/1/1/gomi/7762.html,2026-04-17,,2026-08-13,False
naka-475,nakatsugawa,中津川市,灰・焼却灰,引取りできないごみ,廃棄物処理業者へ相談｡,,中津川市 ごみの出し方ガイドブック,https://www.city.nakatsugawa.lg.jp/material/files/group/56/guidebook1.pdf,21,https://www.city.nakatsugawa.lg.jp/soshikikarasagasu/kankyocenter/1/1/gomi/7762.html,2026-04-17,,2026-08-13,False
naka-476,nakatsugawa,中津川市,はく製,燃えるごみ,40cmを超えるものは、大型ごみ。,１体,中津川市 ごみの出し方ガイドブック,https://www.city.nakatsugawa.lg.jp/material/files/group/56/guidebook1.pdf,21,https://www.city.nakatsugawa.lg.jp/soshikikarasagasu/kankyocenter/1/1/gomi/7762.html,2026-04-17,,2026-08-13,False
naka-477,nakatsugawa,中津川市,バケツ（プラスチック製）,燃えるごみ,金属製のものや金属部分は、燃えないごみ。,,中津川市 ごみの出し方ガイドブック,https://www.city.nakatsugawa.lg.jp/material/files/group/56/guidebook1.pdf,21,https://www.city.nakatsugawa.lg.jp/soshikikarasagasu/kankyocenter/1/1/gomi/7762.html,2026-04-17,,2026-08-13,False
naka-478,nakatsugawa,中津川市,箸,燃えるごみ,金属性のものは、燃えないごみ。,,中津川市 ごみの出し方ガイドブック,https://www.city.nakatsugawa.lg.jp/material/files/group/56/guidebook1.pdf,21,https://www.city.nakatsugawa.lg.jp/soshikikarasagasu/kankyocenter/1/1/gomi/7762.html,2026-04-17,,2026-08-13,False
naka-479,nakatsugawa,中津川市,梯子（はしご）,大型ごみ,140cm×200cm以下にして出す｡,１個,中津川市 ごみの出し方ガイドブック,https://www.city.nakatsugawa.lg.jp/material/files/group/56/guidebook1.pdf,21,https://www.city.nakatsugawa.lg.jp/soshikikarasagasu/kankyocenter/1/1/gomi/7762.html,2026-04-17,,2026-08-13,False
naka-480,nakatsugawa,中津川市,パソコン,リサイクル対象品,パソコンリサイクル対象品。 環境センターで引取りしていません。18ページ参照。,,中津川市 ごみの出し方ガイドブック,https://www.city.nakatsugawa.lg.jp/material/files/group/56/guidebook1.pdf,21,https://www.city.nakatsugawa.lg.jp/soshikikarasagasu/kankyocenter/1/1/gomi/7762.html,2026-04-17,,2026-08-13,False
naka-481,nakatsugawa,中津川市,パチンコ台,引取りできないごみ,廃棄物処理業者、販売店などへ相談｡,,中津川市 ごみの出し方ガイドブック,https://www.city.nakatsugawa.lg.jp/material/files/group/56/guidebook1.pdf,21,https://www.city.nakatsugawa.lg.jp/soshikikarasagasu/kankyocenter/1/1/gomi/7762.html,2026-04-17,,2026-08-13,False
naka-482,nakatsugawa,中津川市,発炎筒（使用済み）,燃えるごみ,使用済みのものに限る。未使用のものは、自動車販売店も しくは製造メーカーに相談。,,中津川市 ごみの出し方ガイドブック,https://www.city.nakatsugawa.lg.jp/material/files/group/56/guidebook1.pdf,21,https://www.city.nakatsugawa.lg.jp/soshikikarasagasu/kankyocenter/1/1/gomi/7762.html,2026-04-17,,2026-08-13,False
naka-483,nakatsugawa,中津川市,バッテリー,引取りできないごみ,廃棄物処理業者、販売店などへ相談｡,,中津川市 ごみの出し方ガイドブック,https://www.city.nakatsugawa.lg.jp/material/files/group/56/guidebook1.pdf,21,https://www.city.nakatsugawa.lg.jp/soshikikarasagasu/kankyocenter/1/1/gomi/7762.html,2026-04-17,,2026-08-13,False
naka-484,nakatsugawa,中津川市,発電機,引取りできないごみ,廃棄物処理業者、販売店などへ相談｡,,中津川市 ごみの出し方ガイドブック,https://www.city.nakatsugawa.lg.jp/material/files/group/56/guidebook1.pdf,21,https://www.city.nakatsugawa.lg.jp/soshikikarasagasu/kankyocenter/1/1/gomi/7762.html,2026-04-17,,2026-08-13,False
naka-485,nakatsugawa,中津川市,バット（木・プラスチッ ク製・スポーツ用）,燃えるごみ,40cmを超えるものや金属製のものは、大型ごみ。,１本,中津川市 ごみの出し方ガイドブック,https://www.city.nakatsugawa.lg.jp/material/files/group/56/guidebook1.pdf,21,https://www.city.nakatsugawa.lg.jp/soshikikarasagasu/kankyocenter/1/1/gomi/7762.html,2026-04-17,,2026-08-13,False
naka-486,nakatsugawa,中津川市,バット（調理用）,燃えないごみ,プラスチック製のもで40cm以下に切れば、燃えるごみ。 指定袋に収まらないものは、大型ごみ。,５枚まで 束ねて,中津川市 ごみの出し方ガイドブック,https://www.city.nakatsugawa.lg.jp/material/files/group/56/guidebook1.pdf,21,https://www.city.nakatsugawa.lg.jp/soshikikarasagasu/kankyocenter/1/1/gomi/7762.html,2026-04-17,,2026-08-13,False
naka-487,nakatsugawa,中津川市,発砲スチロール,資源となるごみ,汚れているもので40cm以下であれば、燃えるごみ。 汚れているもので40cmを超えるものは、大型ごみ。,１個,中津川市 ごみの出し方ガイドブック,https://www.city.nakatsugawa.lg.jp/material/files/group/56/guidebook1.pdf,22,https://www.city.nakatsugawa.lg.jp/soshikikarasagasu/kankyocenter/1/1/gomi/7762.html,2026-04-17,,2026-08-13,False
naka-488,nakatsugawa,中津川市,花火,燃えるごみ,使用済みのものに限る。 未使用のものは火災の原因となるため、引取り不可。,,中津川市 ごみの出し方ガイドブック,https://www.city.nakatsugawa.lg.jp/material/files/group/56/guidebook1.pdf,22,https://www.city.nakatsugawa.lg.jp/soshikikarasagasu/kankyocenter/1/1/gomi/7762.html,2026-04-17,,2026-08-13,False
naka-489,nakatsugawa,中津川市,歯磨きチューブ,燃えるごみ,,,中津川市 ごみの出し方ガイドブック,https://www.city.nakatsugawa.lg.jp/material/files/group/56/guidebook1.pdf,22,https://www.city.nakatsugawa.lg.jp/soshikikarasagasu/kankyocenter/1/1/gomi/7762.html,2026-04-17,,2026-08-13,False
naka-490,nakatsugawa,中津川市,刃物類（包丁、ナイフ、 はさみなど）,燃えないごみ,中身が見える状態で出す。刃先部分を紙などで保護して出 してもよい。,,中津川市 ごみの出し方ガイドブック,https://www.city.nakatsugawa.lg.jp/material/files/group/56/guidebook1.pdf,22,https://www.city.nakatsugawa.lg.jp/soshikikarasagasu/kankyocenter/1/1/gomi/7762.html,2026-04-17,,2026-08-13,False
naka-491,nakatsugawa,中津川市,パラボラアンテナ,燃えないごみ,電気コードは切って、硬質ごみ。,,中津川市 ごみの出し方ガイドブック,https://www.city.nakatsugawa.lg.jp/material/files/group/56/guidebook1.pdf,22,https://www.city.nakatsugawa.lg.jp/soshikikarasagasu/kankyocenter/1/1/gomi/7762.html,2026-04-17,,2026-08-13,False
naka-492,nakatsugawa,中津川市,針金,硬質ごみ,,,中津川市 ごみの出し方ガイドブック,https://www.city.nakatsugawa.lg.jp/material/files/group/56/guidebook1.pdf,22,https://www.city.nakatsugawa.lg.jp/soshikikarasagasu/kankyocenter/1/1/gomi/7762.html,2026-04-17,,2026-08-13,False
naka-493,nakatsugawa,中津川市,針（裁縫用）,燃えないごみ,,,中津川市 ごみの出し方ガイドブック,https://www.city.nakatsugawa.lg.jp/material/files/group/56/guidebook1.pdf,22,https://www.city.nakatsugawa.lg.jp/soshikikarasagasu/kankyocenter/1/1/gomi/7762.html,2026-04-17,,2026-08-13,False
naka-494,nakatsugawa,中津川市,パレット(木製・塩ビ）,引取りできないごみ,廃棄物処理業者へ相談｡,,中津川市 ごみの出し方ガイドブック,https://www.city.nakatsugawa.lg.jp/material/files/group/56/guidebook1.pdf,22,https://www.city.nakatsugawa.lg.jp/soshikikarasagasu/kankyocenter/1/1/gomi/7762.html,2026-04-17,,2026-08-13,False
naka-495,nakatsugawa,中津川市,ハロゲンヒーター,大型ごみ,電源コードは根元から切断して硬質ごみに出す｡ 指定袋に収まる大きさであれば、燃えないごみ。,１台,中津川市 ごみの出し方ガイドブック,https://www.city.nakatsugawa.lg.jp/material/files/group/56/guidebook1.pdf,22,https://www.city.nakatsugawa.lg.jp/soshikikarasagasu/kankyocenter/1/1/gomi/7762.html,2026-04-17,,2026-08-13,False
naka-496,nakatsugawa,中津川市,ハンガー（金属製）,燃えないごみ,木、プラスチック製のものは、燃えるごみ。,,中津川市 ごみの出し方ガイドブック,https://www.city.nakatsugawa.lg.jp/material/files/group/56/guidebook1.pdf,22,https://www.city.nakatsugawa.lg.jp/soshikikarasagasu/kankyocenter/1/1/gomi/7762.html,2026-04-17,,2026-08-13,False
naka-497,nakatsugawa,中津川市,はんだ,燃えないごみ,,,中津川市 ごみの出し方ガイドブック,https://www.city.nakatsugawa.lg.jp/material/files/group/56/guidebook1.pdf,22,https://www.city.nakatsugawa.lg.jp/soshikikarasagasu/kankyocenter/1/1/gomi/7762.html,2026-04-17,,2026-08-13,False
naka-498,nakatsugawa,中津川市,はんだごて,燃えないごみ,電気コードは切って、硬質ごみ。,,中津川市 ごみの出し方ガイドブック,https://www.city.nakatsugawa.lg.jp/material/files/group/56/guidebook1.pdf,22,https://www.city.nakatsugawa.lg.jp/soshikikarasagasu/kankyocenter/1/1/gomi/7762.html,2026-04-17,,2026-08-13,False
naka-499,nakatsugawa,中津川市,ハンマー,硬質ごみ,木製の柄の部分は、40cm以下に切って、燃えるごみ。,,中津川市 ごみの出し方ガイドブック,https://www.city.nakatsugawa.lg.jp/material/files/group/56/guidebook1.pdf,22,https://www.city.nakatsugawa.lg.jp/soshikikarasagasu/kankyocenter/1/1/gomi/7762.html,2026-04-17,,2026-08-13,False
naka-500,nakatsugawa,中津川市,ピアノ,引取りできないごみ,できれば、ピアノ引取り専門業者に依頼。 上記が無理な場合、廃棄物処理業者、販売店などへ相談｡,,中津川市 ごみの出し方ガイドブック,https://www.city.nakatsugawa.lg.jp/material/files/group/56/guidebook1.pdf,22,https://www.city.nakatsugawa.lg.jp/soshikikarasagasu/kankyocenter/1/1/gomi/7762.html,2026-04-17,,2026-08-13,False
naka-501,nakatsugawa,中津川市,ビー玉,燃えないごみ,,,中津川市 ごみの出し方ガイドブック,https://www.city.nakatsugawa.lg.jp/material/files/group/56/guidebook1.pdf,22,https://www.city.nakatsugawa.lg.jp/soshikikarasagasu/kankyocenter/1/1/gomi/7762.html,2026-04-17,,2026-08-13,False
naka-502,nakatsugawa,中津川市,ビーチパラソル,燃えないごみ,布地と骨は必ず分別する。40cmを超えるものは、大型ごみ。 布地ははずして40cm以下に切れば、燃えるごみ｡,１本,中津川市 ごみの出し方ガイドブック,https://www.city.nakatsugawa.lg.jp/material/files/group/56/guidebook1.pdf,22,https://www.city.nakatsugawa.lg.jp/soshikikarasagasu/kankyocenter/1/1/gomi/7762.html,2026-04-17,,2026-08-13,False
naka-503,nakatsugawa,中津川市,ひげそり（電気）,燃えないごみ,電気コードは切って、硬質ごみ。,,中津川市 ごみの出し方ガイドブック,https://www.city.nakatsugawa.lg.jp/material/files/group/56/guidebook1.pdf,22,https://www.city.nakatsugawa.lg.jp/soshikikarasagasu/kankyocenter/1/1/gomi/7762.html,2026-04-17,,2026-08-13,False
naka-504,nakatsugawa,中津川市,ビデオカメラ,燃えないごみ,電気コードは切って、硬質ごみ。,,中津川市 ごみの出し方ガイドブック,https://www.city.nakatsugawa.lg.jp/material/files/group/56/guidebook1.pdf,22,https://www.city.nakatsugawa.lg.jp/soshikikarasagasu/kankyocenter/1/1/gomi/7762.html,2026-04-17,,2026-08-13,False
naka-505,nakatsugawa,中津川市,ビデオテープ,燃えるごみ,,,中津川市 ごみの出し方ガイドブック,https://www.city.nakatsugawa.lg.jp/material/files/group/56/guidebook1.pdf,22,https://www.city.nakatsugawa.lg.jp/soshikikarasagasu/kankyocenter/1/1/gomi/7762.html,2026-04-17,,2026-08-13,False
naka-506,nakatsugawa,中津川市,ビデオデッキ,燃えないごみ,電気コードは切って、硬質ごみ。,,中津川市 ごみの出し方ガイドブック,https://www.city.nakatsugawa.lg.jp/material/files/group/56/guidebook1.pdf,22,https://www.city.nakatsugawa.lg.jp/soshikikarasagasu/kankyocenter/1/1/gomi/7762.html,2026-04-17,,2026-08-13,False
naka-507,nakatsugawa,中津川市,雛壇,大型ごみ,,１組,中津川市 ごみの出し方ガイドブック,https://www.city.nakatsugawa.lg.jp/material/files/group/56/guidebook1.pdf,22,https://www.city.nakatsugawa.lg.jp/soshikikarasagasu/kankyocenter/1/1/gomi/7762.html,2026-04-17,,2026-08-13,False
naka-508,nakatsugawa,中津川市,雛人形,燃えるごみ,,,中津川市 ごみの出し方ガイドブック,https://www.city.nakatsugawa.lg.jp/material/files/group/56/guidebook1.pdf,22,https://www.city.nakatsugawa.lg.jp/soshikikarasagasu/kankyocenter/1/1/gomi/7762.html,2026-04-17,,2026-08-13,False
naka-509,nakatsugawa,中津川市,ビニールシート （園芸用）,燃えるごみ,家庭菜園のものに限る。 ロールを解き１人で持てる重さに束ねれ ば、大型ごみ。ロール状のもの、ビニールハウス用は、引取り不可。,１束,中津川市 ごみの出し方ガイドブック,https://www.city.nakatsugawa.lg.jp/material/files/group/56/guidebook1.pdf,22,https://www.city.nakatsugawa.lg.jp/soshikikarasagasu/kankyocenter/1/1/gomi/7762.html,2026-04-17,,2026-08-13,False
naka-510,nakatsugawa,中津川市,ビニールシート （ブルーシートなど）,大型ごみ,40cm以下に切れば、燃えるごみ。,２枚まで 束ねて,中津川市 ごみの出し方ガイドブック,https://www.city.nakatsugawa.lg.jp/material/files/group/56/guidebook1.pdf,22,https://www.city.nakatsugawa.lg.jp/soshikikarasagasu/kankyocenter/1/1/gomi/7762.html,2026-04-17,,2026-08-13,False
naka-511,nakatsugawa,中津川市,火鉢,燃えないごみ,指定袋に収まらないものは、大型ごみ。,１個,中津川市 ごみの出し方ガイドブック,https://www.city.nakatsugawa.lg.jp/material/files/group/56/guidebook1.pdf,22,https://www.city.nakatsugawa.lg.jp/soshikikarasagasu/kankyocenter/1/1/gomi/7762.html,2026-04-17,,2026-08-13,False
naka-512,nakatsugawa,中津川市,肥料,引取りできないごみ,廃棄物処理業者、農協などへ相談｡,,中津川市 ごみの出し方ガイドブック,https://www.city.nakatsugawa.lg.jp/material/files/group/56/guidebook1.pdf,22,https://www.city.nakatsugawa.lg.jp/soshikikarasagasu/kankyocenter/1/1/gomi/7762.html,2026-04-17,,2026-08-13,False
naka-513,nakatsugawa,中津川市,肥料袋（農業用）,引取りできないごみ,廃棄物処理業者、販売店、農協などへ相談｡ 家庭菜園等の肥料袋程度であれば、大型ごみ。,20枚まで 束ねて,中津川市 ごみの出し方ガイドブック,https://www.city.nakatsugawa.lg.jp/material/files/group/56/guidebook1.pdf,22,https://www.city.nakatsugawa.lg.jp/soshikikarasagasu/kankyocenter/1/1/gomi/7762.html,2026-04-17,,2026-08-13,False
naka-514,nakatsugawa,中津川市,瓶類（資源となるもの）,資源ごみ,飲食物が入っていたビンに限る。きれいに洗って出す。 化粧品・油・塗料等のビンは、燃えないごみ。,,中津川市 ごみの出し方ガイドブック,https://www.city.nakatsugawa.lg.jp/material/files/group/56/guidebook1.pdf,22,https://www.city.nakatsugawa.lg.jp/soshikikarasagasu/kankyocenter/1/1/gomi/7762.html,2026-04-17,,2026-08-13,False
naka-515,nakatsugawa,中津川市,瓶類（汚れた物）,燃えないごみ,,,中津川市 ごみの出し方ガイドブック,https://www.city.nakatsugawa.lg.jp/material/files/group/56/guidebook1.pdf,22,https://www.city.nakatsugawa.lg.jp/soshikikarasagasu/kankyocenter/1/1/gomi/7762.html,2026-04-17,,2026-08-13,False
naka-516,nakatsugawa,中津川市,ファイル,燃えるごみ,金属部分ははずして、燃えないごみ｡ 金属部分が外せない場合は、燃えないごみ。,,中津川市 ごみの出し方ガイドブック,https://www.city.nakatsugawa.lg.jp/material/files/group/56/guidebook1.pdf,22,https://www.city.nakatsugawa.lg.jp/soshikikarasagasu/kankyocenter/1/1/gomi/7762.html,2026-04-17,,2026-08-13,False
naka-517,nakatsugawa,中津川市,ファックス ( 家庭用）,燃えないごみ,電気コードは切って、硬質ごみ。,,中津川市 ごみの出し方ガイドブック,https://www.city.nakatsugawa.lg.jp/material/files/group/56/guidebook1.pdf,22,https://www.city.nakatsugawa.lg.jp/soshikikarasagasu/kankyocenter/1/1/gomi/7762.html,2026-04-17,,2026-08-13,False
naka-518,nakatsugawa,中津川市,ファンシーケース （パイプ式）,燃えないごみ,指定袋に収まらないものは、大型ごみ。,１個,中津川市 ごみの出し方ガイドブック,https://www.city.nakatsugawa.lg.jp/material/files/group/56/guidebook1.pdf,22,https://www.city.nakatsugawa.lg.jp/soshikikarasagasu/kankyocenter/1/1/gomi/7762.html,2026-04-17,,2026-08-13,False
naka-519,nakatsugawa,中津川市,ファンヒーター,大型ごみ,電気コードは切って、硬質ごみ。,,中津川市 ごみの出し方ガイドブック,https://www.city.nakatsugawa.lg.jp/material/files/group/56/guidebook1.pdf,22,https://www.city.nakatsugawa.lg.jp/soshikikarasagasu/kankyocenter/1/1/gomi/7762.html,2026-04-17,,2026-08-13,False
naka-520,nakatsugawa,中津川市,フィルム（ネガ）,燃えるごみ,,,中津川市 ごみの出し方ガイドブック,https://www.city.nakatsugawa.lg.jp/material/files/group/56/guidebook1.pdf,22,https://www.city.nakatsugawa.lg.jp/soshikikarasagasu/kankyocenter/1/1/gomi/7762.html,2026-04-17,,2026-08-13,False
naka-521,nakatsugawa,中津川市,風鈴,燃えないごみ,,,中津川市 ごみの出し方ガイドブック,https://www.city.nakatsugawa.lg.jp/material/files/group/56/guidebook1.pdf,22,https://www.city.nakatsugawa.lg.jp/soshikikarasagasu/kankyocenter/1/1/gomi/7762.html,2026-04-17,,2026-08-13,False
naka-522,nakatsugawa,中津川市,フェンス,大型ごみ,最大サイズ【140cm×90cm×200cm】以下のもので家 庭用であれば、引取り可。,１個,中津川市 ごみの出し方ガイドブック,https://www.city.nakatsugawa.lg.jp/material/files/group/56/guidebook1.pdf,22,https://www.city.nakatsugawa.lg.jp/soshikikarasagasu/kankyocenter/1/1/gomi/7762.html,2026-04-17,,2026-08-13,False
naka-523,nakatsugawa,中津川市,フォーク （金属製・食事用）,燃えないごみ,木・プラスチック製のものは、燃えるごみ,,中津川市 ごみの出し方ガイドブック,https://www.city.nakatsugawa.lg.jp/material/files/group/56/guidebook1.pdf,22,https://www.city.nakatsugawa.lg.jp/soshikikarasagasu/kankyocenter/1/1/gomi/7762.html,2026-04-17,,2026-08-13,False
naka-524,nakatsugawa,中津川市,フォーク（農具）,硬質ごみ,木製の柄の部分は、40cm以下に切って、燃えるごみ。,,中津川市 ごみの出し方ガイドブック,https://www.city.nakatsugawa.lg.jp/material/files/group/56/guidebook1.pdf,22,https://www.city.nakatsugawa.lg.jp/soshikikarasagasu/kankyocenter/1/1/gomi/7762.html,2026-04-17,,2026-08-13,False
naka-525,nakatsugawa,中津川市,ふすま,大型ごみ,,１枚,中津川市 ごみの出し方ガイドブック,https://www.city.nakatsugawa.lg.jp/material/files/group/56/guidebook1.pdf,22,https://www.city.nakatsugawa.lg.jp/soshikikarasagasu/kankyocenter/1/1/gomi/7762.html,2026-04-17,,2026-08-13,False
naka-526,nakatsugawa,中津川市,蓋類（プラスチック類）,燃えるごみ,金属製のものは、燃えないごみ。,,中津川市 ごみの出し方ガイドブック,https://www.city.nakatsugawa.lg.jp/material/files/group/56/guidebook1.pdf,22,https://www.city.nakatsugawa.lg.jp/soshikikarasagasu/kankyocenter/1/1/gomi/7762.html,2026-04-17,,2026-08-13,False
naka-527,nakatsugawa,中津川市,仏壇,大型ごみ,精を抜き（お祓い・魂抜き）、可能な限り分解して出す。 環境センターへの直接持ち込みに限る。,,中津川市 ごみの出し方ガイドブック,https://www.city.nakatsugawa.lg.jp/material/files/group/56/guidebook1.pdf,22,https://www.city.nakatsugawa.lg.jp/soshikikarasagasu/kankyocenter/1/1/gomi/7762.html,2026-04-17,,2026-08-13,False
naka-528,nakatsugawa,中津川市,筆,燃えるごみ,,,中津川市 ごみの出し方ガイドブック,https://www.city.nakatsugawa.lg.jp/material/files/group/56/guidebook1.pdf,22,https://www.city.nakatsugawa.lg.jp/soshikikarasagasu/kankyocenter/1/1/gomi/7762.html,2026-04-17,,2026-08-13,False
naka-529,nakatsugawa,中津川市,布団,大型ごみ,たたんで縛って出す｡ 燃えるごみにだす場合、40cm以下に切り （わたも切る）、指定袋に切ってあることを明記。,２枚まで 束ねて,中津川市 ごみの出し方ガイドブック,https://www.city.nakatsugawa.lg.jp/material/files/group/56/guidebook1.pdf,22,https://www.city.nakatsugawa.lg.jp/soshikikarasagasu/kankyocenter/1/1/gomi/7762.html,2026-04-17,,2026-08-13,False
naka-530,nakatsugawa,中津川市,布団カバー（シーツ）,燃えるごみ,40cmを超えるものは、大型ごみ。 できる限り、リサイクルに出してください。,５枚まで 束ねて,中津川市 ごみの出し方ガイドブック,https://www.city.nakatsugawa.lg.jp/material/files/group/56/guidebook1.pdf,22,https://www.city.nakatsugawa.lg.jp/soshikikarasagasu/kankyocenter/1/1/gomi/7762.html,2026-04-17,,2026-08-13,False
naka-531,nakatsugawa,中津川市,布団乾燥機,燃えないごみ,電気コードは切って、硬質ごみ。,,中津川市 ごみの出し方ガイドブック,https://www.city.nakatsugawa.lg.jp/material/files/group/56/guidebook1.pdf,22,https://www.city.nakatsugawa.lg.jp/soshikikarasagasu/kankyocenter/1/1/gomi/7762.html,2026-04-17,,2026-08-13,False
naka-532,nakatsugawa,中津川市,布団干し,大型ごみ,,１台,中津川市 ごみの出し方ガイドブック,https://www.city.nakatsugawa.lg.jp/material/files/group/56/guidebook1.pdf,22,https://www.city.nakatsugawa.lg.jp/soshikikarasagasu/kankyocenter/1/1/gomi/7762.html,2026-04-17,,2026-08-13,False
naka-533,nakatsugawa,中津川市,フライパン,燃えないごみ,,,中津川市 ごみの出し方ガイドブック,https://www.city.nakatsugawa.lg.jp/material/files/group/56/guidebook1.pdf,22,https://www.city.nakatsugawa.lg.jp/soshikikarasagasu/kankyocenter/1/1/gomi/7762.html,2026-04-17,,2026-08-13,False
naka-534,nakatsugawa,中津川市,ブラインド,大型ごみ,指定袋に入る大きさにできれば、プラスチック製のものは 燃えるごみに、金属製のものは燃えないごみに出す｡,１枚,中津川市 ごみの出し方ガイドブック,https://www.city.nakatsugawa.lg.jp/material/files/group/56/guidebook1.pdf,22,https://www.city.nakatsugawa.lg.jp/soshikikarasagasu/kankyocenter/1/1/gomi/7762.html,2026-04-17,,2026-08-13,False
naka-535,nakatsugawa,中津川市,ぶら下がり健康器,大型ごみ,,１台,中津川市 ごみの出し方ガイドブック,https://www.city.nakatsugawa.lg.jp/material/files/group/56/guidebook1.pdf,22,https://www.city.nakatsugawa.lg.jp/soshikikarasagasu/kankyocenter/1/1/gomi/7762.html,2026-04-17,,2026-08-13,False
naka-536,nakatsugawa,中津川市,ブラシ類,燃えるごみ,金属製のものは、燃えないごみ。,,中津川市 ごみの出し方ガイドブック,https://www.city.nakatsugawa.lg.jp/material/files/group/56/guidebook1.pdf,22,https://www.city.nakatsugawa.lg.jp/soshikikarasagasu/kankyocenter/1/1/gomi/7762.html,2026-04-17,,2026-08-13,False
naka-537,nakatsugawa,中津川市,ブランコ（幼児用）,大型ごみ,,１個,中津川市 ごみの出し方ガイドブック,https://www.city.nakatsugawa.lg.jp/material/files/group/56/guidebook1.pdf,22,https://www.city.nakatsugawa.lg.jp/soshikikarasagasu/kankyocenter/1/1/gomi/7762.html,2026-04-17,,2026-08-13,False
naka-538,nakatsugawa,中津川市,プランター,燃えるごみ,40cmを超えるものは、大型ごみ。,３個まで 重ねて,中津川市 ごみの出し方ガイドブック,https://www.city.nakatsugawa.lg.jp/material/files/group/56/guidebook1.pdf,22,https://www.city.nakatsugawa.lg.jp/soshikikarasagasu/kankyocenter/1/1/gomi/7762.html,2026-04-17,,2026-08-13,False
naka-539,nakatsugawa,中津川市,プリンター（家庭用）,燃えないごみ,電気コードは切って、硬質ごみ。,,中津川市 ごみの出し方ガイドブック,https://www.city.nakatsugawa.lg.jp/material/files/group/56/guidebook1.pdf,22,https://www.city.nakatsugawa.lg.jp/soshikikarasagasu/kankyocenter/1/1/gomi/7762.html,2026-04-17,,2026-08-13,False
naka-540,nakatsugawa,中津川市,フロアーマット,燃えるごみ,40cmを超えるものは、大型ごみ。,１枚,中津川市 ごみの出し方ガイドブック,https://www.city.nakatsugawa.lg.jp/material/files/group/56/guidebook1.pdf,22,https://www.city.nakatsugawa.lg.jp/soshikikarasagasu/kankyocenter/1/1/gomi/7762.html,2026-04-17,,2026-08-13,False
naka-541,nakatsugawa,中津川市,風呂桶・風呂釜・浴槽,引取りできないごみ,廃棄物処理業者、販売店などへ相談｡,１個,中津川市 ごみの出し方ガイドブック,https://www.city.nakatsugawa.lg.jp/material/files/group/56/guidebook1.pdf,23,https://www.city.nakatsugawa.lg.jp/soshikikarasagasu/kankyocenter/1/1/gomi/7762.html,2026-04-17,,2026-08-13,False
naka-542,nakatsugawa,中津川市,プロジェクションテレビ,大型ごみ,,１個,中津川市 ごみの出し方ガイドブック,https://www.city.nakatsugawa.lg.jp/material/files/group/56/guidebook1.pdf,23,https://www.city.nakatsugawa.lg.jp/soshikikarasagasu/kankyocenter/1/1/gomi/7762.html,2026-04-17,,2026-08-13,False
naka-543,nakatsugawa,中津川市,フロッピーディスク,燃えるごみ,,,中津川市 ごみの出し方ガイドブック,https://www.city.nakatsugawa.lg.jp/material/files/group/56/guidebook1.pdf,23,https://www.city.nakatsugawa.lg.jp/soshikikarasagasu/kankyocenter/1/1/gomi/7762.html,2026-04-17,,2026-08-13,False
naka-544,nakatsugawa,中津川市,プロパンガスボンベ,引取りできないごみ,廃棄物処理業者、販売店、取扱店などに相談｡,,中津川市 ごみの出し方ガイドブック,https://www.city.nakatsugawa.lg.jp/material/files/group/56/guidebook1.pdf,23,https://www.city.nakatsugawa.lg.jp/soshikikarasagasu/kankyocenter/1/1/gomi/7762.html,2026-04-17,,2026-08-13,False
naka-545,nakatsugawa,中津川市,風呂蓋 （木・プラスチック製）,燃えるごみ,40cmを超えるものは、大型ごみ。,１枚,中津川市 ごみの出し方ガイドブック,https://www.city.nakatsugawa.lg.jp/material/files/group/56/guidebook1.pdf,23,https://www.city.nakatsugawa.lg.jp/soshikikarasagasu/kankyocenter/1/1/gomi/7762.html,2026-04-17,,2026-08-13,False
naka-546,nakatsugawa,中津川市,風呂マット,燃えるごみ,40cmを超えるものは、大型ごみ。,２枚まで 束ねて,中津川市 ごみの出し方ガイドブック,https://www.city.nakatsugawa.lg.jp/material/files/group/56/guidebook1.pdf,23,https://www.city.nakatsugawa.lg.jp/soshikikarasagasu/kankyocenter/1/1/gomi/7762.html,2026-04-17,,2026-08-13,False
naka-547,nakatsugawa,中津川市,文鎮（金属製）,硬質ごみ,石製のものは、引取り不可。,,中津川市 ごみの出し方ガイドブック,https://www.city.nakatsugawa.lg.jp/material/files/group/56/guidebook1.pdf,23,https://www.city.nakatsugawa.lg.jp/soshikikarasagasu/kankyocenter/1/1/gomi/7762.html,2026-04-17,,2026-08-13,False
naka-548,nakatsugawa,中津川市,噴霧器,引取りできないごみ,手動のもので袋に収まるものは、燃えないごみ。,,中津川市 ごみの出し方ガイドブック,https://www.city.nakatsugawa.lg.jp/material/files/group/56/guidebook1.pdf,23,https://www.city.nakatsugawa.lg.jp/soshikikarasagasu/kankyocenter/1/1/gomi/7762.html,2026-04-17,,2026-08-13,False
naka-549,nakatsugawa,中津川市,ヘアーブラシ,燃えるごみ,金属製のものは、燃えないごみ。,,中津川市 ごみの出し方ガイドブック,https://www.city.nakatsugawa.lg.jp/material/files/group/56/guidebook1.pdf,23,https://www.city.nakatsugawa.lg.jp/soshikikarasagasu/kankyocenter/1/1/gomi/7762.html,2026-04-17,,2026-08-13,False
naka-550,nakatsugawa,中津川市,ベッド,大型ごみ,ウオーターベッドは水を抜いて出すこと。 最大サイズ【140cm×90cm×200cm】を超えるものは、引取り不可。,１台,中津川市 ごみの出し方ガイドブック,https://www.city.nakatsugawa.lg.jp/material/files/group/56/guidebook1.pdf,23,https://www.city.nakatsugawa.lg.jp/soshikikarasagasu/kankyocenter/1/1/gomi/7762.html,2026-04-17,,2026-08-13,False
naka-551,nakatsugawa,中津川市,ペット砂,燃えるごみ,糞は取り除き、ビニール袋などに入れて出す｡ 商品の説明書をよく読んでから分別する。,,中津川市 ごみの出し方ガイドブック,https://www.city.nakatsugawa.lg.jp/material/files/group/56/guidebook1.pdf,23,https://www.city.nakatsugawa.lg.jp/soshikikarasagasu/kankyocenter/1/1/gomi/7762.html,2026-04-17,,2026-08-13,False
naka-552,nakatsugawa,中津川市,ペットの遺体,火葬,事前に電話での受付が必要。個別火葬は予約が必要。 観賞魚はペットであるが、燃えるごみでも引取り可。,,中津川市 ごみの出し方ガイドブック,https://www.city.nakatsugawa.lg.jp/material/files/group/56/guidebook1.pdf,23,https://www.city.nakatsugawa.lg.jp/soshikikarasagasu/kankyocenter/1/1/gomi/7762.html,2026-04-17,,2026-08-13,False
naka-553,nakatsugawa,中津川市,ペットのゲージ,大型ごみ,,１セット を束ねて,中津川市 ごみの出し方ガイドブック,https://www.city.nakatsugawa.lg.jp/material/files/group/56/guidebook1.pdf,23,https://www.city.nakatsugawa.lg.jp/soshikikarasagasu/kankyocenter/1/1/gomi/7762.html,2026-04-17,,2026-08-13,False
naka-554,nakatsugawa,中津川市,ペットの糞,燃えるごみ,ビニール袋に入れてから、指定袋へ入れる。 糞だけであれば、トイレに流す。,,中津川市 ごみの出し方ガイドブック,https://www.city.nakatsugawa.lg.jp/material/files/group/56/guidebook1.pdf,23,https://www.city.nakatsugawa.lg.jp/soshikikarasagasu/kankyocenter/1/1/gomi/7762.html,2026-04-17,,2026-08-13,False
naka-555,nakatsugawa,中津川市,ペットボトル,資源ごみ,水洗いし軽くつぶして出す｡ ふたとラベルは外して、燃えるごみ｡ 汚れが落ちないものは、燃えるごみ。,,中津川市 ごみの出し方ガイドブック,https://www.city.nakatsugawa.lg.jp/material/files/group/56/guidebook1.pdf,23,https://www.city.nakatsugawa.lg.jp/soshikikarasagasu/kankyocenter/1/1/gomi/7762.html,2026-04-17,,2026-08-13,False
naka-556,nakatsugawa,中津川市,ペットボトルの蓋（プラ製）,資源となるごみ,金属製のものは、燃えないごみ。,,中津川市 ごみの出し方ガイドブック,https://www.city.nakatsugawa.lg.jp/material/files/group/56/guidebook1.pdf,23,https://www.city.nakatsugawa.lg.jp/soshikikarasagasu/kankyocenter/1/1/gomi/7762.html,2026-04-17,,2026-08-13,False
naka-557,nakatsugawa,中津川市,ベニヤ板,大型ごみ,２ｍを超える物は出せません。,１枚,中津川市 ごみの出し方ガイドブック,https://www.city.nakatsugawa.lg.jp/material/files/group/56/guidebook1.pdf,23,https://www.city.nakatsugawa.lg.jp/soshikikarasagasu/kankyocenter/1/1/gomi/7762.html,2026-04-17,,2026-08-13,False
naka-558,nakatsugawa,中津川市,ベビー椅子,大型ごみ,プラスチック製で40cm以下に切れば、燃えるごみ。 金属製のもので袋に収まるものは、燃えないごみ。,１個,中津川市 ごみの出し方ガイドブック,https://www.city.nakatsugawa.lg.jp/material/files/group/56/guidebook1.pdf,23,https://www.city.nakatsugawa.lg.jp/soshikikarasagasu/kankyocenter/1/1/gomi/7762.html,2026-04-17,,2026-08-13,False
naka-559,nakatsugawa,中津川市,ベビーカー,大型ごみ,「乳母車」（23ページ）を参照。,１個,中津川市 ごみの出し方ガイドブック,https://www.city.nakatsugawa.lg.jp/material/files/group/56/guidebook1.pdf,23,https://www.city.nakatsugawa.lg.jp/soshikikarasagasu/kankyocenter/1/1/gomi/7762.html,2026-04-17,,2026-08-13,False
naka-560,nakatsugawa,中津川市,便槽,引取りできないごみ,廃棄物処理業者、販売店などへ相談｡,,中津川市 ごみの出し方ガイドブック,https://www.city.nakatsugawa.lg.jp/material/files/group/56/guidebook1.pdf,23,https://www.city.nakatsugawa.lg.jp/soshikikarasagasu/kankyocenter/1/1/gomi/7762.html,2026-04-17,,2026-08-13,False
naka-561,nakatsugawa,中津川市,ベビーバス,大型ごみ,プラスチック製で40cm以下に切れば、燃えるごみ。,１個,中津川市 ごみの出し方ガイドブック,https://www.city.nakatsugawa.lg.jp/material/files/group/56/guidebook1.pdf,23,https://www.city.nakatsugawa.lg.jp/soshikikarasagasu/kankyocenter/1/1/gomi/7762.html,2026-04-17,,2026-08-13,False
naka-562,nakatsugawa,中津川市,ベビー布団,大型ごみ,たたんで縛って出す｡一片が40cm以上の物は大型ごみとして出す｡40cm以下切れば、 燃えるごみ（わたも切る）。燃えるごみにだす場合、指定袋に切ってあることを明記する。,２枚まで 束ねて,中津川市 ごみの出し方ガイドブック,https://www.city.nakatsugawa.lg.jp/material/files/group/56/guidebook1.pdf,23,https://www.city.nakatsugawa.lg.jp/soshikikarasagasu/kankyocenter/1/1/gomi/7762.html,2026-04-17,,2026-08-13,False
naka-563,nakatsugawa,中津川市,ベルト（被服用）,燃えるごみ,40cm以下に切ること。 金属部分ははずして、燃えないごみ｡,,中津川市 ごみの出し方ガイドブック,https://www.city.nakatsugawa.lg.jp/material/files/group/56/guidebook1.pdf,23,https://www.city.nakatsugawa.lg.jp/soshikikarasagasu/kankyocenter/1/1/gomi/7762.html,2026-04-17,,2026-08-13,False
naka-564,nakatsugawa,中津川市,ヘルメット,燃えるごみ,フルフェイスは、燃えないごみ。,,中津川市 ごみの出し方ガイドブック,https://www.city.nakatsugawa.lg.jp/material/files/group/56/guidebook1.pdf,23,https://www.city.nakatsugawa.lg.jp/soshikikarasagasu/kankyocenter/1/1/gomi/7762.html,2026-04-17,,2026-08-13,False
naka-565,nakatsugawa,中津川市,便器,引取りできないごみ,廃棄物処理業者、販売店などへ相談｡きれいに洗い、細かく 砕いて便器とわからなければ、燃えないごみで引取り可。,,中津川市 ごみの出し方ガイドブック,https://www.city.nakatsugawa.lg.jp/material/files/group/56/guidebook1.pdf,23,https://www.city.nakatsugawa.lg.jp/soshikikarasagasu/kankyocenter/1/1/gomi/7762.html,2026-04-17,,2026-08-13,False
naka-566,nakatsugawa,中津川市,ペンキ,引取りできないごみ,廃棄物処理業者、販売店などへ相談｡少量であれば、布に 少しづつ染み込ませて完全に乾かしてから、燃えるごみ。,,中津川市 ごみの出し方ガイドブック,https://www.city.nakatsugawa.lg.jp/material/files/group/56/guidebook1.pdf,23,https://www.city.nakatsugawa.lg.jp/soshikikarasagasu/kankyocenter/1/1/gomi/7762.html,2026-04-17,,2026-08-13,False
naka-567,nakatsugawa,中津川市,便座,燃えるごみ,洗浄機能付きは、燃えないごみ。 電気コードは切って、硬質ごみ。,,中津川市 ごみの出し方ガイドブック,https://www.city.nakatsugawa.lg.jp/material/files/group/56/guidebook1.pdf,23,https://www.city.nakatsugawa.lg.jp/soshikikarasagasu/kankyocenter/1/1/gomi/7762.html,2026-04-17,,2026-08-13,False
naka-568,nakatsugawa,中津川市,ペンチ,硬質ごみ,,,中津川市 ごみの出し方ガイドブック,https://www.city.nakatsugawa.lg.jp/material/files/group/56/guidebook1.pdf,23,https://www.city.nakatsugawa.lg.jp/soshikikarasagasu/kankyocenter/1/1/gomi/7762.html,2026-04-17,,2026-08-13,False
naka-569,nakatsugawa,中津川市,ボイラー,引取りできないごみ,廃棄物処理業者、販売店などへ相談｡,,中津川市 ごみの出し方ガイドブック,https://www.city.nakatsugawa.lg.jp/material/files/group/56/guidebook1.pdf,23,https://www.city.nakatsugawa.lg.jp/soshikikarasagasu/kankyocenter/1/1/gomi/7762.html,2026-04-17,,2026-08-13,False
naka-570,nakatsugawa,中津川市,ホイールキャップ,燃えるごみ,金属部分は外す。,,中津川市 ごみの出し方ガイドブック,https://www.city.nakatsugawa.lg.jp/material/files/group/56/guidebook1.pdf,23,https://www.city.nakatsugawa.lg.jp/soshikikarasagasu/kankyocenter/1/1/gomi/7762.html,2026-04-17,,2026-08-13,False
naka-571,nakatsugawa,中津川市,ほうき,燃えるごみ,40cmを超えるものは、大型ごみ。,２本まで 束ねて,中津川市 ごみの出し方ガイドブック,https://www.city.nakatsugawa.lg.jp/material/files/group/56/guidebook1.pdf,23,https://www.city.nakatsugawa.lg.jp/soshikikarasagasu/kankyocenter/1/1/gomi/7762.html,2026-04-17,,2026-08-13,False
naka-572,nakatsugawa,中津川市,帽子,燃えるごみ,２ｍくらいに切って束ねる。,１束,中津川市 ごみの出し方ガイドブック,https://www.city.nakatsugawa.lg.jp/material/files/group/56/guidebook1.pdf,23,https://www.city.nakatsugawa.lg.jp/soshikikarasagasu/kankyocenter/1/1/gomi/7762.html,2026-04-17,,2026-08-13,False
naka-573,nakatsugawa,中津川市,防草シート,大型ごみ,電気コードは切って、硬質ごみ。,,中津川市 ごみの出し方ガイドブック,https://www.city.nakatsugawa.lg.jp/material/files/group/56/guidebook1.pdf,23,https://www.city.nakatsugawa.lg.jp/soshikikarasagasu/kankyocenter/1/1/gomi/7762.html,2026-04-17,,2026-08-13,False
naka-574,nakatsugawa,中津川市,包丁研ぎ器,燃えないごみ,プラスチック製のものは、燃えるごみ｡,,中津川市 ごみの出し方ガイドブック,https://www.city.nakatsugawa.lg.jp/material/files/group/56/guidebook1.pdf,23,https://www.city.nakatsugawa.lg.jp/soshikikarasagasu/kankyocenter/1/1/gomi/7762.html,2026-04-17,,2026-08-13,False
naka-575,nakatsugawa,中津川市,ボウル（金属製・ガ ラス製）調理用,燃えないごみ,40cmを超えるものは、大型ごみ。,１本,中津川市 ごみの出し方ガイドブック,https://www.city.nakatsugawa.lg.jp/material/files/group/56/guidebook1.pdf,23,https://www.city.nakatsugawa.lg.jp/soshikikarasagasu/kankyocenter/1/1/gomi/7762.html,2026-04-17,,2026-08-13,False
naka-576,nakatsugawa,中津川市,ホース,燃えるごみ,40cmを超えるものは、大型ごみ。 金属製のものは、燃えないごみ。,１個,中津川市 ごみの出し方ガイドブック,https://www.city.nakatsugawa.lg.jp/material/files/group/56/guidebook1.pdf,23,https://www.city.nakatsugawa.lg.jp/soshikikarasagasu/kankyocenter/1/1/gomi/7762.html,2026-04-17,,2026-08-13,False
naka-577,nakatsugawa,中津川市,ホースリール （プラスチック）,燃えるごみ,中を空にし、きれいに洗って出す。,,中津川市 ごみの出し方ガイドブック,https://www.city.nakatsugawa.lg.jp/material/files/group/56/guidebook1.pdf,23,https://www.city.nakatsugawa.lg.jp/soshikikarasagasu/kankyocenter/1/1/gomi/7762.html,2026-04-17,,2026-08-13,False
naka-578,nakatsugawa,中津川市,ポータブルトイレ,大型ごみ,切断した電気コードは硬質ごみに出す｡,１個,中津川市 ごみの出し方ガイドブック,https://www.city.nakatsugawa.lg.jp/material/files/group/56/guidebook1.pdf,23,https://www.city.nakatsugawa.lg.jp/soshikikarasagasu/kankyocenter/1/1/gomi/7762.html,2026-04-17,,2026-08-13,False
naka-579,nakatsugawa,中津川市,ホームベーカリー,大型ごみ,金属製のものや金属部分は、燃えないごみ。,,中津川市 ごみの出し方ガイドブック,https://www.city.nakatsugawa.lg.jp/material/files/group/56/guidebook1.pdf,23,https://www.city.nakatsugawa.lg.jp/soshikikarasagasu/kankyocenter/1/1/gomi/7762.html,2026-04-17,,2026-08-13,False
naka-580,nakatsugawa,中津川市,ボールペン,燃えるごみ,ボーリングの球は、引取り不可。,,中津川市 ごみの出し方ガイドブック,https://www.city.nakatsugawa.lg.jp/material/files/group/56/guidebook1.pdf,23,https://www.city.nakatsugawa.lg.jp/soshikikarasagasu/kankyocenter/1/1/gomi/7762.html,2026-04-17,,2026-08-13,False
naka-581,nakatsugawa,中津川市,ボール類（スポーツ用品）,燃えるごみ,「冷温庫」であれば、家電リサイクル対象品。電気コードは 切って、硬質ごみ。指定袋に収まらないものは、大型ごみ。,１台,中津川市 ごみの出し方ガイドブック,https://www.city.nakatsugawa.lg.jp/material/files/group/56/guidebook1.pdf,23,https://www.city.nakatsugawa.lg.jp/soshikikarasagasu/kankyocenter/1/1/gomi/7762.html,2026-04-17,,2026-08-13,False
naka-582,nakatsugawa,中津川市,保温庫,燃えないごみ,指定袋に収まらないものは、大型ごみ。,１台,中津川市 ごみの出し方ガイドブック,https://www.city.nakatsugawa.lg.jp/material/files/group/56/guidebook1.pdf,23,https://www.city.nakatsugawa.lg.jp/soshikikarasagasu/kankyocenter/1/1/gomi/7762.html,2026-04-17,,2026-08-13,False
naka-583,nakatsugawa,中津川市,歩行器（幼児用）,燃えないごみ,,,中津川市 ごみの出し方ガイドブック,https://www.city.nakatsugawa.lg.jp/material/files/group/56/guidebook1.pdf,23,https://www.city.nakatsugawa.lg.jp/soshikikarasagasu/kankyocenter/1/1/gomi/7762.html,2026-04-17,,2026-08-13,False
naka-584,nakatsugawa,中津川市,ホットカーペット,引取りできないごみ,廃棄物処理業者へ相談｡分解して中の電気コード類を取り 出せば、燃えるごみ。（電気コードは硬質ごみ。）,,中津川市 ごみの出し方ガイドブック,https://www.city.nakatsugawa.lg.jp/material/files/group/56/guidebook1.pdf,23,https://www.city.nakatsugawa.lg.jp/soshikikarasagasu/kankyocenter/1/1/gomi/7762.html,2026-04-17,,2026-08-13,False
naka-585,nakatsugawa,中津川市,ホットプレート,燃えないごみ,電気コードは切って、硬質ごみ。,,中津川市 ごみの出し方ガイドブック,https://www.city.nakatsugawa.lg.jp/material/files/group/56/guidebook1.pdf,23,https://www.city.nakatsugawa.lg.jp/soshikikarasagasu/kankyocenter/1/1/gomi/7762.html,2026-04-17,,2026-08-13,False
naka-586,nakatsugawa,中津川市,ホットボックス,燃えないごみ,「冷温庫」であれば、家電リサイクル対象品。電気コードは 切って、硬質ごみ。指定袋に収まらないものは、大型ごみ。,１個,中津川市 ごみの出し方ガイドブック,https://www.city.nakatsugawa.lg.jp/material/files/group/56/guidebook1.pdf,23,https://www.city.nakatsugawa.lg.jp/soshikikarasagasu/kankyocenter/1/1/gomi/7762.html,2026-04-17,,2026-08-13,False
naka-587,nakatsugawa,中津川市,ポット・魔法瓶,燃えないごみ,,,中津川市 ごみの出し方ガイドブック,https://www.city.nakatsugawa.lg.jp/material/files/group/56/guidebook1.pdf,23,https://www.city.nakatsugawa.lg.jp/soshikikarasagasu/kankyocenter/1/1/gomi/7762.html,2026-04-17,,2026-08-13,False
naka-588,nakatsugawa,中津川市,哺乳瓶（プラスチック製）,燃えるごみ,ガラス製のものは、燃えないごみ。,,中津川市 ごみの出し方ガイドブック,https://www.city.nakatsugawa.lg.jp/material/files/group/56/guidebook1.pdf,23,https://www.city.nakatsugawa.lg.jp/soshikikarasagasu/kankyocenter/1/1/gomi/7762.html,2026-04-17,,2026-08-13,False
naka-589,nakatsugawa,中津川市,ポリカーボネート樹脂板,大型ごみ,,１枚,中津川市 ごみの出し方ガイドブック,https://www.city.nakatsugawa.lg.jp/material/files/group/56/guidebook1.pdf,23,https://www.city.nakatsugawa.lg.jp/soshikikarasagasu/kankyocenter/1/1/gomi/7762.html,2026-04-17,,2026-08-13,False
naka-590,nakatsugawa,中津川市,ポリタンク,燃えるごみ,中身を完全に抜き、ふたを外して出す｡,,中津川市 ごみの出し方ガイドブック,https://www.city.nakatsugawa.lg.jp/material/files/group/56/guidebook1.pdf,23,https://www.city.nakatsugawa.lg.jp/soshikikarasagasu/kankyocenter/1/1/gomi/7762.html,2026-04-17,,2026-08-13,False
naka-591,nakatsugawa,中津川市,保冷庫,リサイクル対象品,家電リサイクル対象品。17ページ参照。,,中津川市 ごみの出し方ガイドブック,https://www.city.nakatsugawa.lg.jp/material/files/group/56/guidebook1.pdf,23,https://www.city.nakatsugawa.lg.jp/soshikikarasagasu/kankyocenter/1/1/gomi/7762.html,2026-04-17,,2026-08-13,False
naka-592,nakatsugawa,中津川市,保冷剤,燃えるごみ,頭部を冷やせるくらいの大きさまで、引取り可。,,中津川市 ごみの出し方ガイドブック,https://www.city.nakatsugawa.lg.jp/material/files/group/56/guidebook1.pdf,23,https://www.city.nakatsugawa.lg.jp/soshikikarasagasu/kankyocenter/1/1/gomi/7762.html,2026-04-17,,2026-08-13,False
naka-593,nakatsugawa,中津川市,本、雑誌,資源となるごみ,リサイクルＢＯＸ、学校等の資源回収へ出す｡,,中津川市 ごみの出し方ガイドブック,https://www.city.nakatsugawa.lg.jp/material/files/group/56/guidebook1.pdf,23,https://www.city.nakatsugawa.lg.jp/soshikikarasagasu/kankyocenter/1/1/gomi/7762.html,2026-04-17,,2026-08-13,False
naka-594,nakatsugawa,中津川市,本棚,大型ごみ,,１個,中津川市 ごみの出し方ガイドブック,https://www.city.nakatsugawa.lg.jp/material/files/group/56/guidebook1.pdf,23,https://www.city.nakatsugawa.lg.jp/soshikikarasagasu/kankyocenter/1/1/gomi/7762.html,2026-04-17,,2026-08-13,False
naka-595,nakatsugawa,中津川市,ポンプ類,大型ごみ,水槽用や風呂水用の小さなものであれば、燃えないごみ（電 気コードは切って、硬質ごみ。）,１台,中津川市 ごみの出し方ガイドブック,https://www.city.nakatsugawa.lg.jp/material/files/group/56/guidebook1.pdf,24,https://www.city.nakatsugawa.lg.jp/soshikikarasagasu/kankyocenter/1/1/gomi/7762.html,2026-04-17,,2026-08-13,False
naka-596,nakatsugawa,中津川市,麻雀パイ （プラスチック製）,燃えるごみ,,,中津川市 ごみの出し方ガイドブック,https://www.city.nakatsugawa.lg.jp/material/files/group/56/guidebook1.pdf,24,https://www.city.nakatsugawa.lg.jp/soshikikarasagasu/kankyocenter/1/1/gomi/7762.html,2026-04-17,,2026-08-13,False
naka-597,nakatsugawa,中津川市,マイクロホン,燃えないごみ,電気コードは切って、硬質ごみ。,,中津川市 ごみの出し方ガイドブック,https://www.city.nakatsugawa.lg.jp/material/files/group/56/guidebook1.pdf,24,https://www.city.nakatsugawa.lg.jp/soshikikarasagasu/kankyocenter/1/1/gomi/7762.html,2026-04-17,,2026-08-13,False
naka-598,nakatsugawa,中津川市,マグネット,燃えないごみ,,,中津川市 ごみの出し方ガイドブック,https://www.city.nakatsugawa.lg.jp/material/files/group/56/guidebook1.pdf,24,https://www.city.nakatsugawa.lg.jp/soshikikarasagasu/kankyocenter/1/1/gomi/7762.html,2026-04-17,,2026-08-13,False
naka-599,nakatsugawa,中津川市,枕,燃えるごみ,40cmを超えるものは、大型ごみ。,２個まで まとめて,中津川市 ごみの出し方ガイドブック,https://www.city.nakatsugawa.lg.jp/material/files/group/56/guidebook1.pdf,24,https://www.city.nakatsugawa.lg.jp/soshikikarasagasu/kankyocenter/1/1/gomi/7762.html,2026-04-17,,2026-08-13,False
naka-600,nakatsugawa,中津川市,マジックインク,燃えるごみ,,,中津川市 ごみの出し方ガイドブック,https://www.city.nakatsugawa.lg.jp/material/files/group/56/guidebook1.pdf,24,https://www.city.nakatsugawa.lg.jp/soshikikarasagasu/kankyocenter/1/1/gomi/7762.html,2026-04-17,,2026-08-13,False
naka-601,nakatsugawa,中津川市,マジックペン,燃えるごみ,ガラス・金属部分は、燃えないごみ。,,中津川市 ごみの出し方ガイドブック,https://www.city.nakatsugawa.lg.jp/material/files/group/56/guidebook1.pdf,24,https://www.city.nakatsugawa.lg.jp/soshikikarasagasu/kankyocenter/1/1/gomi/7762.html,2026-04-17,,2026-08-13,False
naka-602,nakatsugawa,中津川市,マッサージ器,燃えないごみ,電気コードは切って、硬質ごみ。 指定袋に収まらないものは、大型ごみ。,１台,中津川市 ごみの出し方ガイドブック,https://www.city.nakatsugawa.lg.jp/material/files/group/56/guidebook1.pdf,24,https://www.city.nakatsugawa.lg.jp/soshikikarasagasu/kankyocenter/1/1/gomi/7762.html,2026-04-17,,2026-08-13,False
naka-603,nakatsugawa,中津川市,マッサージチェア,大型ごみ,電気コードは切断して硬質ごみに出す｡,１台,中津川市 ごみの出し方ガイドブック,https://www.city.nakatsugawa.lg.jp/material/files/group/56/guidebook1.pdf,24,https://www.city.nakatsugawa.lg.jp/soshikikarasagasu/kankyocenter/1/1/gomi/7762.html,2026-04-17,,2026-08-13,False
naka-604,nakatsugawa,中津川市,マットレス,大型ごみ,ベットマットレスも大型ごみで出せる。学校等で使われるよう な固いマットは出せないので、購入店・廃棄物処理業者へ相談。,１枚,中津川市 ごみの出し方ガイドブック,https://www.city.nakatsugawa.lg.jp/material/files/group/56/guidebook1.pdf,24,https://www.city.nakatsugawa.lg.jp/soshikikarasagasu/kankyocenter/1/1/gomi/7762.html,2026-04-17,,2026-08-13,False
naka-605,nakatsugawa,中津川市,窓ガラス,燃えないごみ,中身が見える状態で出す。 指定袋に収まらないものは、大型ごみ。,１枚,中津川市 ごみの出し方ガイドブック,https://www.city.nakatsugawa.lg.jp/material/files/group/56/guidebook1.pdf,24,https://www.city.nakatsugawa.lg.jp/soshikikarasagasu/kankyocenter/1/1/gomi/7762.html,2026-04-17,,2026-08-13,False
naka-606,nakatsugawa,中津川市,まな板,燃えるごみ,40cmを超えるものは、大型ごみ。,２枚まで 束ねて,中津川市 ごみの出し方ガイドブック,https://www.city.nakatsugawa.lg.jp/material/files/group/56/guidebook1.pdf,24,https://www.city.nakatsugawa.lg.jp/soshikikarasagasu/kankyocenter/1/1/gomi/7762.html,2026-04-17,,2026-08-13,False
naka-607,nakatsugawa,中津川市,マニキュアのびん,燃えないごみ,中身の液体を空にしてだす。,,中津川市 ごみの出し方ガイドブック,https://www.city.nakatsugawa.lg.jp/material/files/group/56/guidebook1.pdf,24,https://www.city.nakatsugawa.lg.jp/soshikikarasagasu/kankyocenter/1/1/gomi/7762.html,2026-04-17,,2026-08-13,False
naka-608,nakatsugawa,中津川市,マネキン,大型ごみ,,１体,中津川市 ごみの出し方ガイドブック,https://www.city.nakatsugawa.lg.jp/material/files/group/56/guidebook1.pdf,24,https://www.city.nakatsugawa.lg.jp/soshikikarasagasu/kankyocenter/1/1/gomi/7762.html,2026-04-17,,2026-08-13,False
naka-609,nakatsugawa,中津川市,豆炭あんか,有害ごみ,燃えないごみの袋に入れ、有害ごみ。,,中津川市 ごみの出し方ガイドブック,https://www.city.nakatsugawa.lg.jp/material/files/group/56/guidebook1.pdf,24,https://www.city.nakatsugawa.lg.jp/soshikikarasagasu/kankyocenter/1/1/gomi/7762.html,2026-04-17,,2026-08-13,False
naka-610,nakatsugawa,中津川市,豆灰・練炭,引取りできないごみ,廃棄物処理業者、販売店などへ相談｡家庭からでたもので少 しずつであれば、燃えるごみとして引取り可。,,中津川市 ごみの出し方ガイドブック,https://www.city.nakatsugawa.lg.jp/material/files/group/56/guidebook1.pdf,24,https://www.city.nakatsugawa.lg.jp/soshikikarasagasu/kankyocenter/1/1/gomi/7762.html,2026-04-17,,2026-08-13,False
naka-611,nakatsugawa,中津川市,豆灰・練炭の灰,引取りできないごみ,廃棄物処理業者へ相談｡,,中津川市 ごみの出し方ガイドブック,https://www.city.nakatsugawa.lg.jp/material/files/group/56/guidebook1.pdf,24,https://www.city.nakatsugawa.lg.jp/soshikikarasagasu/kankyocenter/1/1/gomi/7762.html,2026-04-17,,2026-08-13,False
naka-612,nakatsugawa,中津川市,ミシン,燃えないごみ,電気コードは切って、硬質ごみ。 足踏みミシンなど指定袋に収まらないものは、大型ごみ。,１台,中津川市 ごみの出し方ガイドブック,https://www.city.nakatsugawa.lg.jp/material/files/group/56/guidebook1.pdf,24,https://www.city.nakatsugawa.lg.jp/soshikikarasagasu/kankyocenter/1/1/gomi/7762.html,2026-04-17,,2026-08-13,False
naka-613,nakatsugawa,中津川市,水タンク,大型ごみ,中身を空にしてもらう｡最大サイズ【140cm×90cm×200cm】 を超えるものは、引取り不可。,,中津川市 ごみの出し方ガイドブック,https://www.city.nakatsugawa.lg.jp/material/files/group/56/guidebook1.pdf,24,https://www.city.nakatsugawa.lg.jp/soshikikarasagasu/kankyocenter/1/1/gomi/7762.html,2026-04-17,,2026-08-13,False
naka-614,nakatsugawa,中津川市,ミニカー,燃えないごみ,プラスチック製のものは、燃えるごみ。,,中津川市 ごみの出し方ガイドブック,https://www.city.nakatsugawa.lg.jp/material/files/group/56/guidebook1.pdf,24,https://www.city.nakatsugawa.lg.jp/soshikikarasagasu/kankyocenter/1/1/gomi/7762.html,2026-04-17,,2026-08-13,False
naka-615,nakatsugawa,中津川市,ミニディスク（ＭＤ）,燃えるごみ,,,中津川市 ごみの出し方ガイドブック,https://www.city.nakatsugawa.lg.jp/material/files/group/56/guidebook1.pdf,24,https://www.city.nakatsugawa.lg.jp/soshikikarasagasu/kankyocenter/1/1/gomi/7762.html,2026-04-17,,2026-08-13,False
naka-616,nakatsugawa,中津川市,虫かご,燃えるごみ,金属製のものは、燃えないごみ。,,中津川市 ごみの出し方ガイドブック,https://www.city.nakatsugawa.lg.jp/material/files/group/56/guidebook1.pdf,24,https://www.city.nakatsugawa.lg.jp/soshikikarasagasu/kankyocenter/1/1/gomi/7762.html,2026-04-17,,2026-08-13,False
naka-617,nakatsugawa,中津川市,蒸し器,燃えないごみ,指定袋に収まらないものは、大型ごみ。,１セットを まとめて,中津川市 ごみの出し方ガイドブック,https://www.city.nakatsugawa.lg.jp/material/files/group/56/guidebook1.pdf,24,https://www.city.nakatsugawa.lg.jp/soshikikarasagasu/kankyocenter/1/1/gomi/7762.html,2026-04-17,,2026-08-13,False
naka-618,nakatsugawa,中津川市,虫ピン,燃えないごみ,,,中津川市 ごみの出し方ガイドブック,https://www.city.nakatsugawa.lg.jp/material/files/group/56/guidebook1.pdf,24,https://www.city.nakatsugawa.lg.jp/soshikikarasagasu/kankyocenter/1/1/gomi/7762.html,2026-04-17,,2026-08-13,False
naka-619,nakatsugawa,中津川市,虫眼鏡（天眼鏡）,燃えないごみ,,,中津川市 ごみの出し方ガイドブック,https://www.city.nakatsugawa.lg.jp/material/files/group/56/guidebook1.pdf,24,https://www.city.nakatsugawa.lg.jp/soshikikarasagasu/kankyocenter/1/1/gomi/7762.html,2026-04-17,,2026-08-13,False
naka-620,nakatsugawa,中津川市,むしろ（ござ）,大型ごみ,40cm以下であれば、燃えるごみ。,１枚,中津川市 ごみの出し方ガイドブック,https://www.city.nakatsugawa.lg.jp/material/files/group/56/guidebook1.pdf,24,https://www.city.nakatsugawa.lg.jp/soshikikarasagasu/kankyocenter/1/1/gomi/7762.html,2026-04-17,,2026-08-13,False
naka-621,nakatsugawa,中津川市,めがね,燃えないごみ,プラスチック製のものは、燃えるごみ。,,中津川市 ごみの出し方ガイドブック,https://www.city.nakatsugawa.lg.jp/material/files/group/56/guidebook1.pdf,24,https://www.city.nakatsugawa.lg.jp/soshikikarasagasu/kankyocenter/1/1/gomi/7762.html,2026-04-17,,2026-08-13,False
naka-622,nakatsugawa,中津川市,メジャー（ビニール製）,燃えるごみ,40cm以下に切ること。 金属製のものや金属部分は、燃えないごみ。,,中津川市 ごみの出し方ガイドブック,https://www.city.nakatsugawa.lg.jp/material/files/group/56/guidebook1.pdf,24,https://www.city.nakatsugawa.lg.jp/soshikikarasagasu/kankyocenter/1/1/gomi/7762.html,2026-04-17,,2026-08-13,False
naka-623,nakatsugawa,中津川市,毛布,大型ごみ,40cm以下に切れば、燃えるごみ。きれいな物で状態の良 いものは、できるだけ資源回収などのリサイクルに出す｡,３枚まで 束ねて,中津川市 ごみの出し方ガイドブック,https://www.city.nakatsugawa.lg.jp/material/files/group/56/guidebook1.pdf,24,https://www.city.nakatsugawa.lg.jp/soshikikarasagasu/kankyocenter/1/1/gomi/7762.html,2026-04-17,,2026-08-13,False
naka-624,nakatsugawa,中津川市,モーター類（電動機）,引取りできないごみ,廃棄物処理業者、販売店などへ相談｡,,中津川市 ごみの出し方ガイドブック,https://www.city.nakatsugawa.lg.jp/material/files/group/56/guidebook1.pdf,24,https://www.city.nakatsugawa.lg.jp/soshikikarasagasu/kankyocenter/1/1/gomi/7762.html,2026-04-17,,2026-08-13,False
naka-625,nakatsugawa,中津川市,木材（角材・丸太）,大型ごみ,１ｍ以下、断面径10cm以下にして出す,１個,中津川市 ごみの出し方ガイドブック,https://www.city.nakatsugawa.lg.jp/material/files/group/56/guidebook1.pdf,24,https://www.city.nakatsugawa.lg.jp/soshikikarasagasu/kankyocenter/1/1/gomi/7762.html,2026-04-17,,2026-08-13,False
naka-626,nakatsugawa,中津川市,餅つき機,大型ごみ,切断した電気コードは硬質ごみに出す｡,１個,中津川市 ごみの出し方ガイドブック,https://www.city.nakatsugawa.lg.jp/material/files/group/56/guidebook1.pdf,24,https://www.city.nakatsugawa.lg.jp/soshikikarasagasu/kankyocenter/1/1/gomi/7762.html,2026-04-17,,2026-08-13,False
naka-627,nakatsugawa,中津川市,モップの柄,大型ごみ,鉄製で厚さ3mm以上のパイプは、硬質ごみ。プラスチッ ク製・木製のものは、40cm以下に切って、燃えるごみ。,３本まで 束ねて,中津川市 ごみの出し方ガイドブック,https://www.city.nakatsugawa.lg.jp/material/files/group/56/guidebook1.pdf,24,https://www.city.nakatsugawa.lg.jp/soshikikarasagasu/kankyocenter/1/1/gomi/7762.html,2026-04-17,,2026-08-13,False
naka-628,nakatsugawa,中津川市,物置（家庭用）,大型ごみ,解体して出す｡（140cm×200cm以下にして出す｡）,１台,中津川市 ごみの出し方ガイドブック,https://www.city.nakatsugawa.lg.jp/material/files/group/56/guidebook1.pdf,24,https://www.city.nakatsugawa.lg.jp/soshikikarasagasu/kankyocenter/1/1/gomi/7762.html,2026-04-17,,2026-08-13,False
naka-629,nakatsugawa,中津川市,物干し竿（金属製）,燃えないごみ,指定袋に収まらないものは、大型ごみ。２ｍを超えるもの は、大型ごみでも引取り不可。,２本まで 束ねて,中津川市 ごみの出し方ガイドブック,https://www.city.nakatsugawa.lg.jp/material/files/group/56/guidebook1.pdf,24,https://www.city.nakatsugawa.lg.jp/soshikikarasagasu/kankyocenter/1/1/gomi/7762.html,2026-04-17,,2026-08-13,False
naka-630,nakatsugawa,中津川市,物干し竿（プラスチック）,燃えるごみ,40cm以上のものは、大型ごみ。 ２ｍを超えるものは、 大型ごみでも引取り不可。,２本まで 束ねて,中津川市 ごみの出し方ガイドブック,https://www.city.nakatsugawa.lg.jp/material/files/group/56/guidebook1.pdf,24,https://www.city.nakatsugawa.lg.jp/soshikikarasagasu/kankyocenter/1/1/gomi/7762.html,2026-04-17,,2026-08-13,False
naka-631,nakatsugawa,中津川市,物干し台,大型ごみ,コンクリート基礎部分は、処理業者へ相談｡,１個又は １セット,中津川市 ごみの出し方ガイドブック,https://www.city.nakatsugawa.lg.jp/material/files/group/56/guidebook1.pdf,24,https://www.city.nakatsugawa.lg.jp/soshikikarasagasu/kankyocenter/1/1/gomi/7762.html,2026-04-17,,2026-08-13,False
naka-632,nakatsugawa,中津川市,籾（もみ）殻,燃えるごみ,,,中津川市 ごみの出し方ガイドブック,https://www.city.nakatsugawa.lg.jp/material/files/group/56/guidebook1.pdf,24,https://www.city.nakatsugawa.lg.jp/soshikikarasagasu/kankyocenter/1/1/gomi/7762.html,2026-04-17,,2026-08-13,False
naka-633,nakatsugawa,中津川市,籾（もみ）袋,燃えるごみ,40cmを超えるものは、大型ごみ。,10枚まで 束ねて,中津川市 ごみの出し方ガイドブック,https://www.city.nakatsugawa.lg.jp/material/files/group/56/guidebook1.pdf,24,https://www.city.nakatsugawa.lg.jp/soshikikarasagasu/kankyocenter/1/1/gomi/7762.html,2026-04-17,,2026-08-13,False
naka-634,nakatsugawa,中津川市,やかん,燃えないごみ,,,中津川市 ごみの出し方ガイドブック,https://www.city.nakatsugawa.lg.jp/material/files/group/56/guidebook1.pdf,24,https://www.city.nakatsugawa.lg.jp/soshikikarasagasu/kankyocenter/1/1/gomi/7762.html,2026-04-17,,2026-08-13,False
naka-635,nakatsugawa,中津川市,薬品（農薬など）,引取りできないごみ,廃棄物処理業者、販売店、農協などへ相談｡,,中津川市 ごみの出し方ガイドブック,https://www.city.nakatsugawa.lg.jp/material/files/group/56/guidebook1.pdf,24,https://www.city.nakatsugawa.lg.jp/soshikikarasagasu/kankyocenter/1/1/gomi/7762.html,2026-04-17,,2026-08-13,False
naka-636,nakatsugawa,中津川市,薬品瓶,燃えないごみ,中身は適正に処理する。,,中津川市 ごみの出し方ガイドブック,https://www.city.nakatsugawa.lg.jp/material/files/group/56/guidebook1.pdf,24,https://www.city.nakatsugawa.lg.jp/soshikikarasagasu/kankyocenter/1/1/gomi/7762.html,2026-04-17,,2026-08-13,False
naka-637,nakatsugawa,中津川市,野菜の蔓（家庭菜園）,燃えるごみ,草や葉と同様に40cm以下に切って、燃えるごみ｡ そのままの場合は直接持ち込みに限り、大型ごみ。,,中津川市 ごみの出し方ガイドブック,https://www.city.nakatsugawa.lg.jp/material/files/group/56/guidebook1.pdf,24,https://www.city.nakatsugawa.lg.jp/soshikikarasagasu/kankyocenter/1/1/gomi/7762.html,2026-04-17,,2026-08-13,False
naka-638,nakatsugawa,中津川市,有刺鉄線,硬質ごみ,短いものは、硬質ごみ。長いものは、大型ごみ。,１巻,中津川市 ごみの出し方ガイドブック,https://www.city.nakatsugawa.lg.jp/material/files/group/56/guidebook1.pdf,24,https://www.city.nakatsugawa.lg.jp/soshikikarasagasu/kankyocenter/1/1/gomi/7762.html,2026-04-17,,2026-08-13,False
naka-639,nakatsugawa,中津川市,融雪剤,引取りできないごみ,廃棄物処理業者へ相談｡,,中津川市 ごみの出し方ガイドブック,https://www.city.nakatsugawa.lg.jp/material/files/group/56/guidebook1.pdf,24,https://www.city.nakatsugawa.lg.jp/soshikikarasagasu/kankyocenter/1/1/gomi/7762.html,2026-04-17,,2026-08-13,False
naka-640,nakatsugawa,中津川市,雪掻き（ハンドラッセル）,大型ごみ,40cm以下に切った物であれば、燃えるごみ。,１個,中津川市 ごみの出し方ガイドブック,https://www.city.nakatsugawa.lg.jp/material/files/group/56/guidebook1.pdf,24,https://www.city.nakatsugawa.lg.jp/soshikikarasagasu/kankyocenter/1/1/gomi/7762.html,2026-04-17,,2026-08-13,False
naka-641,nakatsugawa,中津川市,USB メモリー,燃えないごみ,中のデータは自身の責任で完全に消去してだす。 情報漏えいが心配な方は業者へ相談。,,中津川市 ごみの出し方ガイドブック,https://www.city.nakatsugawa.lg.jp/material/files/group/56/guidebook1.pdf,24,https://www.city.nakatsugawa.lg.jp/soshikikarasagasu/kankyocenter/1/1/gomi/7762.html,2026-04-17,,2026-08-13,False
naka-642,nakatsugawa,中津川市,湯たんぽ （プラスチック製）,燃えるごみ,金属製のものは、燃えないごみ。,,中津川市 ごみの出し方ガイドブック,https://www.city.nakatsugawa.lg.jp/material/files/group/56/guidebook1.pdf,24,https://www.city.nakatsugawa.lg.jp/soshikikarasagasu/kankyocenter/1/1/gomi/7762.html,2026-04-17,,2026-08-13,False
naka-643,nakatsugawa,中津川市,ユニットバス,引取りできないごみ,廃棄物処理業者、販売店などへ相談｡,,中津川市 ごみの出し方ガイドブック,https://www.city.nakatsugawa.lg.jp/material/files/group/56/guidebook1.pdf,24,https://www.city.nakatsugawa.lg.jp/soshikikarasagasu/kankyocenter/1/1/gomi/7762.html,2026-04-17,,2026-08-13,False
naka-644,nakatsugawa,中津川市,よしず,大型ごみ,丸めた状態で長さ１ｍ以下になるようにしてだす｡,１枚,中津川市 ごみの出し方ガイドブック,https://www.city.nakatsugawa.lg.jp/material/files/group/56/guidebook1.pdf,24,https://www.city.nakatsugawa.lg.jp/soshikikarasagasu/kankyocenter/1/1/gomi/7762.html,2026-04-17,,2026-08-13,False
naka-645,nakatsugawa,中津川市,ライター（ガスライター・ 使い捨てライター）,有害ごみ,使用済みのものに限る。,,中津川市 ごみの出し方ガイドブック,https://www.city.nakatsugawa.lg.jp/material/files/group/56/guidebook1.pdf,24,https://www.city.nakatsugawa.lg.jp/soshikikarasagasu/kankyocenter/1/1/gomi/7762.html,2026-04-17,,2026-08-13,False
naka-646,nakatsugawa,中津川市,ラグマット（竹製）,大型ごみ,二畳ぐらいならまでなら出せる。,１枚,中津川市 ごみの出し方ガイドブック,https://www.city.nakatsugawa.lg.jp/material/files/group/56/guidebook1.pdf,24,https://www.city.nakatsugawa.lg.jp/soshikikarasagasu/kankyocenter/1/1/gomi/7762.html,2026-04-17,,2026-08-13,False
naka-647,nakatsugawa,中津川市,ラケット,大型ごみ,木製のものは40cm以下に切れば、燃えるごみ｡,２本まで 束ねて,中津川市 ごみの出し方ガイドブック,https://www.city.nakatsugawa.lg.jp/material/files/group/56/guidebook1.pdf,24,https://www.city.nakatsugawa.lg.jp/soshikikarasagasu/kankyocenter/1/1/gomi/7762.html,2026-04-17,,2026-08-13,False
naka-648,nakatsugawa,中津川市,ラジオ,燃えないごみ,電気コードは切って、硬質ごみ。,,中津川市 ごみの出し方ガイドブック,https://www.city.nakatsugawa.lg.jp/material/files/group/56/guidebook1.pdf,24,https://www.city.nakatsugawa.lg.jp/soshikikarasagasu/kankyocenter/1/1/gomi/7762.html,2026-04-17,,2026-08-13,False
naka-649,nakatsugawa,中津川市,ラジカセ,燃えないごみ,電気コードは切って、硬質ごみ。 指定袋に収まらないものは、大型ごみ。,１台,中津川市 ごみの出し方ガイドブック,https://www.city.nakatsugawa.lg.jp/material/files/group/56/guidebook1.pdf,25,https://www.city.nakatsugawa.lg.jp/soshikikarasagasu/kankyocenter/1/1/gomi/7762.html,2026-04-17,,2026-08-13,False
naka-650,nakatsugawa,中津川市,ラック,大型ごみ,,１個,中津川市 ごみの出し方ガイドブック,https://www.city.nakatsugawa.lg.jp/material/files/group/56/guidebook1.pdf,25,https://www.city.nakatsugawa.lg.jp/soshikikarasagasu/kankyocenter/1/1/gomi/7762.html,2026-04-17,,2026-08-13,False
naka-651,nakatsugawa,中津川市,ラップ（食品用）,燃えるごみ,,,中津川市 ごみの出し方ガイドブック,https://www.city.nakatsugawa.lg.jp/material/files/group/56/guidebook1.pdf,25,https://www.city.nakatsugawa.lg.jp/soshikikarasagasu/kankyocenter/1/1/gomi/7762.html,2026-04-17,,2026-08-13,False
naka-652,nakatsugawa,中津川市,ラティス,大型ごみ,最大サイズ【140cm×90cm×200cm】以下の物なら引取り可。,１枚,中津川市 ごみの出し方ガイドブック,https://www.city.nakatsugawa.lg.jp/material/files/group/56/guidebook1.pdf,25,https://www.city.nakatsugawa.lg.jp/soshikikarasagasu/kankyocenter/1/1/gomi/7762.html,2026-04-17,,2026-08-13,False
naka-653,nakatsugawa,中津川市,ランドセル,燃えるごみ,金属部分ははずして、燃えないごみ｡,,中津川市 ごみの出し方ガイドブック,https://www.city.nakatsugawa.lg.jp/material/files/group/56/guidebook1.pdf,25,https://www.city.nakatsugawa.lg.jp/soshikikarasagasu/kankyocenter/1/1/gomi/7762.html,2026-04-17,,2026-08-13,False
naka-654,nakatsugawa,中津川市,ランプ,燃えないごみ,燃料は必ず抜く。,,中津川市 ごみの出し方ガイドブック,https://www.city.nakatsugawa.lg.jp/material/files/group/56/guidebook1.pdf,25,https://www.city.nakatsugawa.lg.jp/soshikikarasagasu/kankyocenter/1/1/gomi/7762.html,2026-04-17,,2026-08-13,False
naka-655,nakatsugawa,中津川市,リコーダー（笛）,燃えるごみ,,,中津川市 ごみの出し方ガイドブック,https://www.city.nakatsugawa.lg.jp/material/files/group/56/guidebook1.pdf,25,https://www.city.nakatsugawa.lg.jp/soshikikarasagasu/kankyocenter/1/1/gomi/7762.html,2026-04-17,,2026-08-13,False
naka-656,nakatsugawa,中津川市,リモコン,燃えないごみ,電池ははずして、有害ごみ｡,,中津川市 ごみの出し方ガイドブック,https://www.city.nakatsugawa.lg.jp/material/files/group/56/guidebook1.pdf,25,https://www.city.nakatsugawa.lg.jp/soshikikarasagasu/kankyocenter/1/1/gomi/7762.html,2026-04-17,,2026-08-13,False
naka-657,nakatsugawa,中津川市,ルーター,燃えないごみ,電気コードは切って、硬質ごみ。,,中津川市 ごみの出し方ガイドブック,https://www.city.nakatsugawa.lg.jp/material/files/group/56/guidebook1.pdf,25,https://www.city.nakatsugawa.lg.jp/soshikikarasagasu/kankyocenter/1/1/gomi/7762.html,2026-04-17,,2026-08-13,False
naka-658,nakatsugawa,中津川市,ルーフィング,引取りできないごみ,アスファルトのこと。廃棄物処理業者へ相談｡,,中津川市 ごみの出し方ガイドブック,https://www.city.nakatsugawa.lg.jp/material/files/group/56/guidebook1.pdf,25,https://www.city.nakatsugawa.lg.jp/soshikikarasagasu/kankyocenter/1/1/gomi/7762.html,2026-04-17,,2026-08-13,False
naka-659,nakatsugawa,中津川市,ルームランナー,大型ごみ,切断した電気コードは硬質ごみに出す｡,１個,中津川市 ごみの出し方ガイドブック,https://www.city.nakatsugawa.lg.jp/material/files/group/56/guidebook1.pdf,25,https://www.city.nakatsugawa.lg.jp/soshikikarasagasu/kankyocenter/1/1/gomi/7762.html,2026-04-17,,2026-08-13,False
naka-660,nakatsugawa,中津川市,冷水器 （ウォータークーラー）,引取りできないごみ,廃棄物処理業者、販売店などへ相談｡ 冷媒・フロンの入っていないものは、大型ごみ。,,中津川市 ごみの出し方ガイドブック,https://www.city.nakatsugawa.lg.jp/material/files/group/56/guidebook1.pdf,25,https://www.city.nakatsugawa.lg.jp/soshikikarasagasu/kankyocenter/1/1/gomi/7762.html,2026-04-17,,2026-08-13,False
naka-661,nakatsugawa,中津川市,冷蔵庫,リサイクル対象品,家電リサイクル法対象品。17ページ参照。,,中津川市 ごみの出し方ガイドブック,https://www.city.nakatsugawa.lg.jp/material/files/group/56/guidebook1.pdf,25,https://www.city.nakatsugawa.lg.jp/soshikikarasagasu/kankyocenter/1/1/gomi/7762.html,2026-04-17,,2026-08-13,False
naka-662,nakatsugawa,中津川市,冷凍庫,リサイクル対象品,家電リサイクル法対象品。17ページ参照。,,中津川市 ごみの出し方ガイドブック,https://www.city.nakatsugawa.lg.jp/material/files/group/56/guidebook1.pdf,25,https://www.city.nakatsugawa.lg.jp/soshikikarasagasu/kankyocenter/1/1/gomi/7762.html,2026-04-17,,2026-08-13,False
naka-663,nakatsugawa,中津川市,冷風機,引取りできないごみ,廃棄物処理業者、販売店などへ相談｡,,中津川市 ごみの出し方ガイドブック,https://www.city.nakatsugawa.lg.jp/material/files/group/56/guidebook1.pdf,25,https://www.city.nakatsugawa.lg.jp/soshikikarasagasu/kankyocenter/1/1/gomi/7762.html,2026-04-17,,2026-08-13,False
naka-664,nakatsugawa,中津川市,レーザーディスク,燃えるごみ,,,中津川市 ごみの出し方ガイドブック,https://www.city.nakatsugawa.lg.jp/material/files/group/56/guidebook1.pdf,25,https://www.city.nakatsugawa.lg.jp/soshikikarasagasu/kankyocenter/1/1/gomi/7762.html,2026-04-17,,2026-08-13,False
naka-665,nakatsugawa,中津川市,レコード盤,燃えるごみ,,,中津川市 ごみの出し方ガイドブック,https://www.city.nakatsugawa.lg.jp/material/files/group/56/guidebook1.pdf,25,https://www.city.nakatsugawa.lg.jp/soshikikarasagasu/kankyocenter/1/1/gomi/7762.html,2026-04-17,,2026-08-13,False
naka-666,nakatsugawa,中津川市,レジスター,引取りできないごみ,廃棄物処理業者、販売店などへ相談｡,,中津川市 ごみの出し方ガイドブック,https://www.city.nakatsugawa.lg.jp/material/files/group/56/guidebook1.pdf,25,https://www.city.nakatsugawa.lg.jp/soshikikarasagasu/kankyocenter/1/1/gomi/7762.html,2026-04-17,,2026-08-13,False
naka-667,nakatsugawa,中津川市,レンガ,引取りできないごみ,廃棄物処理業者、販売店などへ相談｡,,中津川市 ごみの出し方ガイドブック,https://www.city.nakatsugawa.lg.jp/material/files/group/56/guidebook1.pdf,25,https://www.city.nakatsugawa.lg.jp/soshikikarasagasu/kankyocenter/1/1/gomi/7762.html,2026-04-17,,2026-08-13,False
naka-668,nakatsugawa,中津川市,ろうそく,燃えるごみ,,,中津川市 ごみの出し方ガイドブック,https://www.city.nakatsugawa.lg.jp/material/files/group/56/guidebook1.pdf,25,https://www.city.nakatsugawa.lg.jp/soshikikarasagasu/kankyocenter/1/1/gomi/7762.html,2026-04-17,,2026-08-13,False
naka-669,nakatsugawa,中津川市,ロープ,燃えるごみ,40cm以下に切って出す。綱引用のロープは、引取り不可。,,中津川市 ごみの出し方ガイドブック,https://www.city.nakatsugawa.lg.jp/material/files/group/56/guidebook1.pdf,25,https://www.city.nakatsugawa.lg.jp/soshikikarasagasu/kankyocenter/1/1/gomi/7762.html,2026-04-17,,2026-08-13,False
naka-670,nakatsugawa,中津川市,ローラースケート,燃えないごみ,,,中津川市 ごみの出し方ガイドブック,https://www.city.nakatsugawa.lg.jp/material/files/group/56/guidebook1.pdf,25,https://www.city.nakatsugawa.lg.jp/soshikikarasagasu/kankyocenter/1/1/gomi/7762.html,2026-04-17,,2026-08-13,False
naka-671,nakatsugawa,中津川市,ローラーブレード,燃えないごみ,,,中津川市 ごみの出し方ガイドブック,https://www.city.nakatsugawa.lg.jp/material/files/group/56/guidebook1.pdf,25,https://www.city.nakatsugawa.lg.jp/soshikikarasagasu/kankyocenter/1/1/gomi/7762.html,2026-04-17,,2026-08-13,False
naka-672,nakatsugawa,中津川市,ロールスクリーン,大型ごみ,最大サイズ【140cm×90cm×200cm】を超えるもの は、引取り不可。,１個,中津川市 ごみの出し方ガイドブック,https://www.city.nakatsugawa.lg.jp/material/files/group/56/guidebook1.pdf,25,https://www.city.nakatsugawa.lg.jp/soshikikarasagasu/kankyocenter/1/1/gomi/7762.html,2026-04-17,,2026-08-13,False
naka-673,nakatsugawa,中津川市,ワープロ,燃えないごみ,ノートパソコンと間違うので、「ワープロ」と明記する。 電気コードは切って、硬質ごみ。,,中津川市 ごみの出し方ガイドブック,https://www.city.nakatsugawa.lg.jp/material/files/group/56/guidebook1.pdf,25,https://www.city.nakatsugawa.lg.jp/soshikikarasagasu/kankyocenter/1/1/gomi/7762.html,2026-04-17,,2026-08-13,False
naka-674,nakatsugawa,中津川市,輪ゴム,燃えるごみ,,,中津川市 ごみの出し方ガイドブック,https://www.city.nakatsugawa.lg.jp/material/files/group/56/guidebook1.pdf,25,https://www.city.nakatsugawa.lg.jp/soshikikarasagasu/kankyocenter/1/1/gomi/7762.html,2026-04-17,,2026-08-13,False
naka-675,nakatsugawa,中津川市,わた,燃えるごみ,40cm以下切ってだす。指定袋に切ってあることを明記す る。40cm以上の大きさのものは、大型ごみ。,１束,中津川市 ごみの出し方ガイドブック,https://www.city.nakatsugawa.lg.jp/material/files/group/56/guidebook1.pdf,25,https://www.city.nakatsugawa.lg.jp/soshikikarasagasu/kankyocenter/1/1/gomi/7762.html,2026-04-17,,2026-08-13,False
naka-676,nakatsugawa,中津川市,ワックス,燃えるごみ,布に少しづつ染み込ませ、完全に乾かしてから出す。,,中津川市 ごみの出し方ガイドブック,https://www.city.nakatsugawa.lg.jp/material/files/group/56/guidebook1.pdf,25,https://www.city.nakatsugawa.lg.jp/soshikikarasagasu/kankyocenter/1/1/gomi/7762.html,2026-04-17,,2026-08-13,False
naka-677,nakatsugawa,中津川市,割れた瓶・ガラス類,燃えないごみ,中身の見える状態で出す。やむをえず紙などに包む場合は、「ビ ン」「ガラス」と明記する｡指定袋に収まらないものは、大型ごみ。,１個,中津川市 ごみの出し方ガイドブック,https://www.city.nakatsugawa.lg.jp/material/files/group/56/guidebook1.pdf,25,https://www.city.nakatsugawa.lg.jp/soshikikarasagasu/kankyocenter/1/1/gomi/7762.html,2026-04-17,,2026-08-13,False
